ID,Book,PDF page,Printed page,Section,Content,Type,Classification,Severity,Frequency,Friction,Priority,Current App Path,Searchable? / tested query,Context-linked?,Table view?,Problem,Recommended minimal fix,Need ID,Solution categories,Workflows
core-tests,MÖRK BORG Bare Bones,28,28,Tests: d20 + ability versus DR; creatures unmodified,Tests: d20 + ability versus DR; creatures unmodified,Rule,RESOLVED,—,5,1,5,Reference Desk > rule:core.tests,yes: tests,no,n/a,Reviewed the source text and available mechanical output; usable via the cited route.,None.,core-tests,,Character
core-full-tests,MÖRK BORG Full Edition (Second Printing),30,26,Tests: d20 + ability versus DR; creatures unmodified,Tests: d20 + ability versus DR; creatures unmodified,Rule,RESOLVED,—,5,1,5,Reference Desk > rule:core.tests,yes: tests,no,n/a,Reviewed the source text and available mechanical output; usable via the cited route.,None.,core-tests,,Character
core-difficulty-scale,MÖRK BORG Bare Bones,28,28,Difficulty scale DR6/8/10/12/14/16/18,Difficulty scale DR6/8/10/12/14/16/18,Rule,PARTIAL,P2,4,3,12,Reference Desk > rule:core.tests,indirect: Difficulty scale DR6/8/10/12/14/16/18,no,n/a,The quick rule gives only normal DR12; the source difficulty ladder is not displayed.,Add the seven-row source DR ladder behind the Tests rule.,core-difficulty-scale,QUICK_RULE,Character
core-full-difficulty-scale,MÖRK BORG Full Edition (Second Printing),30,26,Difficulty scale DR6/8/10/12/14/16/18,Difficulty scale DR6/8/10/12/14/16/18,Rule,PARTIAL,P2,4,3,12,Reference Desk > rule:core.tests,indirect: Difficulty scale DR6/8/10/12/14/16/18,no,n/a,The quick rule gives only normal DR12; the source difficulty ladder is not displayed.,Add the seven-row source DR ladder behind the Tests rule.,core-difficulty-scale,QUICK_RULE,Character
core-ability-creation,MÖRK BORG Bare Bones,27,27,Ability conversion and classless two 4d6-drop-lowest options,Ability conversion and classless two 4d6-drop-lowest options,Rule,PARTIAL,P2,2,3,6,Campaign > Characters > New / generated ability SOURCE,indirect: Ability conversion and classless two 4d6-drop-lowest options,no,n/a,Base 3d6 conversion is implemented; classless optional 4d6-drop-lowest on two chosen abilities is absent from characterFieldRoll and creation controls. No static conversion lookup in Reference Desk.,Expose conversion and optional creation rule; do not silently select the two abilities.,core-ability-creation,QUICK_RULE; CLASS_REFERENCE,Character
core-full-ability-creation,MÖRK BORG Full Edition (Second Printing),30,26,Ability conversion and classless two 4d6-drop-lowest options,Ability conversion and classless two 4d6-drop-lowest options,Rule,PARTIAL,P2,2,3,6,Campaign > Characters > New / generated ability SOURCE,indirect: Ability conversion and classless two 4d6-drop-lowest options,no,n/a,Base 3d6 conversion is implemented; classless optional 4d6-drop-lowest on two chosen abilities is absent from characterFieldRoll and creation controls. No static conversion lookup in Reference Desk.,Expose conversion and optional creation rule; do not silently select the two abilities.,core-ability-creation,QUICK_RULE; CLASS_REFERENCE,Character
core-carrying,MÖRK BORG Bare Bones,28,28,Carrying capacity and encumbrance,Carrying capacity and encumbrance,Rule,RESOLVED,—,4,1,4,Reference Desk > rule:core.carrying,yes: carrying,no,n/a,Reviewed the source text and available mechanical output; usable via the cited route.,None.,core-carrying,,Character
core-full-carrying,MÖRK BORG Full Edition (Second Printing),31,27,Carrying capacity and encumbrance,Carrying capacity and encumbrance,Rule,RESOLVED,—,4,1,4,Reference Desk > rule:core.carrying,yes: carrying,no,n/a,Reviewed the source text and available mechanical output; usable via the cited route.,None.,core-carrying,,Character
core-initiative,MÖRK BORG Bare Bones,30,30,Group and individual initiative,Group and individual initiative,Rule,RESOLVED,—,5,1,5,Reference Desk > oracle:core.initiative / rule:core.violence,yes: Group and individual initiative,no,yes,Reviewed the source text and available mechanical output; usable via the cited route.,None.,core-initiative,,Character
core-full-initiative,MÖRK BORG Full Edition (Second Printing),33,29,Group and individual initiative,Group and individual initiative,Rule,RESOLVED,—,5,1,5,Reference Desk > oracle:core.initiative / rule:core.violence,yes: Group and individual initiative,no,yes,Reviewed the source text and available mechanical output; usable via the cited route.,None.,core-initiative,,Character
core-combat,MÖRK BORG Bare Bones,30,30,"Melee, ranged, defence and enemy action count","Melee, ranged, defence and enemy action count",Rule,RESOLVED,—,5,1,5,Reference Desk > rule:core.violence,"yes: Melee, ranged, defence and enemy action count",partial,n/a,Reviewed the source text and available mechanical output; usable via the cited route.,None.,core-combat,,Character
core-full-combat,MÖRK BORG Full Edition (Second Printing),33,29,"Melee, ranged, defence and enemy action count","Melee, ranged, defence and enemy action count",Rule,RESOLVED,—,5,1,5,Reference Desk > rule:core.violence,"yes: Melee, ranged, defence and enemy action count",partial,n/a,Reviewed the source text and available mechanical output; usable via the cited route.,None.,core-combat,,Character
core-round-duration,MÖRK BORG Bare Bones,31,31,Round: action plus room movement; ten rounds/minute,Round: action plus room movement; ten rounds/minute,Rule,PARTIAL,P2,3,3,9,Reference Desk > rule:core.violence,indirect: Round: action plus room movement; ten rounds/minute,no,n/a,Combat reminder does not state round duration or movement allowance; no other current reference holds the Core timing paragraph.,Add one compact timing line to combat rule.,core-round-duration,QUICK_RULE,Character
core-full-round-duration,MÖRK BORG Full Edition (Second Printing),34,30,Round: action plus room movement; ten rounds/minute,Round: action plus room movement; ten rounds/minute,Rule,PARTIAL,P2,3,3,9,Reference Desk > rule:core.violence,indirect: Round: action plus room movement; ten rounds/minute,no,n/a,Combat reminder does not state round duration or movement allowance; no other current reference holds the Core timing paragraph.,Add one compact timing line to combat rule.,core-round-duration,QUICK_RULE,Character
core-crit-fumble,MÖRK BORG Bare Bones,31,31,Crit/Fumble and persistent damaged-armor penalties,Crit/Fumble and persistent damaged-armor penalties,Rule,RESOLVED,—,5,1,5,Reference Desk > rule:core.crit-fumble,yes: Crit/Fumble and persistent damaged-armor penalties,no,n/a,Reviewed the source text and available mechanical output; usable via the cited route.,None.,core-crit-fumble,,Character
core-full-crit-fumble,MÖRK BORG Full Edition (Second Printing),33,29,Crit/Fumble and persistent damaged-armor penalties,Crit/Fumble and persistent damaged-armor penalties,Rule,RESOLVED,—,5,1,5,Reference Desk > rule:core.crit-fumble,yes: Crit/Fumble and persistent damaged-armor penalties,no,n/a,Reviewed the source text and available mechanical output; usable via the cited route.,None.,core-crit-fumble,,Character
core-armor-use,MÖRK BORG Bare Bones,23,23,"Armor tiers, DR penalties and shield break","Armor tiers, DR penalties and shield break",Rule,RESOLVED,—,5,1,5,Reference Desk > rule:core.armor-shield,"yes: Armor tiers, DR penalties and shield break",no,n/a,Reviewed the source text and available mechanical output; usable via the cited route.,None.,core-armor-use,,Character
core-full-armor-use,MÖRK BORG Full Edition (Second Printing),28,24,"Armor tiers, DR penalties and shield break","Armor tiers, DR penalties and shield break",Rule,RESOLVED,—,5,1,5,Reference Desk > rule:core.armor-shield,"yes: Armor tiers, DR penalties and shield break",no,n/a,Reviewed the source text and available mechanical output; usable via the cited route.,None.,core-armor-use,,Character
core-hp-broken,MÖRK BORG Bare Bones,29,29,HP0 Broken versus negative HP death,HP0 Broken versus negative HP death,Rule,RESOLVED,—,4,1,4,Reference Desk > rule:core.broken,yes: HP0 Broken versus negative HP death,partial,yes,Reviewed the source text and available mechanical output; usable via the cited route.,None.,core-hp-broken,,Character
core-full-hp-broken,MÖRK BORG Full Edition (Second Printing),32; 33,"28,29",HP0 Broken versus negative HP death,HP0 Broken versus negative HP death,Rule,RESOLVED,—,4,1,4,Reference Desk > rule:core.broken,yes: HP0 Broken versus negative HP death,partial,yes,Reviewed the source text and available mechanical output; usable via the cited route.,None.,core-hp-broken,,Character
core-broken-results,MÖRK BORG Bare Bones,29,29,Broken d4 outcomes and d6 injury follow-up,Broken d4 outcomes and d6 injury follow-up,Rule,RESOLVED,—,4,1,4,Reference Desk > oracle:core.broken > core.brokenInjury,yes: Broken d4 outcomes and d6 injury follow-up,partial,yes,Reviewed the source text and available mechanical output; usable via the cited route.,None.,core-broken-results,,Character
core-full-broken-results,MÖRK BORG Full Edition (Second Printing),33,29,Broken d4 outcomes and d6 injury follow-up,Broken d4 outcomes and d6 injury follow-up,Rule,RESOLVED,—,4,1,4,Reference Desk > oracle:core.broken > core.brokenInjury,yes: Broken d4 outcomes and d6 injury follow-up,partial,yes,Reviewed the source text and available mechanical output; usable via the cited route.,None.,core-broken-results,,Character
core-rest,MÖRK BORG Bare Bones,31,31,Rest and HP recovery,Rest and HP recovery,Rule,RESOLVED,—,5,1,5,Reference Desk > rule:core.rest,yes: Rest and HP recovery,yes,n/a,Reviewed the source text and available mechanical output; usable via the cited route.,None.,core-rest,,Character
core-full-rest,MÖRK BORG Full Edition (Second Printing),35,31,Rest and HP recovery,Rest and HP recovery,Rule,RESOLVED,—,5,1,5,Reference Desk > rule:core.rest,yes: Rest and HP recovery,yes,n/a,Reviewed the source text and available mechanical output; usable via the cited route.,None.,core-rest,,Character
core-starvation,MÖRK BORG Bare Bones,31,31,No food/water and starvation after two days,No food/water and starvation after two days,Rule,PRESENT_BUT_INDIRECT,P2,4,3,12,Reference Desk > rule:core.rest,indirect: food; water; thirst; rest,partial,n/a,"Mechanics are complete inside Rest, but food/thirst searches do not target this rule; the player must know which rule holds the condition.","Index starvation, thirst, food and water aliases to Rest.",core-starvation,SEARCH_ALIAS,Character
core-full-starvation,MÖRK BORG Full Edition (Second Printing),35,31,No food/water and starvation after two days,No food/water and starvation after two days,Rule,PRESENT_BUT_INDIRECT,P2,4,3,12,Reference Desk > rule:core.rest,indirect: food; water; thirst; rest,partial,n/a,"Mechanics are complete inside Rest, but food/thirst searches do not target this rule; the player must know which rule holds the condition.","Index starvation, thirst, food and water aliases to Rest.",core-starvation,SEARCH_ALIAS,Character
core-infection,MÖRK BORG Bare Bones,31,31,"Infection: no rest healing, daily d6 HP loss","Infection: no rest healing, daily d6 HP loss",Rule,PRESENT_BUT_INDIRECT,P2,4,3,12,Reference Desk > rule:core.rest,indirect: infection; rest,partial,n/a,Complete rule lives inside Rest but exact infection query returns no result in fresh search scan.,Index infection/감염 to the existing Rest rule.,core-infection,SEARCH_ALIAS,Character
core-full-infection,MÖRK BORG Full Edition (Second Printing),35,31,"Infection: no rest healing, daily d6 HP loss","Infection: no rest healing, daily d6 HP loss",Rule,PRESENT_BUT_INDIRECT,P2,4,3,12,Reference Desk > rule:core.rest,indirect: infection; rest,partial,n/a,Complete rule lives inside Rest but exact infection query returns no result in fresh search scan.,Index infection/감염 to the existing Rest rule.,core-infection,SEARCH_ALIAS,Character
core-reaction,MÖRK BORG Bare Bones,32,32,Uncertain reaction: 2d6 table,Uncertain reaction: 2d6 table,Rule,RESOLVED,—,5,1,5,Reference Desk > oracle:core.reaction,yes: Uncertain reaction: 2d6 table,yes,yes,Reviewed the source text and available mechanical output; usable via the cited route.,None.,core-reaction,,Character
core-full-reaction,MÖRK BORG Full Edition (Second Printing),35,31,Uncertain reaction: 2d6 table,Uncertain reaction: 2d6 table,Rule,RESOLVED,—,5,1,5,Reference Desk > oracle:core.reaction,yes: Uncertain reaction: 2d6 table,yes,yes,Reviewed the source text and available mechanical output; usable via the cited route.,None.,core-reaction,,Character
core-morale,MÖRK BORG Bare Bones,32,32,"Morale triggers, 2d6 comparison and flee/surrender","Morale triggers, 2d6 comparison and flee/surrender",Rule,RESOLVED,—,5,1,5,Reference Desk > rule:core.reaction-morale / oracle:core.failedMorale,"yes: Morale triggers, 2d6 comparison and flee/surrender",yes,yes,Reviewed the source text and available mechanical output; usable via the cited route.,None.,core-morale,,Character
core-full-morale,MÖRK BORG Full Edition (Second Printing),35,31,"Morale triggers, 2d6 comparison and flee/surrender","Morale triggers, 2d6 comparison and flee/surrender",Rule,RESOLVED,—,5,1,5,Reference Desk > rule:core.reaction-morale / oracle:core.failedMorale,"yes: Morale triggers, 2d6 comparison and flee/surrender",yes,yes,Reviewed the source text and available mechanical output; usable via the cited route.,None.,core-morale,,Character
core-improvement,MÖRK BORG Bare Bones,33,33,"Getting Better: HP, abilities and debris","Getting Better: HP, abilities and debris",Rule,RESOLVED,—,2,1,2,Reference Desk > rule:core.improvement / oracle:core.gettingBetterDebris,"yes: Getting Better: HP, abilities and debris",no,yes,Reviewed the source text and available mechanical output; usable via the cited route.,None.,core-improvement,,Character
core-full-improvement,MÖRK BORG Full Edition (Second Printing),37,33,"Getting Better: HP, abilities and debris","Getting Better: HP, abilities and debris",Rule,RESOLVED,—,2,1,2,Reference Desk > rule:core.improvement / oracle:core.gettingBetterDebris,"yes: Getting Better: HP, abilities and debris",no,yes,Reviewed the source text and available mechanical output; usable via the cited route.,None.,core-improvement,,Character
core-casting,MÖRK BORG Bare Bones,34,34,"Casting: Presence DR12, success cost and failure consequences","Casting: Presence DR12, success cost and failure consequences",Rule,PRESENT_BUT_INDIRECT,P2,5,3,15,Reference Desk > rule:core.casting,indirect: Powers; Using Powers; 권능; 마법,no,n/a,"The complete casting rule is available under Using Powers, but ordinary Powers search puts Mythic, RECLVSE, Fletcher and Omens ahead of it. None of the top five exposes the Core casting rule.",Rank Core casting for Powers/권능/마법 and link the existing rule from scroll results.,core-casting,SEARCH_RANKING; SEARCH_ALIAS; RESULT_LINK,Character
core-full-casting,MÖRK BORG Full Edition (Second Printing),38,34,"Casting: Presence DR12, success cost and failure consequences","Casting: Presence DR12, success cost and failure consequences",Rule,PRESENT_BUT_INDIRECT,P2,5,3,15,Reference Desk > rule:core.casting,indirect: Powers; Using Powers; 권능; 마법,no,n/a,"The complete casting rule is available under Using Powers, but ordinary Powers search puts Mythic, RECLVSE, Fletcher and Omens ahead of it. None of the top five exposes the Core casting rule.",Rank Core casting for Powers/권능/마법 and link the existing rule from scroll results.,core-casting,SEARCH_RANKING; SEARCH_ALIAS; RESULT_LINK,Character
core-powers-daily,MÖRK BORG Bare Bones,34,34,Daily Power usage: Presence+d4 each morning,Daily Power usage: Presence+d4 each morning,Rule,RESOLVED,—,5,1,5,Reference Desk > rule:core.omens,yes: Daily Power usage: Presence+d4 each morning,partial,n/a,Reviewed the source text and available mechanical output; usable via the cited route.,None.,core-powers-daily,,Character
core-full-powers-daily,MÖRK BORG Full Edition (Second Printing),38,34,Daily Power usage: Presence+d4 each morning,Daily Power usage: Presence+d4 each morning,Rule,RESOLVED,—,5,1,5,Reference Desk > rule:core.omens,yes: Daily Power usage: Presence+d4 each morning,partial,n/a,Reviewed the source text and available mechanical output; usable via the cited route.,None.,core-powers-daily,,Character
core-scroll-restrictions,MÖRK BORG Bare Bones,23,23,Scroll restrictions: two-handed weapon and armor; Priest exception,Scroll restrictions: two-handed weapon and armor; Priest exception,Rule,PARTIAL,P2,4,3,12,Reference Desk > rule:core.armor-shield / Character > Priest > Class features,indirect: Scroll restrictions: two-handed weapon and armor; Priest exception,no,n/a,"General prohibition is available; Heretical Priest medium-armor exception appears only on a generated Priest, not beside the rule.",Link the Priest exception from the armor/casting rule without changing class creation.,core-scroll-restrictions,CLASS_REFERENCE; CONTEXT_LINK,Character
core-full-scroll-restrictions,MÖRK BORG Full Edition (Second Printing),28; 59,"24,55",Scroll restrictions: two-handed weapon and armor; Priest exception,Scroll restrictions: two-handed weapon and armor; Priest exception,Rule,PARTIAL,P2,4,3,12,Reference Desk > rule:core.armor-shield / Character > Priest > Class features,indirect: Scroll restrictions: two-handed weapon and armor; Priest exception,no,n/a,"General prohibition is available; Heretical Priest medium-armor exception appears only on a generated Priest, not beside the rule.",Link the Priest exception from the armor/casting rule without changing class creation.,core-scroll-restrictions,CLASS_REFERENCE; CONTEXT_LINK,Character
core-omens-refill,MÖRK BORG Bare Bones,37,37,Omens starting die and depleted-only six-hour refill,Omens starting die and depleted-only six-hour refill,Rule,RESOLVED,—,4,1,4,Reference Desk > rule:core.omens,yes: Omens starting die and depleted-only six-hour refill,partial,n/a,Reviewed the source text and available mechanical output; usable via the cited route.,None.,core-omens-refill,,Character
core-full-omens-refill,MÖRK BORG Full Edition (Second Printing),42,38,Omens starting die and depleted-only six-hour refill,Omens starting die and depleted-only six-hour refill,Rule,RESOLVED,—,4,1,4,Reference Desk > rule:core.omens,yes: Omens starting die and depleted-only six-hour refill,partial,n/a,Reviewed the source text and available mechanical output; usable via the cited route.,None.,core-omens-refill,,Character
core-omens-spending,MÖRK BORG Bare Bones,37,37,The five permitted Omen expenditures,The five permitted Omen expenditures,Rule,PARTIAL,P1,5,5,25,Reference Desk > rule:core.omens,indirect: The five permitted Omen expenditures,partial,n/a,"The named Omens rule contains refill and daily Powers only. Maximum damage, reroll, d6 damage reduction, Crit/Fumble neutralization and DR-4 expenditures are absent from source-backed reference content.",Add the five source options to the existing Omens rule.,core-omens-spending,QUICK_RULE,Character
core-full-omens-spending,MÖRK BORG Full Edition (Second Printing),42,38,The five permitted Omen expenditures,The five permitted Omen expenditures,Rule,PARTIAL,P1,5,5,25,Reference Desk > rule:core.omens,indirect: The five permitted Omen expenditures,partial,n/a,"The named Omens rule contains refill and daily Powers only. Maximum damage, reroll, d6 damage reduction, Crit/Fumble neutralization and DR-4 expenditures are absent from source-backed reference content.",Add the five source options to the existing Omens rule.,core-omens-spending,QUICK_RULE,Character
core-calendar,MÖRK BORG Bare Bones,17,17,"Dawn Calendar die, unique Miseries and fixed seventh 7:7","Dawn Calendar die, unique Miseries and fixed seventh 7:7",Rule,RESOLVED,—,5,1,5,Reference Desk > rule:core.miseries / Travel > Calendar,"yes: Dawn Calendar die, unique Miseries and fixed seventh 7:7",yes,n/a,Reviewed the source text and available mechanical output; usable via the cited route.,None.,core-calendar,,Character
core-full-calendar,MÖRK BORG Full Edition (Second Printing),20,16,"Dawn Calendar die, unique Miseries and fixed seventh 7:7","Dawn Calendar die, unique Miseries and fixed seventh 7:7",Rule,RESOLVED,—,5,1,5,Reference Desk > rule:core.miseries / Travel > Calendar,"yes: Dawn Calendar die, unique Miseries and fixed seventh 7:7",yes,n/a,Reviewed the source text and available mechanical output; usable via the cited route.,None.,core-calendar,,Character
core-miseries,MÖRK BORG Bare Bones,18; 19; 20,"18,19,20",The 36 random Miseries and final 7:7,The 36 random Miseries and final 7:7,Table,RESOLVED,—,4,1,4,Reference Desk > oracle:core.miseries / Travel > Calendar,yes: The 36 random Miseries and final 7:7,yes,yes,Reviewed the source text and available mechanical output; usable via the cited route.,None.,core-miseries,,Character
core-full-miseries,MÖRK BORG Full Edition (Second Printing),21,17,The 36 random Miseries and final 7:7,The 36 random Miseries and final 7:7,Table,RESOLVED,—,4,1,4,Reference Desk > oracle:core.miseries / Travel > Calendar,yes: The 36 random Miseries and final 7:7,yes,yes,Reviewed the source text and available mechanical output; usable via the cited route.,None.,core-miseries,,Character
core-character-creation,MÖRK BORG Bare Bones,21; 22; 23; 27; 29,"21,22,23,27,29",Core character creation and starting possessions,Core character creation and starting possessions,Procedure,PRESENT_BUT_INDIRECT,P2,2,3,6,Campaign > Characters > New,indirect: Core character creation and starting possessions,no,n/a,Creation is implemented and saved sheet is usable; no campaign-independent creation rule/procedure reference. Optional classless ability route audited separately.,"Expose concise source creation order as a reference linked to existing tables, preserving optional setup.",core-character-creation,CLASS_REFERENCE; PROCEDURE,Character
core-full-character-creation,MÖRK BORG Full Edition (Second Printing),22; 23; 24; 25; 26; 27; 28; 30; 32,"18, 19, 20, 21, 24, 26, 28; weapon continuation spread has no visible printed number",Core character creation and starting possessions,Core character creation and starting possessions,Procedure,PRESENT_BUT_INDIRECT,P2,2,3,6,Campaign > Characters > New,indirect: Core character creation and starting possessions,no,n/a,Creation is implemented and saved sheet is usable; no campaign-independent creation rule/procedure reference. Optional classless ability route audited separately.,"Expose concise source creation order as a reference linked to existing tables, preserving optional setup.",core-character-creation,CLASS_REFERENCE; PROCEDURE,Character
core-names,MÖRK BORG Bare Bones,2,2,Names d6 × d8,Names d6 × d8,Table,RESOLVED,—,3,1,3,Reference Desk > oracle:core.names > ROLL / TABLE,yes: Names d6 × d8,no,yes,Reviewed the source text and available mechanical output; usable via the cited route.,None.,core-names,,Character
core-full-names,MÖRK BORG Full Edition (Second Printing),2,unnumbered / see page ledger,Names d6 × d8,Names d6 × d8,Table,RESOLVED,—,3,1,3,Reference Desk > oracle:core.names > ROLL / TABLE,yes: Names d6 × d8,no,yes,Reviewed the source text and available mechanical output; usable via the cited route.,None.,core-names,,Character
core-weather,MÖRK BORG Bare Bones,4,4,Weather d12,Weather d12,Table,RESOLVED,—,3,1,3,Reference Desk > oracle:core.weather > ROLL / TABLE,yes: Weather d12,yes,yes,Reviewed the source text and available mechanical output; usable via the cited route.,None.,core-weather,,Character
core-full-weather,MÖRK BORG Full Edition (Second Printing),2,unnumbered / see page ledger,Weather d12,Weather d12,Table,RESOLVED,—,3,1,3,Reference Desk > oracle:core.weather > ROLL / TABLE,yes: Weather d12,yes,yes,Reviewed the source text and available mechanical output; usable via the cited route.,None.,core-weather,,Character
core-traps,MÖRK BORG Bare Bones,4,4,Traps and Devilry d12,Traps and Devilry d12,Table,RESOLVED,—,3,1,3,Reference Desk > oracle:core.traps > ROLL / TABLE,yes: Traps and Devilry d12,no,yes,Reviewed the source text and available mechanical output; usable via the cited route.,None.,core-traps,,Character
core-full-traps,MÖRK BORG Full Edition (Second Printing),2,unnumbered / see page ledger,Traps and Devilry d12,Traps and Devilry d12,Table,RESOLVED,—,3,1,3,Reference Desk > oracle:core.traps > ROLL / TABLE,yes: Traps and Devilry d12,no,yes,Reviewed the source text and available mechanical output; usable via the cited route.,None.,core-traps,,Character
core-corpse,MÖRK BORG Bare Bones,4; 5,"4,5",Corpse Plundering d66,Corpse Plundering d66,Table,RESOLVED,—,3,1,3,Reference Desk > oracle:core.corpsePlundering > ROLL / TABLE,yes: Corpse Plundering d66,yes,yes,Reviewed the source text and available mechanical output; usable via the cited route.,None.,core-corpse,,Character
core-full-corpse,MÖRK BORG Full Edition (Second Printing),3,unnumbered / see page ledger,Corpse Plundering d66,Corpse Plundering d66,Table,RESOLVED,—,3,1,3,Reference Desk > oracle:core.corpsePlundering > ROLL / TABLE,yes: Corpse Plundering d66,yes,yes,Reviewed the source text and available mechanical output; usable via the cited route.,None.,core-corpse,,Character
core-basilisks-demand,MÖRK BORG Bare Bones,36,36,The Basilisks Demand d20,The Basilisks Demand d20,Table,RESOLVED,—,3,1,3,Reference Desk > oracle:core.basilisksDemand > ROLL / TABLE,yes: The Basilisks Demand d20,no,yes,Reviewed the source text and available mechanical output; usable via the cited route.,None.,core-basilisks-demand,,Character
core-full-basilisks-demand,MÖRK BORG Full Edition (Second Printing),41,37,The Basilisks Demand d20,The Basilisks Demand d20,Table,RESOLVED,—,3,1,3,Reference Desk > oracle:core.basilisksDemand > ROLL / TABLE,yes: The Basilisks Demand d20,no,yes,Reviewed the source text and available mechanical output; usable via the cited route.,None.,core-basilisks-demand,,Character
core-traits,MÖRK BORG Bare Bones,38,38,Terrible Traits: roll twice,Terrible Traits: roll twice,Table,RESOLVED,—,3,1,3,Reference Desk > oracle:core.traits > ROLL / TABLE,yes: Terrible Traits: roll twice,no,yes,Reviewed the source text and available mechanical output; usable via the cited route.,None.,core-traits,,Character
core-full-traits,MÖRK BORG Full Edition (Second Printing),43,39,Terrible Traits: roll twice,Terrible Traits: roll twice,Table,RESOLVED,—,3,1,3,Reference Desk > oracle:core.traits > ROLL / TABLE,yes: Terrible Traits: roll twice,no,yes,Reviewed the source text and available mechanical output; usable via the cited route.,None.,core-traits,,Character
core-bodies,MÖRK BORG Bare Bones,39,39,Broken Bodies d20,Broken Bodies d20,Table,RESOLVED,—,3,1,3,Reference Desk > oracle:core.bodies > ROLL / TABLE,yes: Broken Bodies d20,no,yes,Reviewed the source text and available mechanical output; usable via the cited route.,None.,core-bodies,,Character
core-full-bodies,MÖRK BORG Full Edition (Second Printing),44,40,Broken Bodies d20,Broken Bodies d20,Table,RESOLVED,—,3,1,3,Reference Desk > oracle:core.bodies > ROLL / TABLE,yes: Broken Bodies d20,no,yes,Reviewed the source text and available mechanical output; usable via the cited route.,None.,core-bodies,,Character
core-habits,MÖRK BORG Bare Bones,40,40,"Bad Habits d20, one roll","Bad Habits d20, one roll",Table,RESOLVED,—,3,1,3,Reference Desk > oracle:core.badHabits > ROLL / TABLE,"yes: Bad Habits d20, one roll",no,yes,Reviewed the source text and available mechanical output; usable via the cited route.,None.,core-habits,,Character
core-full-habits,MÖRK BORG Full Edition (Second Printing),45,41,"Bad Habits d20, one roll","Bad Habits d20, one roll",Table,RESOLVED,—,3,1,3,Reference Desk > oracle:core.badHabits > ROLL / TABLE,"yes: Bad Habits d20, one roll",no,yes,Reviewed the source text and available mechanical output; usable via the cited route.,None.,core-habits,,Character
core-tales,MÖRK BORG Bare Bones,41; 42,"41,42","Troubling Tales d20, one roll","Troubling Tales d20, one roll",Table,RESOLVED,—,3,1,3,Reference Desk > oracle:core.troublingTales > ROLL / TABLE,"yes: Troubling Tales d20, one roll",no,yes,Reviewed the source text and available mechanical output; usable via the cited route.,None.,core-tales,,Character
core-full-tales,MÖRK BORG Full Edition (Second Printing),46; 47,"42,43","Troubling Tales d20, one roll","Troubling Tales d20, one roll",Table,RESOLVED,—,3,1,3,Reference Desk > oracle:core.troublingTales > ROLL / TABLE,"yes: Troubling Tales d20, one roll",no,yes,Reviewed the source text and available mechanical output; usable via the cited route.,None.,core-tales,,Character
core-wander,MÖRK BORG Bare Bones,68,68,Where Do You Wander d12,Where Do You Wander d12,Table,RESOLVED,—,3,1,3,Reference Desk > oracle:core.whereDoYouWander > ROLL / TABLE,yes: Where Do You Wander d12,no,yes,Reviewed the source text and available mechanical output; usable via the cited route.,None.,core-wander,,Character
core-full-wander,MÖRK BORG Full Edition (Second Printing),92,unnumbered / see page ledger,Where Do You Wander d12,Where Do You Wander d12,Table,RESOLVED,—,3,1,3,Reference Desk > oracle:core.whereDoYouWander > ROLL / TABLE,yes: Where Do You Wander d12,no,yes,Reviewed the source text and available mechanical output; usable via the cited route.,None.,core-wander,,Character
core-contacts,MÖRK BORG Bare Bones,68; 69,"68,69",Who Contacts You d20,Who Contacts You d20,Table,RESOLVED,—,3,1,3,Reference Desk > oracle:core.contacts > ROLL / TABLE,yes: Who Contacts You d20,no,yes,Reviewed the source text and available mechanical output; usable via the cited route.,None.,core-contacts,,Character
core-full-contacts,MÖRK BORG Full Edition (Second Printing),92,unnumbered / see page ledger,Who Contacts You d20,Who Contacts You d20,Table,RESOLVED,—,3,1,3,Reference Desk > oracle:core.contacts > ROLL / TABLE,yes: Who Contacts You d20,no,yes,Reviewed the source text and available mechanical output; usable via the cited route.,None.,core-contacts,,Character
core-sparks,MÖRK BORG Bare Bones,69; 70,"69,70",Adventure Spark d100,Adventure Spark d100,Table,RESOLVED,—,3,1,3,Reference Desk > oracle:core.sparks > ROLL / TABLE,yes: Adventure Spark d100,no,yes,Reviewed the source text and available mechanical output; usable via the cited route.,None.,core-sparks,,Character
core-full-sparks,MÖRK BORG Full Edition (Second Printing),92,unnumbered / see page ledger,Adventure Spark d100,Adventure Spark d100,Table,RESOLVED,—,3,1,3,Reference Desk > oracle:core.sparks > ROLL / TABLE,yes: Adventure Spark d100,no,yes,Reviewed the source text and available mechanical output; usable via the cited route.,None.,core-sparks,,Character
core-dungeon-name,MÖRK BORG Bare Bones,71,71,Dungeon title: two d12 columns,Dungeon title: two d12 columns,Table,RESOLVED,—,3,1,3,Reference Desk > oracle:core.titleA > ROLL / TABLE,yes: Dungeon title: two d12 columns,no,yes,Reviewed the source text and available mechanical output; usable via the cited route.,None.,core-dungeon-name,,Character
core-full-dungeon-name,MÖRK BORG Full Edition (Second Printing),93,unnumbered / see page ledger,Dungeon title: two d12 columns,Dungeon title: two d12 columns,Table,RESOLVED,—,3,1,3,Reference Desk > oracle:core.titleA > ROLL / TABLE,yes: Dungeon title: two d12 columns,no,yes,Reviewed the source text and available mechanical output; usable via the cited route.,None.,core-dungeon-name,,Character
core-dungeon-status,MÖRK BORG Bare Bones,71,71,Dungeon status with conditional inactive reason,Dungeon status with conditional inactive reason,Table,RESOLVED,—,3,1,3,Reference Desk > oracle:core.status > ROLL / TABLE,yes: Dungeon status with conditional inactive reason,no,yes,Reviewed the source text and available mechanical output; usable via the cited route.,None.,core-dungeon-status,,Character
core-full-dungeon-status,MÖRK BORG Full Edition (Second Printing),93,unnumbered / see page ledger,Dungeon status with conditional inactive reason,Dungeon status with conditional inactive reason,Table,RESOLVED,—,3,1,3,Reference Desk > oracle:core.status > ROLL / TABLE,yes: Dungeon status with conditional inactive reason,no,yes,Reviewed the source text and available mechanical output; usable via the cited route.,None.,core-dungeon-status,,Character
core-dungeon-danger,MÖRK BORG Bare Bones,72,72,Imminent Danger and conditional liquid,Imminent Danger and conditional liquid,Table,RESOLVED,—,3,1,3,Reference Desk > oracle:core.danger > ROLL / TABLE,yes: Imminent Danger and conditional liquid,no,yes,Reviewed the source text and available mechanical output; usable via the cited route.,None.,core-dungeon-danger,,Character
core-full-dungeon-danger,MÖRK BORG Full Edition (Second Printing),93,unnumbered / see page ledger,Imminent Danger and conditional liquid,Imminent Danger and conditional liquid,Table,RESOLVED,—,3,1,3,Reference Desk > oracle:core.danger > ROLL / TABLE,yes: Imminent Danger and conditional liquid,no,yes,Reviewed the source text and available mechanical output; usable via the cited route.,None.,core-dungeon-danger,,Character
core-dungeon-inhabitants,MÖRK BORG Bare Bones,72,72,Current dungeon inhabitants d12,Current dungeon inhabitants d12,Table,RESOLVED,—,3,1,3,Reference Desk > oracle:core.inhabitants > ROLL / TABLE,yes: Current dungeon inhabitants d12,no,yes,Reviewed the source text and available mechanical output; usable via the cited route.,None.,core-dungeon-inhabitants,,Character
core-full-dungeon-inhabitants,MÖRK BORG Full Edition (Second Printing),93,unnumbered / see page ledger,Current dungeon inhabitants d12,Current dungeon inhabitants d12,Table,RESOLVED,—,3,1,3,Reference Desk > oracle:core.inhabitants > ROLL / TABLE,yes: Current dungeon inhabitants d12,no,yes,Reviewed the source text and available mechanical output; usable via the cited route.,None.,core-dungeon-inhabitants,,Character
core-dungeon-feature,MÖRK BORG Bare Bones,73,73,Distinctive Feature d12,Distinctive Feature d12,Table,RESOLVED,—,3,1,3,Reference Desk > oracle:core.feature > ROLL / TABLE,yes: Distinctive Feature d12,no,yes,Reviewed the source text and available mechanical output; usable via the cited route.,None.,core-dungeon-feature,,Character
core-full-dungeon-feature,MÖRK BORG Full Edition (Second Printing),93,unnumbered / see page ledger,Distinctive Feature d12,Distinctive Feature d12,Table,RESOLVED,—,3,1,3,Reference Desk > oracle:core.feature > ROLL / TABLE,yes: Distinctive Feature d12,no,yes,Reviewed the source text and available mechanical output; usable via the cited route.,None.,core-dungeon-feature,,Character
core-sample-rooms,MÖRK BORG Bare Bones,73; 74,"73,74",Sample Rooms d4 × d6 plus conditional subtables,Sample Rooms d4 × d6 plus conditional subtables,Table,RESOLVED,—,3,1,3,Reference Desk > oracle:core.rooms > ROLL / TABLE,yes: Sample Rooms d4 × d6 plus conditional subtables,no,yes,Reviewed the source text and available mechanical output; usable via the cited route.,None.,core-sample-rooms,,Character
core-full-sample-rooms,MÖRK BORG Full Edition (Second Printing),93,unnumbered / see page ledger,Sample Rooms d4 × d6 plus conditional subtables,Sample Rooms d4 × d6 plus conditional subtables,Table,RESOLVED,—,3,1,3,Reference Desk > oracle:core.rooms > ROLL / TABLE,yes: Sample Rooms d4 × d6 plus conditional subtables,no,yes,Reviewed the source text and available mechanical output; usable via the cited route.,None.,core-sample-rooms,,Character
core-arcane-catastrophes,MÖRK BORG Bare Bones,43; 44; 45,"43,44,45",Arcane Catastrophes d20 including Cube-Violet d4,Arcane Catastrophes d20 including Cube-Violet d4,Table,RESOLVED,—,3,1,3,Reference Desk > oracle:core.arcaneCatastrophes,yes: Arcane Catastrophes d20 including Cube-Violet d4,no,yes,Reviewed the source text and available mechanical output; usable via the cited route.,None.,core-arcane-catastrophes,,Character
core-full-arcane-catastrophes,MÖRK BORG Full Edition (Second Printing),48; 49,"44,45",Arcane Catastrophes d20 including Cube-Violet d4,Arcane Catastrophes d20 including Cube-Violet d4,Table,RESOLVED,—,3,1,3,Reference Desk > oracle:core.arcaneCatastrophes,yes: Arcane Catastrophes d20 including Cube-Violet d4,no,yes,Reviewed the source text and available mechanical output; usable via the cited route.,None.,core-arcane-catastrophes,,Character
core-catastrophe-repeat,MÖRK BORG Bare Bones,43,43,Repeated catastrophe: black-fire damage and water interaction,Repeated catastrophe: black-fire damage and water interaction,Rule,PARTIAL,P2,2,4,8,Reference Desk > oracle:core.arcaneCatastrophes > SOURCE,indirect: Repeated catastrophe: black-fire damage and water interaction,no,n/a,Source note mentions explosion for duplicate result but omits d6 damage each round and that water feeds the fire. Individual table rows do not carry this global rule.,Add the complete short global repeat rule to the catastrophe reference.,core-catastrophe-repeat,QUICK_RULE,Character
core-full-catastrophe-repeat,MÖRK BORG Full Edition (Second Printing),49,45,Repeated catastrophe: black-fire damage and water interaction,Repeated catastrophe: black-fire damage and water interaction,Rule,PARTIAL,P2,2,4,8,Reference Desk > oracle:core.arcaneCatastrophes > SOURCE,indirect: Repeated catastrophe: black-fire damage and water interaction,no,n/a,Source note mentions explosion for duplicate result but omits d6 damage each round and that water feeds the fire. Individual table rows do not carry this global rule.,Add the complete short global repeat rule to the catastrophe reference.,core-catastrophe-repeat,QUICK_RULE,Character
core-power-palms-open-the-southern-gate,MÖRK BORG Bare Bones,34,34,Powers / Scrolls,Palms Open the Southern Gate,Power,PARTIAL,P1,4,5,20,Reference Desk > oracle:core.unclean; Character > generated scroll,no: Palms Open the Southern Gate,no,no,Exact effect is stored in entry.metadata.effect. Reference Desk ROLL and TABLE show the name without effect; a generated Character scroll includes it. Exact named Power is not an indexed reference.,"Render existing effect in result/TABLE and index an OPEN action for this canonical Power entry; preserve all target, duration, range and dice terms.",core-power-palms-open-the-southern-gate,POWER_REFERENCE; TABLE_VIEW; RESULT_LINK; SEARCH_ALIAS,Powers; Character; Combat
core-full-power-palms-open-the-southern-gate,MÖRK BORG Full Edition (Second Printing),39,35,Powers / Scrolls,Palms Open the Southern Gate,Power,PARTIAL,P1,4,5,20,Reference Desk > oracle:core.unclean; Character > generated scroll,no: Palms Open the Southern Gate,no,no,Exact effect is stored in entry.metadata.effect. Reference Desk ROLL and TABLE show the name without effect; a generated Character scroll includes it. Exact named Power is not an indexed reference.,"Render existing effect in result/TABLE and index an OPEN action for this canonical Power entry; preserve all target, duration, range and dice terms.",core-power-palms-open-the-southern-gate,POWER_REFERENCE; TABLE_VIEW; RESULT_LINK; SEARCH_ALIAS,Powers; Character; Combat
core-power-tongue-of-eris,MÖRK BORG Bare Bones,34,34,Powers / Scrolls,Tongue of Eris,Power,PARTIAL,P1,4,5,20,Reference Desk > oracle:core.unclean; Character > generated scroll,no: Tongue of Eris,no,no,Exact effect is stored in entry.metadata.effect. Reference Desk ROLL and TABLE show the name without effect; a generated Character scroll includes it. Exact named Power is not an indexed reference.,"Render existing effect in result/TABLE and index an OPEN action for this canonical Power entry; preserve all target, duration, range and dice terms.",core-power-tongue-of-eris,POWER_REFERENCE; TABLE_VIEW; RESULT_LINK; SEARCH_ALIAS,Powers; Character; Combat
core-full-power-tongue-of-eris,MÖRK BORG Full Edition (Second Printing),39,35,Powers / Scrolls,Tongue of Eris,Power,PARTIAL,P1,4,5,20,Reference Desk > oracle:core.unclean; Character > generated scroll,no: Tongue of Eris,no,no,Exact effect is stored in entry.metadata.effect. Reference Desk ROLL and TABLE show the name without effect; a generated Character scroll includes it. Exact named Power is not an indexed reference.,"Render existing effect in result/TABLE and index an OPEN action for this canonical Power entry; preserve all target, duration, range and dice terms.",core-power-tongue-of-eris,POWER_REFERENCE; TABLE_VIEW; RESULT_LINK; SEARCH_ALIAS,Powers; Character; Combat
core-power-te-le-kin-esis,MÖRK BORG Bare Bones,34,34,Powers / Scrolls,Te-le-kin-esis,Power,PARTIAL,P1,4,5,20,Reference Desk > oracle:core.unclean; Character > generated scroll,no: Te-le-kin-esis,no,no,Exact effect is stored in entry.metadata.effect. Reference Desk ROLL and TABLE show the name without effect; a generated Character scroll includes it. Exact named Power is not an indexed reference.,"Render existing effect in result/TABLE and index an OPEN action for this canonical Power entry; preserve all target, duration, range and dice terms.",core-power-te-le-kin-esis,POWER_REFERENCE; TABLE_VIEW; RESULT_LINK; SEARCH_ALIAS,Powers; Character; Combat
core-full-power-te-le-kin-esis,MÖRK BORG Full Edition (Second Printing),39,35,Powers / Scrolls,Te-le-kin-esis,Power,PARTIAL,P1,4,5,20,Reference Desk > oracle:core.unclean; Character > generated scroll,no: Te-le-kin-esis,no,no,Exact effect is stored in entry.metadata.effect. Reference Desk ROLL and TABLE show the name without effect; a generated Character scroll includes it. Exact named Power is not an indexed reference.,"Render existing effect in result/TABLE and index an OPEN action for this canonical Power entry; preserve all target, duration, range and dice terms.",core-power-te-le-kin-esis,POWER_REFERENCE; TABLE_VIEW; RESULT_LINK; SEARCH_ALIAS,Powers; Character; Combat
core-power-lucy-fires-levitation,MÖRK BORG Bare Bones,34,34,Powers / Scrolls,Lucy-Fires Levitation,Power,PARTIAL,P1,4,5,20,Reference Desk > oracle:core.unclean; Character > generated scroll,no: Lucy-Fires Levitation,no,no,Exact effect is stored in entry.metadata.effect. Reference Desk ROLL and TABLE show the name without effect; a generated Character scroll includes it. Exact named Power is not an indexed reference.,"Render existing effect in result/TABLE and index an OPEN action for this canonical Power entry; preserve all target, duration, range and dice terms.",core-power-lucy-fires-levitation,POWER_REFERENCE; TABLE_VIEW; RESULT_LINK; SEARCH_ALIAS,Powers; Character; Combat
core-full-power-lucy-fires-levitation,MÖRK BORG Full Edition (Second Printing),39,35,Powers / Scrolls,Lucy-Fires Levitation,Power,PARTIAL,P1,4,5,20,Reference Desk > oracle:core.unclean; Character > generated scroll,no: Lucy-Fires Levitation,no,no,Exact effect is stored in entry.metadata.effect. Reference Desk ROLL and TABLE show the name without effect; a generated Character scroll includes it. Exact named Power is not an indexed reference.,"Render existing effect in result/TABLE and index an OPEN action for this canonical Power entry; preserve all target, duration, range and dice terms.",core-power-lucy-fires-levitation,POWER_REFERENCE; TABLE_VIEW; RESULT_LINK; SEARCH_ALIAS,Powers; Character; Combat
core-power-daemon-of-capillaries,MÖRK BORG Bare Bones,34,34,Powers / Scrolls,Daemon of Capillaries,Power,PARTIAL,P1,4,5,20,Reference Desk > oracle:core.unclean; Character > generated scroll,no: Daemon of Capillaries,no,no,Exact effect is stored in entry.metadata.effect. Reference Desk ROLL and TABLE show the name without effect; a generated Character scroll includes it. Exact named Power is not an indexed reference.,"Render existing effect in result/TABLE and index an OPEN action for this canonical Power entry; preserve all target, duration, range and dice terms.",core-power-daemon-of-capillaries,POWER_REFERENCE; TABLE_VIEW; RESULT_LINK; SEARCH_ALIAS,Powers; Character; Combat
core-full-power-daemon-of-capillaries,MÖRK BORG Full Edition (Second Printing),39,35,Powers / Scrolls,Daemon of Capillaries,Power,PARTIAL,P1,4,5,20,Reference Desk > oracle:core.unclean; Character > generated scroll,no: Daemon of Capillaries,no,no,Exact effect is stored in entry.metadata.effect. Reference Desk ROLL and TABLE show the name without effect; a generated Character scroll includes it. Exact named Power is not an indexed reference.,"Render existing effect in result/TABLE and index an OPEN action for this canonical Power entry; preserve all target, duration, range and dice terms.",core-power-daemon-of-capillaries,POWER_REFERENCE; TABLE_VIEW; RESULT_LINK; SEARCH_ALIAS,Powers; Character; Combat
core-power-nine-violet-signs-unknot-the-storm,MÖRK BORG Bare Bones,34,34,Powers / Scrolls,Nine Violet Signs Unknot the Storm,Power,PARTIAL,P1,4,5,20,Reference Desk > oracle:core.unclean; Character > generated scroll,no: Nine Violet Signs Unknot the Storm,no,no,Exact effect is stored in entry.metadata.effect. Reference Desk ROLL and TABLE show the name without effect; a generated Character scroll includes it. Exact named Power is not an indexed reference.,"Render existing effect in result/TABLE and index an OPEN action for this canonical Power entry; preserve all target, duration, range and dice terms.",core-power-nine-violet-signs-unknot-the-storm,POWER_REFERENCE; TABLE_VIEW; RESULT_LINK; SEARCH_ALIAS,Powers; Character; Combat
core-full-power-nine-violet-signs-unknot-the-storm,MÖRK BORG Full Edition (Second Printing),39,35,Powers / Scrolls,Nine Violet Signs Unknot the Storm,Power,PARTIAL,P1,4,5,20,Reference Desk > oracle:core.unclean; Character > generated scroll,no: Nine Violet Signs Unknot the Storm,no,no,Exact effect is stored in entry.metadata.effect. Reference Desk ROLL and TABLE show the name without effect; a generated Character scroll includes it. Exact named Power is not an indexed reference.,"Render existing effect in result/TABLE and index an OPEN action for this canonical Power entry; preserve all target, duration, range and dice terms.",core-power-nine-violet-signs-unknot-the-storm,POWER_REFERENCE; TABLE_VIEW; RESULT_LINK; SEARCH_ALIAS,Powers; Character; Combat
core-power-metzhuotl-blind-your-eye,MÖRK BORG Bare Bones,34,34,Powers / Scrolls,Metzhuotl Blind Your Eye,Power,PARTIAL,P1,4,5,20,Reference Desk > oracle:core.unclean; Character > generated scroll,no: Metzhuotl Blind Your Eye,no,no,Exact effect is stored in entry.metadata.effect. Reference Desk ROLL and TABLE show the name without effect; a generated Character scroll includes it. Exact named Power is not an indexed reference.,"Render existing effect in result/TABLE and index an OPEN action for this canonical Power entry; preserve all target, duration, range and dice terms.",core-power-metzhuotl-blind-your-eye,POWER_REFERENCE; TABLE_VIEW; RESULT_LINK; SEARCH_ALIAS,Powers; Character; Combat
core-full-power-metzhuotl-blind-your-eye,MÖRK BORG Full Edition (Second Printing),39,35,Powers / Scrolls,Metzhuotl Blind Your Eye,Power,PARTIAL,P1,4,5,20,Reference Desk > oracle:core.unclean; Character > generated scroll,no: Metzhuotl Blind Your Eye,no,no,Exact effect is stored in entry.metadata.effect. Reference Desk ROLL and TABLE show the name without effect; a generated Character scroll includes it. Exact named Power is not an indexed reference.,"Render existing effect in result/TABLE and index an OPEN action for this canonical Power entry; preserve all target, duration, range and dice terms.",core-power-metzhuotl-blind-your-eye,POWER_REFERENCE; TABLE_VIEW; RESULT_LINK; SEARCH_ALIAS,Powers; Character; Combat
core-power-foul-psychompomp,MÖRK BORG Bare Bones,35,35,Powers / Scrolls,Foul Psychompomp,Power,PARTIAL,P1,4,5,20,Reference Desk > oracle:core.unclean; Character > generated scroll,indirect: Foul Psychompomp,no,no,"Exact effect is stored in entry.metadata.effect. Reference Desk ROLL and TABLE show the name without effect; a generated Character scroll includes it. Exact name finds a related summon table, not the complete Power reference.","Render existing effect in result/TABLE and index an OPEN action for this canonical Power entry; preserve all target, duration, range and dice terms.",core-power-foul-psychompomp,POWER_REFERENCE; TABLE_VIEW; RESULT_LINK; SEARCH_ALIAS,Powers; Character; Combat
core-full-power-foul-psychompomp,MÖRK BORG Full Edition (Second Printing),39,35,Powers / Scrolls,Foul Psychompomp,Power,PARTIAL,P1,4,5,20,Reference Desk > oracle:core.unclean; Character > generated scroll,indirect: Foul Psychompomp,no,no,"Exact effect is stored in entry.metadata.effect. Reference Desk ROLL and TABLE show the name without effect; a generated Character scroll includes it. Exact name finds a related summon table, not the complete Power reference.","Render existing effect in result/TABLE and index an OPEN action for this canonical Power entry; preserve all target, duration, range and dice terms.",core-power-foul-psychompomp,POWER_REFERENCE; TABLE_VIEW; RESULT_LINK; SEARCH_ALIAS,Powers; Character; Combat
core-power-eyelid-blinds-the-mind,MÖRK BORG Bare Bones,35,35,Powers / Scrolls,Eyelid Blinds the Mind,Power,PARTIAL,P1,4,5,20,Reference Desk > oracle:core.unclean; Character > generated scroll,no: Eyelid Blinds the Mind,no,no,Exact effect is stored in entry.metadata.effect. Reference Desk ROLL and TABLE show the name without effect; a generated Character scroll includes it. Exact named Power is not an indexed reference.,"Render existing effect in result/TABLE and index an OPEN action for this canonical Power entry; preserve all target, duration, range and dice terms.",core-power-eyelid-blinds-the-mind,POWER_REFERENCE; TABLE_VIEW; RESULT_LINK; SEARCH_ALIAS,Powers; Character; Combat
core-full-power-eyelid-blinds-the-mind,MÖRK BORG Full Edition (Second Printing),39,35,Powers / Scrolls,Eyelid Blinds the Mind,Power,PARTIAL,P1,4,5,20,Reference Desk > oracle:core.unclean; Character > generated scroll,no: Eyelid Blinds the Mind,no,no,Exact effect is stored in entry.metadata.effect. Reference Desk ROLL and TABLE show the name without effect; a generated Character scroll includes it. Exact named Power is not an indexed reference.,"Render existing effect in result/TABLE and index an OPEN action for this canonical Power entry; preserve all target, duration, range and dice terms.",core-power-eyelid-blinds-the-mind,POWER_REFERENCE; TABLE_VIEW; RESULT_LINK; SEARCH_ALIAS,Powers; Character; Combat
core-power-death,MÖRK BORG Bare Bones,35,35,Powers / Scrolls,Death,Power,PARTIAL,P1,4,5,20,Reference Desk > oracle:core.unclean; Character > generated scroll,indirect: Death,no,no,Exact effect is stored in entry.metadata.effect. Reference Desk ROLL and TABLE show the name without effect; a generated Character scroll includes it. Exact named Power is not an indexed reference.,"Render existing effect in result/TABLE and index an OPEN action for this canonical Power entry; preserve all target, duration, range and dice terms.",core-power-death,POWER_REFERENCE; TABLE_VIEW; RESULT_LINK; SEARCH_ALIAS,Powers; Character; Combat
core-full-power-death,MÖRK BORG Full Edition (Second Printing),39,35,Powers / Scrolls,Death,Power,PARTIAL,P1,4,5,20,Reference Desk > oracle:core.unclean; Character > generated scroll,indirect: Death,no,no,Exact effect is stored in entry.metadata.effect. Reference Desk ROLL and TABLE show the name without effect; a generated Character scroll includes it. Exact named Power is not an indexed reference.,"Render existing effect in result/TABLE and index an OPEN action for this canonical Power entry; preserve all target, duration, range and dice terms.",core-power-death,POWER_REFERENCE; TABLE_VIEW; RESULT_LINK; SEARCH_ALIAS,Powers; Character; Combat
core-power-grace-of-a-dead-saint,MÖRK BORG Bare Bones,35,35,Powers / Scrolls,Grace of a Dead Saint,Power,PARTIAL,P1,4,5,20,Reference Desk > oracle:core.sacred; Character > generated scroll,no: Grace of a Dead Saint,no,no,Exact effect is stored in entry.metadata.effect. Reference Desk ROLL and TABLE show the name without effect; a generated Character scroll includes it. Exact named Power is not an indexed reference.,"Render existing effect in result/TABLE and index an OPEN action for this canonical Power entry; preserve all target, duration, range and dice terms.",core-power-grace-of-a-dead-saint,POWER_REFERENCE; TABLE_VIEW; RESULT_LINK; SEARCH_ALIAS,Powers; Character; Combat
core-full-power-grace-of-a-dead-saint,MÖRK BORG Full Edition (Second Printing),39,35,Powers / Scrolls,Grace of a Dead Saint,Power,PARTIAL,P1,4,5,20,Reference Desk > oracle:core.sacred; Character > generated scroll,no: Grace of a Dead Saint,no,no,Exact effect is stored in entry.metadata.effect. Reference Desk ROLL and TABLE show the name without effect; a generated Character scroll includes it. Exact named Power is not an indexed reference.,"Render existing effect in result/TABLE and index an OPEN action for this canonical Power entry; preserve all target, duration, range and dice terms.",core-power-grace-of-a-dead-saint,POWER_REFERENCE; TABLE_VIEW; RESULT_LINK; SEARCH_ALIAS,Powers; Character; Combat
core-power-grace-for-a-sinner,MÖRK BORG Bare Bones,35,35,Powers / Scrolls,Grace for a Sinner,Power,PARTIAL,P1,4,5,20,Reference Desk > oracle:core.sacred; Character > generated scroll,no: Grace for a Sinner,no,no,Exact effect is stored in entry.metadata.effect. Reference Desk ROLL and TABLE show the name without effect; a generated Character scroll includes it. Exact named Power is not an indexed reference.,"Render existing effect in result/TABLE and index an OPEN action for this canonical Power entry; preserve all target, duration, range and dice terms.",core-power-grace-for-a-sinner,POWER_REFERENCE; TABLE_VIEW; RESULT_LINK; SEARCH_ALIAS,Powers; Character; Combat
core-full-power-grace-for-a-sinner,MÖRK BORG Full Edition (Second Printing),39,35,Powers / Scrolls,Grace for a Sinner,Power,PARTIAL,P1,4,5,20,Reference Desk > oracle:core.sacred; Character > generated scroll,no: Grace for a Sinner,no,no,Exact effect is stored in entry.metadata.effect. Reference Desk ROLL and TABLE show the name without effect; a generated Character scroll includes it. Exact named Power is not an indexed reference.,"Render existing effect in result/TABLE and index an OPEN action for this canonical Power entry; preserve all target, duration, range and dice terms.",core-power-grace-for-a-sinner,POWER_REFERENCE; TABLE_VIEW; RESULT_LINK; SEARCH_ALIAS,Powers; Character; Combat
core-power-whispers-pass-the-gate,MÖRK BORG Bare Bones,35,35,Powers / Scrolls,Whispers Pass the Gate,Power,PARTIAL,P1,4,5,20,Reference Desk > oracle:core.sacred; Character > generated scroll,no: Whispers Pass the Gate,no,no,Exact effect is stored in entry.metadata.effect. Reference Desk ROLL and TABLE show the name without effect; a generated Character scroll includes it. Exact named Power is not an indexed reference.,"Render existing effect in result/TABLE and index an OPEN action for this canonical Power entry; preserve all target, duration, range and dice terms.",core-power-whispers-pass-the-gate,POWER_REFERENCE; TABLE_VIEW; RESULT_LINK; SEARCH_ALIAS,Powers; Character; Combat
core-full-power-whispers-pass-the-gate,MÖRK BORG Full Edition (Second Printing),39,35,Powers / Scrolls,Whispers Pass the Gate,Power,PARTIAL,P1,4,5,20,Reference Desk > oracle:core.sacred; Character > generated scroll,no: Whispers Pass the Gate,no,no,Exact effect is stored in entry.metadata.effect. Reference Desk ROLL and TABLE show the name without effect; a generated Character scroll includes it. Exact named Power is not an indexed reference.,"Render existing effect in result/TABLE and index an OPEN action for this canonical Power entry; preserve all target, duration, range and dice terms.",core-power-whispers-pass-the-gate,POWER_REFERENCE; TABLE_VIEW; RESULT_LINK; SEARCH_ALIAS,Powers; Character; Combat
core-power-aegis-of-sorrow,MÖRK BORG Bare Bones,35,35,Powers / Scrolls,Aegis of Sorrow,Power,PARTIAL,P1,4,5,20,Reference Desk > oracle:core.sacred; Character > generated scroll,no: Aegis of Sorrow,no,no,Exact effect is stored in entry.metadata.effect. Reference Desk ROLL and TABLE show the name without effect; a generated Character scroll includes it. Exact named Power is not an indexed reference.,"Render existing effect in result/TABLE and index an OPEN action for this canonical Power entry; preserve all target, duration, range and dice terms.",core-power-aegis-of-sorrow,POWER_REFERENCE; TABLE_VIEW; RESULT_LINK; SEARCH_ALIAS,Powers; Character; Combat
core-full-power-aegis-of-sorrow,MÖRK BORG Full Edition (Second Printing),39,35,Powers / Scrolls,Aegis of Sorrow,Power,PARTIAL,P1,4,5,20,Reference Desk > oracle:core.sacred; Character > generated scroll,no: Aegis of Sorrow,no,no,Exact effect is stored in entry.metadata.effect. Reference Desk ROLL and TABLE show the name without effect; a generated Character scroll includes it. Exact named Power is not an indexed reference.,"Render existing effect in result/TABLE and index an OPEN action for this canonical Power entry; preserve all target, duration, range and dice terms.",core-power-aegis-of-sorrow,POWER_REFERENCE; TABLE_VIEW; RESULT_LINK; SEARCH_ALIAS,Powers; Character; Combat
core-power-unmet-fate,MÖRK BORG Bare Bones,35,35,Powers / Scrolls,Unmet Fate,Power,PARTIAL,P1,4,5,20,Reference Desk > oracle:core.sacred; Character > generated scroll,no: Unmet Fate,no,no,Exact effect is stored in entry.metadata.effect. Reference Desk ROLL and TABLE show the name without effect; a generated Character scroll includes it. Exact named Power is not an indexed reference.,"Render existing effect in result/TABLE and index an OPEN action for this canonical Power entry; preserve all target, duration, range and dice terms.",core-power-unmet-fate,POWER_REFERENCE; TABLE_VIEW; RESULT_LINK; SEARCH_ALIAS,Powers; Character; Combat
core-full-power-unmet-fate,MÖRK BORG Full Edition (Second Printing),39,35,Powers / Scrolls,Unmet Fate,Power,PARTIAL,P1,4,5,20,Reference Desk > oracle:core.sacred; Character > generated scroll,no: Unmet Fate,no,no,Exact effect is stored in entry.metadata.effect. Reference Desk ROLL and TABLE show the name without effect; a generated Character scroll includes it. Exact named Power is not an indexed reference.,"Render existing effect in result/TABLE and index an OPEN action for this canonical Power entry; preserve all target, duration, range and dice terms.",core-power-unmet-fate,POWER_REFERENCE; TABLE_VIEW; RESULT_LINK; SEARCH_ALIAS,Powers; Character; Combat
core-power-bestial-speech,MÖRK BORG Bare Bones,35,35,Powers / Scrolls,Bestial Speech,Power,PARTIAL,P1,4,5,20,Reference Desk > oracle:core.sacred; Character > generated scroll,no: Bestial Speech,no,no,Exact effect is stored in entry.metadata.effect. Reference Desk ROLL and TABLE show the name without effect; a generated Character scroll includes it. Exact named Power is not an indexed reference.,"Render existing effect in result/TABLE and index an OPEN action for this canonical Power entry; preserve all target, duration, range and dice terms.",core-power-bestial-speech,POWER_REFERENCE; TABLE_VIEW; RESULT_LINK; SEARCH_ALIAS,Powers; Character; Combat
core-full-power-bestial-speech,MÖRK BORG Full Edition (Second Printing),39,35,Powers / Scrolls,Bestial Speech,Power,PARTIAL,P1,4,5,20,Reference Desk > oracle:core.sacred; Character > generated scroll,no: Bestial Speech,no,no,Exact effect is stored in entry.metadata.effect. Reference Desk ROLL and TABLE show the name without effect; a generated Character scroll includes it. Exact named Power is not an indexed reference.,"Render existing effect in result/TABLE and index an OPEN action for this canonical Power entry; preserve all target, duration, range and dice terms.",core-power-bestial-speech,POWER_REFERENCE; TABLE_VIEW; RESULT_LINK; SEARCH_ALIAS,Powers; Character; Combat
core-power-false-dawn-nights-chariot,MÖRK BORG Bare Bones,35,35,Powers / Scrolls,False Dawn/Night’s Chariot,Power,PARTIAL,P1,4,5,20,Reference Desk > oracle:core.sacred; Character > generated scroll,no: False Dawn/Night’s Chariot,no,no,Exact effect is stored in entry.metadata.effect. Reference Desk ROLL and TABLE show the name without effect; a generated Character scroll includes it. Exact named Power is not an indexed reference.,"Render existing effect in result/TABLE and index an OPEN action for this canonical Power entry; preserve all target, duration, range and dice terms.",core-power-false-dawn-nights-chariot,POWER_REFERENCE; TABLE_VIEW; RESULT_LINK; SEARCH_ALIAS,Powers; Character; Combat
core-full-power-false-dawn-nights-chariot,MÖRK BORG Full Edition (Second Printing),39,35,Powers / Scrolls,False Dawn/Night’s Chariot,Power,PARTIAL,P1,4,5,20,Reference Desk > oracle:core.sacred; Character > generated scroll,no: False Dawn/Night’s Chariot,no,no,Exact effect is stored in entry.metadata.effect. Reference Desk ROLL and TABLE show the name without effect; a generated Character scroll includes it. Exact named Power is not an indexed reference.,"Render existing effect in result/TABLE and index an OPEN action for this canonical Power entry; preserve all target, duration, range and dice terms.",core-power-false-dawn-nights-chariot,POWER_REFERENCE; TABLE_VIEW; RESULT_LINK; SEARCH_ALIAS,Powers; Character; Combat
core-power-hermetic-step,MÖRK BORG Bare Bones,35,35,Powers / Scrolls,Hermetic Step,Power,PARTIAL,P1,4,5,20,Reference Desk > oracle:core.sacred; Character > generated scroll,no: Hermetic Step,no,no,Exact effect is stored in entry.metadata.effect. Reference Desk ROLL and TABLE show the name without effect; a generated Character scroll includes it. Exact named Power is not an indexed reference.,"Render existing effect in result/TABLE and index an OPEN action for this canonical Power entry; preserve all target, duration, range and dice terms.",core-power-hermetic-step,POWER_REFERENCE; TABLE_VIEW; RESULT_LINK; SEARCH_ALIAS,Powers; Character; Combat
core-full-power-hermetic-step,MÖRK BORG Full Edition (Second Printing),39,35,Powers / Scrolls,Hermetic Step,Power,PARTIAL,P1,4,5,20,Reference Desk > oracle:core.sacred; Character > generated scroll,no: Hermetic Step,no,no,Exact effect is stored in entry.metadata.effect. Reference Desk ROLL and TABLE show the name without effect; a generated Character scroll includes it. Exact named Power is not an indexed reference.,"Render existing effect in result/TABLE and index an OPEN action for this canonical Power entry; preserve all target, duration, range and dice terms.",core-power-hermetic-step,POWER_REFERENCE; TABLE_VIEW; RESULT_LINK; SEARCH_ALIAS,Powers; Character; Combat
core-power-roskoes-consuming-glare,MÖRK BORG Bare Bones,35,35,Powers / Scrolls,Roskoe’s Consuming Glare,Power,PARTIAL,P1,4,5,20,Reference Desk > oracle:core.sacred; Character > generated scroll,no: Roskoe’s Consuming Glare,no,no,Exact effect is stored in entry.metadata.effect. Reference Desk ROLL and TABLE show the name without effect; a generated Character scroll includes it. Exact named Power is not an indexed reference.,"Render existing effect in result/TABLE and index an OPEN action for this canonical Power entry; preserve all target, duration, range and dice terms.",core-power-roskoes-consuming-glare,POWER_REFERENCE; TABLE_VIEW; RESULT_LINK; SEARCH_ALIAS,Powers; Character; Combat
core-full-power-roskoes-consuming-glare,MÖRK BORG Full Edition (Second Printing),39,35,Powers / Scrolls,Roskoe’s Consuming Glare,Power,PARTIAL,P1,4,5,20,Reference Desk > oracle:core.sacred; Character > generated scroll,no: Roskoe’s Consuming Glare,no,no,Exact effect is stored in entry.metadata.effect. Reference Desk ROLL and TABLE show the name without effect; a generated Character scroll includes it. Exact named Power is not an indexed reference.,"Render existing effect in result/TABLE and index an OPEN action for this canonical Power entry; preserve all target, duration, range and dice terms.",core-power-roskoes-consuming-glare,POWER_REFERENCE; TABLE_VIEW; RESULT_LINK; SEARCH_ALIAS,Powers; Character; Combat
core-power-enochian-syntax,MÖRK BORG Bare Bones,35,35,Powers / Scrolls,Enochian Syntax,Power,PARTIAL,P1,4,5,20,Reference Desk > oracle:core.sacred; Character > generated scroll,no: Enochian Syntax,no,no,Exact effect is stored in entry.metadata.effect. Reference Desk ROLL and TABLE show the name without effect; a generated Character scroll includes it. Exact named Power is not an indexed reference.,"Render existing effect in result/TABLE and index an OPEN action for this canonical Power entry; preserve all target, duration, range and dice terms.",core-power-enochian-syntax,POWER_REFERENCE; TABLE_VIEW; RESULT_LINK; SEARCH_ALIAS,Powers; Character; Combat
core-full-power-enochian-syntax,MÖRK BORG Full Edition (Second Printing),39,35,Powers / Scrolls,Enochian Syntax,Power,PARTIAL,P1,4,5,20,Reference Desk > oracle:core.sacred; Character > generated scroll,no: Enochian Syntax,no,no,Exact effect is stored in entry.metadata.effect. Reference Desk ROLL and TABLE show the name without effect; a generated Character scroll includes it. Exact named Power is not an indexed reference.,"Render existing effect in result/TABLE and index an OPEN action for this canonical Power entry; preserve all target, duration, range and dice terms.",core-power-enochian-syntax,POWER_REFERENCE; TABLE_VIEW; RESULT_LINK; SEARCH_ALIAS,Powers; Character; Combat
core-class-fanged-deserter,MÖRK BORG Bare Bones,46; 47,"46,47",Optional Classes,Fanged Deserter — full class reference,Class,PARTIAL,P2,3,4,12,Campaign > Characters > Class > Fanged Deserter > Generate > Class features,indirect: Fanged Deserter — full class reference,no,n/a,All printed base rules are in the private class definition and generated sheet; universal search finds background/feature random tables instead of a complete non-generating Class reference.,"Add a read-only Class reference using existing playerRules, creation dice and canonical feature tables; allow lookup without creating a character.",core-class-fanged-deserter,CLASS_REFERENCE; RESULT_LINK,Character
core-full-class-fanged-deserter,MÖRK BORG Full Edition (Second Printing),50; 51,"46,47",Optional Classes,Fanged Deserter — full class reference,Class,PARTIAL,P2,3,4,12,Campaign > Characters > Class > Fanged Deserter > Generate > Class features,indirect: Fanged Deserter — full class reference,no,n/a,All printed base rules are in the private class definition and generated sheet; universal search finds background/feature random tables instead of a complete non-generating Class reference.,"Add a read-only Class reference using existing playerRules, creation dice and canonical feature tables; allow lookup without creating a character.",core-class-fanged-deserter,CLASS_REFERENCE; RESULT_LINK,Character
core-background-fanged-deserter,MÖRK BORG Bare Bones,46,46,Fanged Deserter background options,Fanged Deserter background options,Table,RESOLVED,—,3,1,3,Reference Desk > oracle:core.fangedDeserterMemories,yes: Fanged Deserter background options,no,yes,Reviewed the source text and available mechanical output; usable via the cited route.,None.,core-background-fanged-deserter,,Character
core-full-background-fanged-deserter,MÖRK BORG Full Edition (Second Printing),51,47,Fanged Deserter background options,Fanged Deserter background options,Table,RESOLVED,—,3,1,3,Reference Desk > oracle:core.fangedDeserterMemories,yes: Fanged Deserter background options,no,yes,Reviewed the source text and available mechanical output; usable via the cited route.,None.,core-background-fanged-deserter,,Character
core-class-effect-fanged-deserter-1,MÖRK BORG Bare Bones,47,47,Equipment / Named effects,Crumpled Monster Mask,Item,PRESENT_BUT_INDIRECT,P2,3,3,9,Reference Desk > oracle:core.fangedDeserterItem > TABLE; saved Character > Class features,indirect: Crumpled Monster Mask,no,yes,"The complete effect is present as canonical row text, including its mechanics. Its individual name is not indexed; find the parent class table and scan. No automatic play-time activation is required.",Index the named entry and open it directly; retain the complete existing effect and link any cited canonical creature/Power table.,core-class-effect-fanged-deserter-1,ITEM_REFERENCE; SEARCH_ALIAS; RESULT_LINK,Character; Equipment; Combat
core-full-class-effect-fanged-deserter-1,MÖRK BORG Full Edition (Second Printing),51,47,Equipment / Named effects,Crumpled Monster Mask,Item,PRESENT_BUT_INDIRECT,P2,3,3,9,Reference Desk > oracle:core.fangedDeserterItem > TABLE; saved Character > Class features,indirect: Crumpled Monster Mask,no,yes,"The complete effect is present as canonical row text, including its mechanics. Its individual name is not indexed; find the parent class table and scan. No automatic play-time activation is required.",Index the named entry and open it directly; retain the complete existing effect and link any cited canonical creature/Power table.,core-class-effect-fanged-deserter-1,ITEM_REFERENCE; SEARCH_ALIAS; RESULT_LINK,Character; Equipment; Combat
core-class-effect-fanged-deserter-2,MÖRK BORG Bare Bones,47,47,Equipment / Named effects,The Brown Scimitar of Galgenbeck,Item,PRESENT_BUT_INDIRECT,P2,3,3,9,Reference Desk > oracle:core.fangedDeserterItem > TABLE; saved Character > Class features,indirect: The Brown Scimitar of Galgenbeck,no,yes,"The complete effect is present as canonical row text, including its mechanics. Its individual name is not indexed; find the parent class table and scan. No automatic play-time activation is required.",Index the named entry and open it directly; retain the complete existing effect and link any cited canonical creature/Power table.,core-class-effect-fanged-deserter-2,ITEM_REFERENCE; SEARCH_ALIAS; RESULT_LINK,Character; Equipment; Combat
core-full-class-effect-fanged-deserter-2,MÖRK BORG Full Edition (Second Printing),51,47,Equipment / Named effects,The Brown Scimitar of Galgenbeck,Item,PRESENT_BUT_INDIRECT,P2,3,3,9,Reference Desk > oracle:core.fangedDeserterItem > TABLE; saved Character > Class features,indirect: The Brown Scimitar of Galgenbeck,no,yes,"The complete effect is present as canonical row text, including its mechanics. Its individual name is not indexed; find the parent class table and scan. No automatic play-time activation is required.",Index the named entry and open it directly; retain the complete existing effect and link any cited canonical creature/Power table.,core-class-effect-fanged-deserter-2,ITEM_REFERENCE; SEARCH_ALIAS; RESULT_LINK,Character; Equipment; Combat
core-class-effect-fanged-deserter-3,MÖRK BORG Bare Bones,47,47,Equipment / Named effects,Wizard Teeth,Item,PRESENT_BUT_INDIRECT,P2,3,3,9,Reference Desk > oracle:core.fangedDeserterItem > TABLE; saved Character > Class features,indirect: Wizard Teeth,no,yes,"The complete effect is present as canonical row text, including its mechanics. Its individual name is not indexed; find the parent class table and scan. No automatic play-time activation is required.",Index the named entry and open it directly; retain the complete existing effect and link any cited canonical creature/Power table.,core-class-effect-fanged-deserter-3,ITEM_REFERENCE; SEARCH_ALIAS; RESULT_LINK,Character; Equipment; Combat
core-full-class-effect-fanged-deserter-3,MÖRK BORG Full Edition (Second Printing),51,47,Equipment / Named effects,Wizard Teeth,Item,PRESENT_BUT_INDIRECT,P2,3,3,9,Reference Desk > oracle:core.fangedDeserterItem > TABLE; saved Character > Class features,indirect: Wizard Teeth,no,yes,"The complete effect is present as canonical row text, including its mechanics. Its individual name is not indexed; find the parent class table and scan. No automatic play-time activation is required.",Index the named entry and open it directly; retain the complete existing effect and link any cited canonical creature/Power table.,core-class-effect-fanged-deserter-3,ITEM_REFERENCE; SEARCH_ALIAS; RESULT_LINK,Character; Equipment; Combat
core-class-effect-fanged-deserter-4,MÖRK BORG Bare Bones,47,47,Equipment / Named effects,Old Sigûrd’s Sling,Item,PRESENT_BUT_INDIRECT,P2,3,3,9,Reference Desk > oracle:core.fangedDeserterItem > TABLE; saved Character > Class features,indirect: Old Sigûrd’s Sling,no,yes,"The complete effect is present as canonical row text, including its mechanics. Its individual name is not indexed; find the parent class table and scan. No automatic play-time activation is required.",Index the named entry and open it directly; retain the complete existing effect and link any cited canonical creature/Power table.,core-class-effect-fanged-deserter-4,ITEM_REFERENCE; SEARCH_ALIAS; RESULT_LINK,Character; Equipment; Combat
core-full-class-effect-fanged-deserter-4,MÖRK BORG Full Edition (Second Printing),51,47,Equipment / Named effects,Old Sigûrd’s Sling,Item,PRESENT_BUT_INDIRECT,P2,3,3,9,Reference Desk > oracle:core.fangedDeserterItem > TABLE; saved Character > Class features,indirect: Old Sigûrd’s Sling,no,yes,"The complete effect is present as canonical row text, including its mechanics. Its individual name is not indexed; find the parent class table and scan. No automatic play-time activation is required.",Index the named entry and open it directly; retain the complete existing effect and link any cited canonical creature/Power table.,core-class-effect-fanged-deserter-4,ITEM_REFERENCE; SEARCH_ALIAS; RESULT_LINK,Character; Equipment; Combat
core-class-effect-fanged-deserter-5,MÖRK BORG Bare Bones,47,47,Equipment / Named effects,Ancient Gore-Hound,Item,PRESENT_BUT_INDIRECT,P2,3,3,9,Reference Desk > oracle:core.fangedDeserterItem > TABLE; saved Character > Class features,indirect: Ancient Gore-Hound,no,yes,"The complete effect is present as canonical row text, including its mechanics. Its individual name is not indexed; find the parent class table and scan. No automatic play-time activation is required.",Index the named entry and open it directly; retain the complete existing effect and link any cited canonical creature/Power table.,core-class-effect-fanged-deserter-5,ITEM_REFERENCE; SEARCH_ALIAS; RESULT_LINK,Character; Equipment; Combat
core-full-class-effect-fanged-deserter-5,MÖRK BORG Full Edition (Second Printing),51,47,Equipment / Named effects,Ancient Gore-Hound,Item,PRESENT_BUT_INDIRECT,P2,3,3,9,Reference Desk > oracle:core.fangedDeserterItem > TABLE; saved Character > Class features,indirect: Ancient Gore-Hound,no,yes,"The complete effect is present as canonical row text, including its mechanics. Its individual name is not indexed; find the parent class table and scan. No automatic play-time activation is required.",Index the named entry and open it directly; retain the complete existing effect and link any cited canonical creature/Power table.,core-class-effect-fanged-deserter-5,ITEM_REFERENCE; SEARCH_ALIAS; RESULT_LINK,Character; Equipment; Combat
core-class-effect-fanged-deserter-6,MÖRK BORG Bare Bones,47,47,Equipment / Named effects,The Shoe of Death’s Horse,Item,PRESENT_BUT_INDIRECT,P2,3,3,9,Reference Desk > oracle:core.fangedDeserterItem > TABLE; saved Character > Class features,indirect: The Shoe of Death’s Horse,no,yes,"The complete effect is present as canonical row text, including its mechanics. Its individual name is not indexed; find the parent class table and scan. No automatic play-time activation is required.",Index the named entry and open it directly; retain the complete existing effect and link any cited canonical creature/Power table.,core-class-effect-fanged-deserter-6,ITEM_REFERENCE; SEARCH_ALIAS; RESULT_LINK,Character; Equipment; Combat
core-full-class-effect-fanged-deserter-6,MÖRK BORG Full Edition (Second Printing),51,47,Equipment / Named effects,The Shoe of Death’s Horse,Item,PRESENT_BUT_INDIRECT,P2,3,3,9,Reference Desk > oracle:core.fangedDeserterItem > TABLE; saved Character > Class features,indirect: The Shoe of Death’s Horse,no,yes,"The complete effect is present as canonical row text, including its mechanics. Its individual name is not indexed; find the parent class table and scan. No automatic play-time activation is required.",Index the named entry and open it directly; retain the complete existing effect and link any cited canonical creature/Power table.,core-class-effect-fanged-deserter-6,ITEM_REFERENCE; SEARCH_ALIAS; RESULT_LINK,Character; Equipment; Combat
core-class-gutterborn-scum,MÖRK BORG Bare Bones,48; 49,"48,49",Optional Classes,Gutterborn Scum — full class reference,Class,PARTIAL,P2,3,4,12,Campaign > Characters > Class > Gutterborn Scum > Generate > Class features,indirect: Gutterborn Scum — full class reference,no,n/a,All printed base rules are in the private class definition and generated sheet; universal search finds background/feature random tables instead of a complete non-generating Class reference.,"Add a read-only Class reference using existing playerRules, creation dice and canonical feature tables; allow lookup without creating a character.",core-class-gutterborn-scum,CLASS_REFERENCE; RESULT_LINK,Character
core-full-class-gutterborn-scum,MÖRK BORG Full Edition (Second Printing),52,48,Optional Classes,Gutterborn Scum — full class reference,Class,PARTIAL,P2,3,4,12,Campaign > Characters > Class > Gutterborn Scum > Generate > Class features,indirect: Gutterborn Scum — full class reference,no,n/a,All printed base rules are in the private class definition and generated sheet; universal search finds background/feature random tables instead of a complete non-generating Class reference.,"Add a read-only Class reference using existing playerRules, creation dice and canonical feature tables; allow lookup without creating a character.",core-class-gutterborn-scum,CLASS_REFERENCE; RESULT_LINK,Character
core-background-gutterborn-scum,MÖRK BORG Bare Bones,48,48,Gutterborn Scum background options,Gutterborn Scum background options,Table,RESOLVED,—,3,1,3,Reference Desk > oracle:core.gutterbornScumBirth,yes: Gutterborn Scum background options,no,yes,Reviewed the source text and available mechanical output; usable via the cited route.,None.,core-background-gutterborn-scum,,Character
core-full-background-gutterborn-scum,MÖRK BORG Full Edition (Second Printing),52,48,Gutterborn Scum background options,Gutterborn Scum background options,Table,RESOLVED,—,3,1,3,Reference Desk > oracle:core.gutterbornScumBirth,yes: Gutterborn Scum background options,no,yes,Reviewed the source text and available mechanical output; usable via the cited route.,None.,core-background-gutterborn-scum,,Character
core-class-effect-gutterborn-scum-1,MÖRK BORG Bare Bones,49,49,Equipment / Named effects,Coward’s Jab,Item,PRESENT_BUT_INDIRECT,P2,3,3,9,Reference Desk > oracle:core.gutterbornScumSpecialty > TABLE; saved Character > Class features,indirect: Coward’s Jab,no,yes,"The complete effect is present as canonical row text, including its mechanics. Its individual name is not indexed; find the parent class table and scan. No automatic play-time activation is required.",Index the named entry and open it directly; retain the complete existing effect and link any cited canonical creature/Power table.,core-class-effect-gutterborn-scum-1,ITEM_REFERENCE; SEARCH_ALIAS; RESULT_LINK,Character; Equipment; Combat
core-full-class-effect-gutterborn-scum-1,MÖRK BORG Full Edition (Second Printing),52,48,Equipment / Named effects,Coward’s Jab,Item,PRESENT_BUT_INDIRECT,P2,3,3,9,Reference Desk > oracle:core.gutterbornScumSpecialty > TABLE; saved Character > Class features,indirect: Coward’s Jab,no,yes,"The complete effect is present as canonical row text, including its mechanics. Its individual name is not indexed; find the parent class table and scan. No automatic play-time activation is required.",Index the named entry and open it directly; retain the complete existing effect and link any cited canonical creature/Power table.,core-class-effect-gutterborn-scum-1,ITEM_REFERENCE; SEARCH_ALIAS; RESULT_LINK,Character; Equipment; Combat
core-class-effect-gutterborn-scum-2,MÖRK BORG Bare Bones,49,49,Equipment / Named effects,Filthy Fingersmith,Item,PRESENT_BUT_INDIRECT,P2,3,3,9,Reference Desk > oracle:core.gutterbornScumSpecialty > TABLE; saved Character > Class features,indirect: Filthy Fingersmith,no,yes,"The complete effect is present as canonical row text, including its mechanics. Its individual name is not indexed; find the parent class table and scan. No automatic play-time activation is required.",Index the named entry and open it directly; retain the complete existing effect and link any cited canonical creature/Power table.,core-class-effect-gutterborn-scum-2,ITEM_REFERENCE; SEARCH_ALIAS; RESULT_LINK,Character; Equipment; Combat
core-full-class-effect-gutterborn-scum-2,MÖRK BORG Full Edition (Second Printing),52,48,Equipment / Named effects,Filthy Fingersmith,Item,PRESENT_BUT_INDIRECT,P2,3,3,9,Reference Desk > oracle:core.gutterbornScumSpecialty > TABLE; saved Character > Class features,indirect: Filthy Fingersmith,no,yes,"The complete effect is present as canonical row text, including its mechanics. Its individual name is not indexed; find the parent class table and scan. No automatic play-time activation is required.",Index the named entry and open it directly; retain the complete existing effect and link any cited canonical creature/Power table.,core-class-effect-gutterborn-scum-2,ITEM_REFERENCE; SEARCH_ALIAS; RESULT_LINK,Character; Equipment; Combat
core-class-effect-gutterborn-scum-3,MÖRK BORG Bare Bones,49,49,Equipment / Named effects,Abominable Gob Lobber,Item,PRESENT_BUT_INDIRECT,P2,3,3,9,Reference Desk > oracle:core.gutterbornScumSpecialty > TABLE; saved Character > Class features,indirect: Abominable Gob Lobber,no,yes,"The complete effect is present as canonical row text, including its mechanics. Its individual name is not indexed; find the parent class table and scan. No automatic play-time activation is required.",Index the named entry and open it directly; retain the complete existing effect and link any cited canonical creature/Power table.,core-class-effect-gutterborn-scum-3,ITEM_REFERENCE; SEARCH_ALIAS; RESULT_LINK,Character; Equipment; Combat
core-full-class-effect-gutterborn-scum-3,MÖRK BORG Full Edition (Second Printing),52,48,Equipment / Named effects,Abominable Gob Lobber,Item,PRESENT_BUT_INDIRECT,P2,3,3,9,Reference Desk > oracle:core.gutterbornScumSpecialty > TABLE; saved Character > Class features,indirect: Abominable Gob Lobber,no,yes,"The complete effect is present as canonical row text, including its mechanics. Its individual name is not indexed; find the parent class table and scan. No automatic play-time activation is required.",Index the named entry and open it directly; retain the complete existing effect and link any cited canonical creature/Power table.,core-class-effect-gutterborn-scum-3,ITEM_REFERENCE; SEARCH_ALIAS; RESULT_LINK,Character; Equipment; Combat
core-class-effect-gutterborn-scum-4,MÖRK BORG Bare Bones,49,49,Equipment / Named effects,Escaping Fate,Item,PRESENT_BUT_INDIRECT,P2,3,3,9,Reference Desk > oracle:core.gutterbornScumSpecialty > TABLE; saved Character > Class features,indirect: Escaping Fate,no,yes,"The complete effect is present as canonical row text, including its mechanics. Its individual name is not indexed; find the parent class table and scan. No automatic play-time activation is required.",Index the named entry and open it directly; retain the complete existing effect and link any cited canonical creature/Power table.,core-class-effect-gutterborn-scum-4,ITEM_REFERENCE; SEARCH_ALIAS; RESULT_LINK,Character; Equipment; Combat
core-full-class-effect-gutterborn-scum-4,MÖRK BORG Full Edition (Second Printing),52,48,Equipment / Named effects,Escaping Fate,Item,PRESENT_BUT_INDIRECT,P2,3,3,9,Reference Desk > oracle:core.gutterbornScumSpecialty > TABLE; saved Character > Class features,indirect: Escaping Fate,no,yes,"The complete effect is present as canonical row text, including its mechanics. Its individual name is not indexed; find the parent class table and scan. No automatic play-time activation is required.",Index the named entry and open it directly; retain the complete existing effect and link any cited canonical creature/Power table.,core-class-effect-gutterborn-scum-4,ITEM_REFERENCE; SEARCH_ALIAS; RESULT_LINK,Character; Equipment; Combat
core-class-effect-gutterborn-scum-5,MÖRK BORG Bare Bones,49,49,Equipment / Named effects,Excretal Stealth,Item,PRESENT_BUT_INDIRECT,P2,3,3,9,Reference Desk > oracle:core.gutterbornScumSpecialty > TABLE; saved Character > Class features,indirect: Excretal Stealth,no,yes,"The complete effect is present as canonical row text, including its mechanics. Its individual name is not indexed; find the parent class table and scan. No automatic play-time activation is required.",Index the named entry and open it directly; retain the complete existing effect and link any cited canonical creature/Power table.,core-class-effect-gutterborn-scum-5,ITEM_REFERENCE; SEARCH_ALIAS; RESULT_LINK,Character; Equipment; Combat
core-full-class-effect-gutterborn-scum-5,MÖRK BORG Full Edition (Second Printing),52,48,Equipment / Named effects,Excretal Stealth,Item,PRESENT_BUT_INDIRECT,P2,3,3,9,Reference Desk > oracle:core.gutterbornScumSpecialty > TABLE; saved Character > Class features,indirect: Excretal Stealth,no,yes,"The complete effect is present as canonical row text, including its mechanics. Its individual name is not indexed; find the parent class table and scan. No automatic play-time activation is required.",Index the named entry and open it directly; retain the complete existing effect and link any cited canonical creature/Power table.,core-class-effect-gutterborn-scum-5,ITEM_REFERENCE; SEARCH_ALIAS; RESULT_LINK,Character; Equipment; Combat
core-class-effect-gutterborn-scum-6,MÖRK BORG Bare Bones,49,49,Equipment / Named effects,Dodging Death,Item,PRESENT_BUT_INDIRECT,P2,3,3,9,Reference Desk > oracle:core.gutterbornScumSpecialty > TABLE; saved Character > Class features,indirect: Dodging Death,no,yes,"The complete effect is present as canonical row text, including its mechanics. Its individual name is not indexed; find the parent class table and scan. No automatic play-time activation is required.",Index the named entry and open it directly; retain the complete existing effect and link any cited canonical creature/Power table.,core-class-effect-gutterborn-scum-6,ITEM_REFERENCE; SEARCH_ALIAS; RESULT_LINK,Character; Equipment; Combat
core-full-class-effect-gutterborn-scum-6,MÖRK BORG Full Edition (Second Printing),52,48,Equipment / Named effects,Dodging Death,Item,PRESENT_BUT_INDIRECT,P2,3,3,9,Reference Desk > oracle:core.gutterbornScumSpecialty > TABLE; saved Character > Class features,indirect: Dodging Death,no,yes,"The complete effect is present as canonical row text, including its mechanics. Its individual name is not indexed; find the parent class table and scan. No automatic play-time activation is required.",Index the named entry and open it directly; retain the complete existing effect and link any cited canonical creature/Power table.,core-class-effect-gutterborn-scum-6,ITEM_REFERENCE; SEARCH_ALIAS; RESULT_LINK,Character; Equipment; Combat
core-class-esoteric-hermit,MÖRK BORG Bare Bones,50; 51,"50,51",Optional Classes,Esoteric Hermit — full class reference,Class,PARTIAL,P2,3,4,12,Campaign > Characters > Class > Esoteric Hermit > Generate > Class features,indirect: Esoteric Hermit — full class reference,no,n/a,All printed base rules are in the private class definition and generated sheet; universal search finds background/feature random tables instead of a complete non-generating Class reference.,"Add a read-only Class reference using existing playerRules, creation dice and canonical feature tables; allow lookup without creating a character.",core-class-esoteric-hermit,CLASS_REFERENCE; RESULT_LINK,Character
core-full-class-esoteric-hermit,MÖRK BORG Full Edition (Second Printing),54; 55,"50,51",Optional Classes,Esoteric Hermit — full class reference,Class,PARTIAL,P2,3,4,12,Campaign > Characters > Class > Esoteric Hermit > Generate > Class features,indirect: Esoteric Hermit — full class reference,no,n/a,All printed base rules are in the private class definition and generated sheet; universal search finds background/feature random tables instead of a complete non-generating Class reference.,"Add a read-only Class reference using existing playerRules, creation dice and canonical feature tables; allow lookup without creating a character.",core-class-esoteric-hermit,CLASS_REFERENCE; RESULT_LINK,Character
core-background-esoteric-hermit,MÖRK BORG Bare Bones,50,50,Esoteric Hermit background options,Esoteric Hermit background options,Table,RESOLVED,—,3,1,3,Reference Desk > oracle:core.esotericHermitOrigins,yes: Esoteric Hermit background options,no,yes,Reviewed the source text and available mechanical output; usable via the cited route.,None.,core-background-esoteric-hermit,,Character
core-full-background-esoteric-hermit,MÖRK BORG Full Edition (Second Printing),55,51,Esoteric Hermit background options,Esoteric Hermit background options,Table,RESOLVED,—,3,1,3,Reference Desk > oracle:core.esotericHermitOrigins,yes: Esoteric Hermit background options,no,yes,Reviewed the source text and available mechanical output; usable via the cited route.,None.,core-background-esoteric-hermit,,Character
core-class-effect-esoteric-hermit-1,MÖRK BORG Bare Bones,51,51,Equipment / Named effects,Master of Fate,Item,PRESENT_BUT_INDIRECT,P2,3,3,9,Reference Desk > oracle:core.esotericHermitItem > TABLE; saved Character > Class features,indirect: Master of Fate,no,yes,"The complete effect is present as canonical row text, including its mechanics. Its individual name is not indexed; find the parent class table and scan. No automatic play-time activation is required.",Index the named entry and open it directly; retain the complete existing effect and link any cited canonical creature/Power table.,core-class-effect-esoteric-hermit-1,ITEM_REFERENCE; SEARCH_ALIAS; RESULT_LINK,Character; Equipment; Combat
core-full-class-effect-esoteric-hermit-1,MÖRK BORG Full Edition (Second Printing),55,51,Equipment / Named effects,Master of Fate,Item,PRESENT_BUT_INDIRECT,P2,3,3,9,Reference Desk > oracle:core.esotericHermitItem > TABLE; saved Character > Class features,indirect: Master of Fate,no,yes,"The complete effect is present as canonical row text, including its mechanics. Its individual name is not indexed; find the parent class table and scan. No automatic play-time activation is required.",Index the named entry and open it directly; retain the complete existing effect and link any cited canonical creature/Power table.,core-class-effect-esoteric-hermit-1,ITEM_REFERENCE; SEARCH_ALIAS; RESULT_LINK,Character; Equipment; Combat
core-class-effect-esoteric-hermit-2,MÖRK BORG Bare Bones,51,51,Equipment / Named effects,Book of Boiling Blood,Item,PRESENT_BUT_INDIRECT,P2,3,3,9,Reference Desk > oracle:core.esotericHermitItem > TABLE; saved Character > Class features,indirect: Book of Boiling Blood,no,yes,"The complete effect is present as canonical row text, including its mechanics. Its individual name is not indexed; find the parent class table and scan. The printed Berserker cross-reference is text only, without a linked creature OPEN action.",Index the named entry and open it directly; retain the complete existing effect and link any cited canonical creature/Power table.,core-class-effect-esoteric-hermit-2,ITEM_REFERENCE; SEARCH_ALIAS; RESULT_LINK,Character; Equipment; Combat
core-full-class-effect-esoteric-hermit-2,MÖRK BORG Full Edition (Second Printing),55,51,Equipment / Named effects,Book of Boiling Blood,Item,PRESENT_BUT_INDIRECT,P2,3,3,9,Reference Desk > oracle:core.esotericHermitItem > TABLE; saved Character > Class features,indirect: Book of Boiling Blood,no,yes,"The complete effect is present as canonical row text, including its mechanics. Its individual name is not indexed; find the parent class table and scan. The printed Berserker cross-reference is text only, without a linked creature OPEN action.",Index the named entry and open it directly; retain the complete existing effect and link any cited canonical creature/Power table.,core-class-effect-esoteric-hermit-2,ITEM_REFERENCE; SEARCH_ALIAS; RESULT_LINK,Character; Equipment; Combat
core-class-effect-esoteric-hermit-3,MÖRK BORG Bare Bones,51,51,Equipment / Named effects,Speaker of Truths,Item,PRESENT_BUT_INDIRECT,P2,3,3,9,Reference Desk > oracle:core.esotericHermitItem > TABLE; saved Character > Class features,indirect: Speaker of Truths,no,yes,"The complete effect is present as canonical row text, including its mechanics. Its individual name is not indexed; find the parent class table and scan. No automatic play-time activation is required.",Index the named entry and open it directly; retain the complete existing effect and link any cited canonical creature/Power table.,core-class-effect-esoteric-hermit-3,ITEM_REFERENCE; SEARCH_ALIAS; RESULT_LINK,Character; Equipment; Combat
core-full-class-effect-esoteric-hermit-3,MÖRK BORG Full Edition (Second Printing),55,51,Equipment / Named effects,Speaker of Truths,Item,PRESENT_BUT_INDIRECT,P2,3,3,9,Reference Desk > oracle:core.esotericHermitItem > TABLE; saved Character > Class features,indirect: Speaker of Truths,no,yes,"The complete effect is present as canonical row text, including its mechanics. Its individual name is not indexed; find the parent class table and scan. No automatic play-time activation is required.",Index the named entry and open it directly; retain the complete existing effect and link any cited canonical creature/Power table.,core-class-effect-esoteric-hermit-3,ITEM_REFERENCE; SEARCH_ALIAS; RESULT_LINK,Character; Equipment; Combat
core-class-effect-esoteric-hermit-4,MÖRK BORG Bare Bones,51,51,Equipment / Named effects,Initiate of the Invisible College,Item,PRESENT_BUT_INDIRECT,P2,3,3,9,Reference Desk > oracle:core.esotericHermitItem > TABLE; saved Character > Class features,indirect: Initiate of the Invisible College,no,yes,"The complete effect is present as canonical row text, including its mechanics. Its individual name is not indexed; find the parent class table and scan. Temporary summoned scrolls route only through manually finding Sacred/Unclean; no linked selection shown.",Index the named entry and open it directly; retain the complete existing effect and link any cited canonical creature/Power table.,core-class-effect-esoteric-hermit-4,ITEM_REFERENCE; SEARCH_ALIAS; RESULT_LINK,Character; Equipment; Combat
core-full-class-effect-esoteric-hermit-4,MÖRK BORG Full Edition (Second Printing),55,51,Equipment / Named effects,Initiate of the Invisible College,Item,PRESENT_BUT_INDIRECT,P2,3,3,9,Reference Desk > oracle:core.esotericHermitItem > TABLE; saved Character > Class features,indirect: Initiate of the Invisible College,no,yes,"The complete effect is present as canonical row text, including its mechanics. Its individual name is not indexed; find the parent class table and scan. Temporary summoned scrolls route only through manually finding Sacred/Unclean; no linked selection shown.",Index the named entry and open it directly; retain the complete existing effect and link any cited canonical creature/Power table.,core-class-effect-esoteric-hermit-4,ITEM_REFERENCE; SEARCH_ALIAS; RESULT_LINK,Character; Equipment; Combat
core-class-effect-esoteric-hermit-5,MÖRK BORG Bare Bones,51,51,Equipment / Named effects,Bard of the Undying,Item,PRESENT_BUT_INDIRECT,P2,3,3,9,Reference Desk > oracle:core.esotericHermitItem > TABLE; saved Character > Class features,indirect: Bard of the Undying,no,yes,"The complete effect is present as canonical row text, including its mechanics. Its individual name is not indexed; find the parent class table and scan. No automatic play-time activation is required.",Index the named entry and open it directly; retain the complete existing effect and link any cited canonical creature/Power table.,core-class-effect-esoteric-hermit-5,ITEM_REFERENCE; SEARCH_ALIAS; RESULT_LINK,Character; Equipment; Combat
core-full-class-effect-esoteric-hermit-5,MÖRK BORG Full Edition (Second Printing),55,51,Equipment / Named effects,Bard of the Undying,Item,PRESENT_BUT_INDIRECT,P2,3,3,9,Reference Desk > oracle:core.esotericHermitItem > TABLE; saved Character > Class features,indirect: Bard of the Undying,no,yes,"The complete effect is present as canonical row text, including its mechanics. Its individual name is not indexed; find the parent class table and scan. No automatic play-time activation is required.",Index the named entry and open it directly; retain the complete existing effect and link any cited canonical creature/Power table.,core-class-effect-esoteric-hermit-5,ITEM_REFERENCE; SEARCH_ALIAS; RESULT_LINK,Character; Equipment; Combat
core-class-effect-esoteric-hermit-6,MÖRK BORG Bare Bones,51,51,Equipment / Named effects,Hawk as Weapon,Item,PRESENT_BUT_INDIRECT,P2,3,3,9,Reference Desk > oracle:core.esotericHermitItem > TABLE; saved Character > Class features,indirect: Hawk as Weapon,no,yes,"The complete effect is present as canonical row text, including its mechanics. Its individual name is not indexed; find the parent class table and scan. No automatic play-time activation is required.",Index the named entry and open it directly; retain the complete existing effect and link any cited canonical creature/Power table.,core-class-effect-esoteric-hermit-6,ITEM_REFERENCE; SEARCH_ALIAS; RESULT_LINK,Character; Equipment; Combat
core-full-class-effect-esoteric-hermit-6,MÖRK BORG Full Edition (Second Printing),55,51,Equipment / Named effects,Hawk as Weapon,Item,PRESENT_BUT_INDIRECT,P2,3,3,9,Reference Desk > oracle:core.esotericHermitItem > TABLE; saved Character > Class features,indirect: Hawk as Weapon,no,yes,"The complete effect is present as canonical row text, including its mechanics. Its individual name is not indexed; find the parent class table and scan. No automatic play-time activation is required.",Index the named entry and open it directly; retain the complete existing effect and link any cited canonical creature/Power table.,core-class-effect-esoteric-hermit-6,ITEM_REFERENCE; SEARCH_ALIAS; RESULT_LINK,Character; Equipment; Combat
core-class-wretched-royalty,MÖRK BORG Bare Bones,52; 53,"52,53",Optional Classes,Wretched Royalty — full class reference,Class,PARTIAL,P2,3,4,12,Campaign > Characters > Class > Wretched Royalty > Generate > Class features,indirect: Wretched Royalty — full class reference,no,n/a,All printed base rules are in the private class definition and generated sheet; universal search finds background/feature random tables instead of a complete non-generating Class reference.,"Add a read-only Class reference using existing playerRules, creation dice and canonical feature tables; allow lookup without creating a character.",core-class-wretched-royalty,CLASS_REFERENCE; RESULT_LINK,Character
core-full-class-wretched-royalty,MÖRK BORG Full Edition (Second Printing),57,53,Optional Classes,Wretched Royalty — full class reference,Class,PARTIAL,P2,3,4,12,Campaign > Characters > Class > Wretched Royalty > Generate > Class features,indirect: Wretched Royalty — full class reference,no,n/a,All printed base rules are in the private class definition and generated sheet; universal search finds background/feature random tables instead of a complete non-generating Class reference.,"Add a read-only Class reference using existing playerRules, creation dice and canonical feature tables; allow lookup without creating a character.",core-class-wretched-royalty,CLASS_REFERENCE; RESULT_LINK,Character
core-background-wretched-royalty,MÖRK BORG Bare Bones,52,52,Wretched Royalty background options,Wretched Royalty background options,Table,RESOLVED,—,3,1,3,Reference Desk > oracle:core.wretchedRoyaltyDownfall,yes: Wretched Royalty background options,no,yes,Reviewed the source text and available mechanical output; usable via the cited route.,None.,core-background-wretched-royalty,,Character
core-full-background-wretched-royalty,MÖRK BORG Full Edition (Second Printing),57,53,Wretched Royalty background options,Wretched Royalty background options,Table,RESOLVED,—,3,1,3,Reference Desk > oracle:core.wretchedRoyaltyDownfall,yes: Wretched Royalty background options,no,yes,Reviewed the source text and available mechanical output; usable via the cited route.,None.,core-background-wretched-royalty,,Character
core-class-effect-wretched-royalty-1,MÖRK BORG Bare Bones,53,53,Equipment / Named effects,The Blade of Your Ancestors,Item,PRESENT_BUT_INDIRECT,P2,3,3,9,Reference Desk > oracle:core.wretchedRoyaltyItems > TABLE; saved Character > Class features,indirect: The Blade of Your Ancestors,no,yes,"The complete effect is present as canonical row text, including its mechanics. Its individual name is not indexed; find the parent class table and scan. No automatic play-time activation is required.",Index the named entry and open it directly; retain the complete existing effect and link any cited canonical creature/Power table.,core-class-effect-wretched-royalty-1,ITEM_REFERENCE; SEARCH_ALIAS; RESULT_LINK,Character; Equipment; Combat
core-full-class-effect-wretched-royalty-1,MÖRK BORG Full Edition (Second Printing),57,53,Equipment / Named effects,The Blade of Your Ancestors,Item,PRESENT_BUT_INDIRECT,P2,3,3,9,Reference Desk > oracle:core.wretchedRoyaltyItems > TABLE; saved Character > Class features,indirect: The Blade of Your Ancestors,no,yes,"The complete effect is present as canonical row text, including its mechanics. Its individual name is not indexed; find the parent class table and scan. No automatic play-time activation is required.",Index the named entry and open it directly; retain the complete existing effect and link any cited canonical creature/Power table.,core-class-effect-wretched-royalty-1,ITEM_REFERENCE; SEARCH_ALIAS; RESULT_LINK,Character; Equipment; Combat
core-class-effect-wretched-royalty-2,MÖRK BORG Bare Bones,53,53,Equipment / Named effects,Poltroon the Court Jester,Item,PRESENT_BUT_INDIRECT,P2,3,3,9,Reference Desk > oracle:core.wretchedRoyaltyItems > TABLE; saved Character > Class features,indirect: Poltroon the Court Jester,no,yes,"The complete effect is present as canonical row text, including its mechanics. Its individual name is not indexed; find the parent class table and scan. No automatic play-time activation is required.",Index the named entry and open it directly; retain the complete existing effect and link any cited canonical creature/Power table.,core-class-effect-wretched-royalty-2,ITEM_REFERENCE; SEARCH_ALIAS; RESULT_LINK,Character; Equipment; Combat
core-full-class-effect-wretched-royalty-2,MÖRK BORG Full Edition (Second Printing),57,53,Equipment / Named effects,Poltroon the Court Jester,Item,PRESENT_BUT_INDIRECT,P2,3,3,9,Reference Desk > oracle:core.wretchedRoyaltyItems > TABLE; saved Character > Class features,indirect: Poltroon the Court Jester,no,yes,"The complete effect is present as canonical row text, including its mechanics. Its individual name is not indexed; find the parent class table and scan. No automatic play-time activation is required.",Index the named entry and open it directly; retain the complete existing effect and link any cited canonical creature/Power table.,core-class-effect-wretched-royalty-2,ITEM_REFERENCE; SEARCH_ALIAS; RESULT_LINK,Character; Equipment; Combat
core-class-effect-wretched-royalty-3,MÖRK BORG Bare Bones,53,53,Equipment / Named effects,Barbarister the Incredible Horse,Item,PRESENT_BUT_INDIRECT,P2,3,3,9,Reference Desk > oracle:core.wretchedRoyaltyItems > TABLE; saved Character > Class features,indirect: Barbarister the Incredible Horse,no,yes,"The complete effect is present as canonical row text, including its mechanics. Its individual name is not indexed; find the parent class table and scan. No automatic play-time activation is required.",Index the named entry and open it directly; retain the complete existing effect and link any cited canonical creature/Power table.,core-class-effect-wretched-royalty-3,ITEM_REFERENCE; SEARCH_ALIAS; RESULT_LINK,Character; Equipment; Combat
core-full-class-effect-wretched-royalty-3,MÖRK BORG Full Edition (Second Printing),57,53,Equipment / Named effects,Barbarister the Incredible Horse,Item,PRESENT_BUT_INDIRECT,P2,3,3,9,Reference Desk > oracle:core.wretchedRoyaltyItems > TABLE; saved Character > Class features,indirect: Barbarister the Incredible Horse,no,yes,"The complete effect is present as canonical row text, including its mechanics. Its individual name is not indexed; find the parent class table and scan. No automatic play-time activation is required.",Index the named entry and open it directly; retain the complete existing effect and link any cited canonical creature/Power table.,core-class-effect-wretched-royalty-3,ITEM_REFERENCE; SEARCH_ALIAS; RESULT_LINK,Character; Equipment; Combat
core-class-effect-wretched-royalty-4,MÖRK BORG Bare Bones,53,53,Equipment / Named effects,Hamfund the Squire,Item,PRESENT_BUT_INDIRECT,P2,3,3,9,Reference Desk > oracle:core.wretchedRoyaltyItems > TABLE; saved Character > Class features,indirect: Hamfund the Squire,no,yes,"The complete effect is present as canonical row text, including its mechanics. Its individual name is not indexed; find the parent class table and scan. No automatic play-time activation is required.",Index the named entry and open it directly; retain the complete existing effect and link any cited canonical creature/Power table.,core-class-effect-wretched-royalty-4,ITEM_REFERENCE; SEARCH_ALIAS; RESULT_LINK,Character; Equipment; Combat
core-full-class-effect-wretched-royalty-4,MÖRK BORG Full Edition (Second Printing),57,53,Equipment / Named effects,Hamfund the Squire,Item,PRESENT_BUT_INDIRECT,P2,3,3,9,Reference Desk > oracle:core.wretchedRoyaltyItems > TABLE; saved Character > Class features,indirect: Hamfund the Squire,no,yes,"The complete effect is present as canonical row text, including its mechanics. Its individual name is not indexed; find the parent class table and scan. No automatic play-time activation is required.",Index the named entry and open it directly; retain the complete existing effect and link any cited canonical creature/Power table.,core-class-effect-wretched-royalty-4,ITEM_REFERENCE; SEARCH_ALIAS; RESULT_LINK,Character; Equipment; Combat
core-class-effect-wretched-royalty-5,MÖRK BORG Bare Bones,53,53,Equipment / Named effects,The Snake-Skin Gift,Item,PRESENT_BUT_INDIRECT,P2,3,3,9,Reference Desk > oracle:core.wretchedRoyaltyItems > TABLE; saved Character > Class features,indirect: The Snake-Skin Gift,no,yes,"The complete effect is present as canonical row text, including its mechanics. Its individual name is not indexed; find the parent class table and scan. No automatic play-time activation is required.",Index the named entry and open it directly; retain the complete existing effect and link any cited canonical creature/Power table.,core-class-effect-wretched-royalty-5,ITEM_REFERENCE; SEARCH_ALIAS; RESULT_LINK,Character; Equipment; Combat
core-full-class-effect-wretched-royalty-5,MÖRK BORG Full Edition (Second Printing),57,53,Equipment / Named effects,The Snake-Skin Gift,Item,PRESENT_BUT_INDIRECT,P2,3,3,9,Reference Desk > oracle:core.wretchedRoyaltyItems > TABLE; saved Character > Class features,indirect: The Snake-Skin Gift,no,yes,"The complete effect is present as canonical row text, including its mechanics. Its individual name is not indexed; find the parent class table and scan. No automatic play-time activation is required.",Index the named entry and open it directly; retain the complete existing effect and link any cited canonical creature/Power table.,core-class-effect-wretched-royalty-5,ITEM_REFERENCE; SEARCH_ALIAS; RESULT_LINK,Character; Equipment; Combat
core-class-effect-wretched-royalty-6,MÖRK BORG Bare Bones,53,53,Equipment / Named effects,Horn of the Schleswig Lords,Item,PRESENT_BUT_INDIRECT,P2,3,3,9,Reference Desk > oracle:core.wretchedRoyaltyItems > TABLE; saved Character > Class features,indirect: Horn of the Schleswig Lords,no,yes,"The complete effect is present as canonical row text, including its mechanics. Its individual name is not indexed; find the parent class table and scan. No automatic play-time activation is required.",Index the named entry and open it directly; retain the complete existing effect and link any cited canonical creature/Power table.,core-class-effect-wretched-royalty-6,ITEM_REFERENCE; SEARCH_ALIAS; RESULT_LINK,Character; Equipment; Combat
core-full-class-effect-wretched-royalty-6,MÖRK BORG Full Edition (Second Printing),57,53,Equipment / Named effects,Horn of the Schleswig Lords,Item,PRESENT_BUT_INDIRECT,P2,3,3,9,Reference Desk > oracle:core.wretchedRoyaltyItems > TABLE; saved Character > Class features,indirect: Horn of the Schleswig Lords,no,yes,"The complete effect is present as canonical row text, including its mechanics. Its individual name is not indexed; find the parent class table and scan. No automatic play-time activation is required.",Index the named entry and open it directly; retain the complete existing effect and link any cited canonical creature/Power table.,core-class-effect-wretched-royalty-6,ITEM_REFERENCE; SEARCH_ALIAS; RESULT_LINK,Character; Equipment; Combat
core-class-heretical-priest,MÖRK BORG Bare Bones,54; 55,"54,55",Optional Classes,Heretical Priest — full class reference,Class,PARTIAL,P2,3,4,12,Campaign > Characters > Class > Heretical Priest > Generate > Class features,indirect: Heretical Priest — full class reference,no,n/a,All printed base rules are in the private class definition and generated sheet; universal search finds background/feature random tables instead of a complete non-generating Class reference.,"Add a read-only Class reference using existing playerRules, creation dice and canonical feature tables; allow lookup without creating a character.",core-class-heretical-priest,CLASS_REFERENCE; RESULT_LINK,Character
core-full-class-heretical-priest,MÖRK BORG Full Edition (Second Printing),59,55,Optional Classes,Heretical Priest — full class reference,Class,PARTIAL,P2,3,4,12,Campaign > Characters > Class > Heretical Priest > Generate > Class features,indirect: Heretical Priest — full class reference,no,n/a,All printed base rules are in the private class definition and generated sheet; universal search finds background/feature random tables instead of a complete non-generating Class reference.,"Add a read-only Class reference using existing playerRules, creation dice and canonical feature tables; allow lookup without creating a character.",core-class-heretical-priest,CLASS_REFERENCE; RESULT_LINK,Character
core-background-heretical-priest,MÖRK BORG Bare Bones,54,54,Heretical Priest background options,Heretical Priest background options,Table,RESOLVED,—,3,1,3,Reference Desk > oracle:core.hereticalPriestOrigins,yes: Heretical Priest background options,no,yes,Reviewed the source text and available mechanical output; usable via the cited route.,None.,core-background-heretical-priest,,Character
core-full-background-heretical-priest,MÖRK BORG Full Edition (Second Printing),59,55,Heretical Priest background options,Heretical Priest background options,Table,RESOLVED,—,3,1,3,Reference Desk > oracle:core.hereticalPriestOrigins,yes: Heretical Priest background options,no,yes,Reviewed the source text and available mechanical output; usable via the cited route.,None.,core-background-heretical-priest,,Character
core-class-effect-heretical-priest-1,MÖRK BORG Bare Bones,55,55,Equipment / Named effects,Sacred Shepherd’s Crook,Item,PRESENT_BUT_INDIRECT,P2,3,3,9,Reference Desk > oracle:core.hereticalPriestItem > TABLE; saved Character > Class features,indirect: Sacred Shepherd’s Crook,no,yes,"The complete effect is present as canonical row text, including its mechanics. Its individual name is not indexed; find the parent class table and scan. No automatic play-time activation is required.",Index the named entry and open it directly; retain the complete existing effect and link any cited canonical creature/Power table.,core-class-effect-heretical-priest-1,ITEM_REFERENCE; SEARCH_ALIAS; RESULT_LINK,Character; Equipment; Combat
core-full-class-effect-heretical-priest-1,MÖRK BORG Full Edition (Second Printing),59,55,Equipment / Named effects,Sacred Shepherd’s Crook,Item,PRESENT_BUT_INDIRECT,P2,3,3,9,Reference Desk > oracle:core.hereticalPriestItem > TABLE; saved Character > Class features,indirect: Sacred Shepherd’s Crook,no,yes,"The complete effect is present as canonical row text, including its mechanics. Its individual name is not indexed; find the parent class table and scan. No automatic play-time activation is required.",Index the named entry and open it directly; retain the complete existing effect and link any cited canonical creature/Power table.,core-class-effect-heretical-priest-1,ITEM_REFERENCE; SEARCH_ALIAS; RESULT_LINK,Character; Equipment; Combat
core-class-effect-heretical-priest-2,MÖRK BORG Bare Bones,55,55,Equipment / Named effects,Stolen Mitre,Item,PRESENT_BUT_INDIRECT,P2,3,3,9,Reference Desk > oracle:core.hereticalPriestItem > TABLE; saved Character > Class features,indirect: Stolen Mitre,no,yes,"The complete effect is present as canonical row text, including its mechanics. Its individual name is not indexed; find the parent class table and scan. No automatic play-time activation is required.",Index the named entry and open it directly; retain the complete existing effect and link any cited canonical creature/Power table.,core-class-effect-heretical-priest-2,ITEM_REFERENCE; SEARCH_ALIAS; RESULT_LINK,Character; Equipment; Combat
core-full-class-effect-heretical-priest-2,MÖRK BORG Full Edition (Second Printing),59,55,Equipment / Named effects,Stolen Mitre,Item,PRESENT_BUT_INDIRECT,P2,3,3,9,Reference Desk > oracle:core.hereticalPriestItem > TABLE; saved Character > Class features,indirect: Stolen Mitre,no,yes,"The complete effect is present as canonical row text, including its mechanics. Its individual name is not indexed; find the parent class table and scan. No automatic play-time activation is required.",Index the named entry and open it directly; retain the complete existing effect and link any cited canonical creature/Power table.,core-class-effect-heretical-priest-2,ITEM_REFERENCE; SEARCH_ALIAS; RESULT_LINK,Character; Equipment; Combat
core-class-effect-heretical-priest-3,MÖRK BORG Bare Bones,55,55,Equipment / Named effects,List of Sins,Item,PRESENT_BUT_INDIRECT,P2,3,3,9,Reference Desk > oracle:core.hereticalPriestItem > TABLE; saved Character > Class features,indirect: List of Sins,no,yes,"The complete effect is present as canonical row text, including its mechanics. Its individual name is not indexed; find the parent class table and scan. No automatic play-time activation is required.",Index the named entry and open it directly; retain the complete existing effect and link any cited canonical creature/Power table.,core-class-effect-heretical-priest-3,ITEM_REFERENCE; SEARCH_ALIAS; RESULT_LINK,Character; Equipment; Combat
core-full-class-effect-heretical-priest-3,MÖRK BORG Full Edition (Second Printing),59,55,Equipment / Named effects,List of Sins,Item,PRESENT_BUT_INDIRECT,P2,3,3,9,Reference Desk > oracle:core.hereticalPriestItem > TABLE; saved Character > Class features,indirect: List of Sins,no,yes,"The complete effect is present as canonical row text, including its mechanics. Its individual name is not indexed; find the parent class table and scan. No automatic play-time activation is required.",Index the named entry and open it directly; retain the complete existing effect and link any cited canonical creature/Power table.,core-class-effect-heretical-priest-3,ITEM_REFERENCE; SEARCH_ALIAS; RESULT_LINK,Character; Equipment; Combat
core-class-effect-heretical-priest-4,MÖRK BORG Bare Bones,55,55,Equipment / Named effects,The Blasphemous Nechrubel Bible,Item,PRESENT_BUT_INDIRECT,P2,3,3,9,Reference Desk > oracle:core.hereticalPriestItem > TABLE; saved Character > Class features,indirect: The Blasphemous Nechrubel Bible,no,yes,"The complete effect is present as canonical row text, including its mechanics. Its individual name is not indexed; find the parent class table and scan. No automatic play-time activation is required.",Index the named entry and open it directly; retain the complete existing effect and link any cited canonical creature/Power table.,core-class-effect-heretical-priest-4,ITEM_REFERENCE; SEARCH_ALIAS; RESULT_LINK,Character; Equipment; Combat
core-full-class-effect-heretical-priest-4,MÖRK BORG Full Edition (Second Printing),59,55,Equipment / Named effects,The Blasphemous Nechrubel Bible,Item,PRESENT_BUT_INDIRECT,P2,3,3,9,Reference Desk > oracle:core.hereticalPriestItem > TABLE; saved Character > Class features,indirect: The Blasphemous Nechrubel Bible,no,yes,"The complete effect is present as canonical row text, including its mechanics. Its individual name is not indexed; find the parent class table and scan. No automatic play-time activation is required.",Index the named entry and open it directly; retain the complete existing effect and link any cited canonical creature/Power table.,core-class-effect-heretical-priest-4,ITEM_REFERENCE; SEARCH_ALIAS; RESULT_LINK,Character; Equipment; Combat
core-class-effect-heretical-priest-5,MÖRK BORG Bare Bones,55,55,Equipment / Named effects,Stones Taken from Thel-Emas’ Lost Temple,Item,PRESENT_BUT_INDIRECT,P2,3,3,9,Reference Desk > oracle:core.hereticalPriestItem > TABLE; saved Character > Class features,indirect: Stones Taken from Thel-Emas’ Lost Temple,no,yes,"The complete effect is present as canonical row text, including its mechanics. Its individual name is not indexed; find the parent class table and scan. No automatic play-time activation is required.",Index the named entry and open it directly; retain the complete existing effect and link any cited canonical creature/Power table.,core-class-effect-heretical-priest-5,ITEM_REFERENCE; SEARCH_ALIAS; RESULT_LINK,Character; Equipment; Combat
core-full-class-effect-heretical-priest-5,MÖRK BORG Full Edition (Second Printing),59,55,Equipment / Named effects,Stones Taken from Thel-Emas’ Lost Temple,Item,PRESENT_BUT_INDIRECT,P2,3,3,9,Reference Desk > oracle:core.hereticalPriestItem > TABLE; saved Character > Class features,indirect: Stones Taken from Thel-Emas’ Lost Temple,no,yes,"The complete effect is present as canonical row text, including its mechanics. Its individual name is not indexed; find the parent class table and scan. No automatic play-time activation is required.",Index the named entry and open it directly; retain the complete existing effect and link any cited canonical creature/Power table.,core-class-effect-heretical-priest-5,ITEM_REFERENCE; SEARCH_ALIAS; RESULT_LINK,Character; Equipment; Combat
core-class-effect-heretical-priest-6,MÖRK BORG Bare Bones,55,55,Equipment / Named effects,(Wrong Jesus) Crucifix,Item,PRESENT_BUT_INDIRECT,P2,3,3,9,Reference Desk > oracle:core.hereticalPriestItem > TABLE; saved Character > Class features,indirect: (Wrong Jesus) Crucifix,no,yes,"The complete effect is present as canonical row text, including its mechanics. Its individual name is not indexed; find the parent class table and scan. No automatic play-time activation is required.",Index the named entry and open it directly; retain the complete existing effect and link any cited canonical creature/Power table.,core-class-effect-heretical-priest-6,ITEM_REFERENCE; SEARCH_ALIAS; RESULT_LINK,Character; Equipment; Combat
core-full-class-effect-heretical-priest-6,MÖRK BORG Full Edition (Second Printing),59,55,Equipment / Named effects,(Wrong Jesus) Crucifix,Item,PRESENT_BUT_INDIRECT,P2,3,3,9,Reference Desk > oracle:core.hereticalPriestItem > TABLE; saved Character > Class features,indirect: (Wrong Jesus) Crucifix,no,yes,"The complete effect is present as canonical row text, including its mechanics. Its individual name is not indexed; find the parent class table and scan. No automatic play-time activation is required.",Index the named entry and open it directly; retain the complete existing effect and link any cited canonical creature/Power table.,core-class-effect-heretical-priest-6,ITEM_REFERENCE; SEARCH_ALIAS; RESULT_LINK,Character; Equipment; Combat
core-class-occult-herbmaster,MÖRK BORG Bare Bones,56; 57,"56,57",Optional Classes,Occult Herbmaster — full class reference,Class,PARTIAL,P2,3,4,12,Campaign > Characters > Class > Occult Herbmaster > Generate > Class features,indirect: Occult Herbmaster — full class reference,no,n/a,All printed base rules are in the private class definition and generated sheet; universal search finds background/feature random tables instead of a complete non-generating Class reference.,"Add a read-only Class reference using existing playerRules, creation dice and canonical feature tables; allow lookup without creating a character.",core-class-occult-herbmaster,CLASS_REFERENCE; RESULT_LINK,Character
core-full-class-occult-herbmaster,MÖRK BORG Full Edition (Second Printing),60; 61,"56,57",Optional Classes,Occult Herbmaster — full class reference,Class,PARTIAL,P2,3,4,12,Campaign > Characters > Class > Occult Herbmaster > Generate > Class features,indirect: Occult Herbmaster — full class reference,no,n/a,All printed base rules are in the private class definition and generated sheet; universal search finds background/feature random tables instead of a complete non-generating Class reference.,"Add a read-only Class reference using existing playerRules, creation dice and canonical feature tables; allow lookup without creating a character.",core-class-occult-herbmaster,CLASS_REFERENCE; RESULT_LINK,Character
core-background-occult-herbmaster,MÖRK BORG Bare Bones,56,56,Occult Herbmaster background options,Occult Herbmaster background options,Table,RESOLVED,—,3,1,3,Reference Desk > oracle:core.occultHerbmasterOrigins,yes: Occult Herbmaster background options,no,yes,Reviewed the source text and available mechanical output; usable via the cited route.,None.,core-background-occult-herbmaster,,Character
core-full-background-occult-herbmaster,MÖRK BORG Full Edition (Second Printing),61,57,Occult Herbmaster background options,Occult Herbmaster background options,Table,RESOLVED,—,3,1,3,Reference Desk > oracle:core.occultHerbmasterOrigins,yes: Occult Herbmaster background options,no,yes,Reviewed the source text and available mechanical output; usable via the cited route.,None.,core-background-occult-herbmaster,,Character
core-class-effect-occult-herbmaster-1,MÖRK BORG Bare Bones,57,57,Equipment / Named effects,Red Poison decoction,Item,PRESENT_BUT_INDIRECT,P2,3,3,9,Reference Desk > oracle:core.occultHerbmasterDecoctions > TABLE; saved Character > Class features,indirect: Red Poison decoction,no,yes,"The complete effect is present as canonical row text, including its mechanics. Its individual name is not indexed; find the parent class table and scan. No automatic play-time activation is required.",Index the named entry and open it directly; retain the complete existing effect and link any cited canonical creature/Power table.,core-class-effect-occult-herbmaster-1,ITEM_REFERENCE; SEARCH_ALIAS; RESULT_LINK,Character; Equipment; Combat
core-full-class-effect-occult-herbmaster-1,MÖRK BORG Full Edition (Second Printing),60,56,Equipment / Named effects,Red Poison decoction,Item,PRESENT_BUT_INDIRECT,P2,3,3,9,Reference Desk > oracle:core.occultHerbmasterDecoctions > TABLE; saved Character > Class features,indirect: Red Poison decoction,no,yes,"The complete effect is present as canonical row text, including its mechanics. Its individual name is not indexed; find the parent class table and scan. No automatic play-time activation is required.",Index the named entry and open it directly; retain the complete existing effect and link any cited canonical creature/Power table.,core-class-effect-occult-herbmaster-1,ITEM_REFERENCE; SEARCH_ALIAS; RESULT_LINK,Character; Equipment; Combat
core-class-effect-occult-herbmaster-2,MÖRK BORG Bare Bones,57,57,Equipment / Named effects,Ezumiels Vapor,Item,PRESENT_BUT_INDIRECT,P2,3,3,9,Reference Desk > oracle:core.occultHerbmasterDecoctions > TABLE; saved Character > Class features,indirect: Ezumiels Vapor,no,yes,"The complete effect is present as canonical row text, including its mechanics. Its individual name is not indexed; find the parent class table and scan. No automatic play-time activation is required.",Index the named entry and open it directly; retain the complete existing effect and link any cited canonical creature/Power table.,core-class-effect-occult-herbmaster-2,ITEM_REFERENCE; SEARCH_ALIAS; RESULT_LINK,Character; Equipment; Combat
core-full-class-effect-occult-herbmaster-2,MÖRK BORG Full Edition (Second Printing),60,56,Equipment / Named effects,Ezumiels Vapor,Item,PRESENT_BUT_INDIRECT,P2,3,3,9,Reference Desk > oracle:core.occultHerbmasterDecoctions > TABLE; saved Character > Class features,indirect: Ezumiels Vapor,no,yes,"The complete effect is present as canonical row text, including its mechanics. Its individual name is not indexed; find the parent class table and scan. No automatic play-time activation is required.",Index the named entry and open it directly; retain the complete existing effect and link any cited canonical creature/Power table.,core-class-effect-occult-herbmaster-2,ITEM_REFERENCE; SEARCH_ALIAS; RESULT_LINK,Character; Equipment; Combat
core-class-effect-occult-herbmaster-3,MÖRK BORG Bare Bones,57,57,Equipment / Named effects,Southern Frog Stew,Item,PRESENT_BUT_INDIRECT,P2,3,3,9,Reference Desk > oracle:core.occultHerbmasterDecoctions > TABLE; saved Character > Class features,indirect: Southern Frog Stew,no,yes,"The complete effect is present as canonical row text, including its mechanics. Its individual name is not indexed; find the parent class table and scan. No automatic play-time activation is required.",Index the named entry and open it directly; retain the complete existing effect and link any cited canonical creature/Power table.,core-class-effect-occult-herbmaster-3,ITEM_REFERENCE; SEARCH_ALIAS; RESULT_LINK,Character; Equipment; Combat
core-full-class-effect-occult-herbmaster-3,MÖRK BORG Full Edition (Second Printing),60,56,Equipment / Named effects,Southern Frog Stew,Item,PRESENT_BUT_INDIRECT,P2,3,3,9,Reference Desk > oracle:core.occultHerbmasterDecoctions > TABLE; saved Character > Class features,indirect: Southern Frog Stew,no,yes,"The complete effect is present as canonical row text, including its mechanics. Its individual name is not indexed; find the parent class table and scan. No automatic play-time activation is required.",Index the named entry and open it directly; retain the complete existing effect and link any cited canonical creature/Power table.,core-class-effect-occult-herbmaster-3,ITEM_REFERENCE; SEARCH_ALIAS; RESULT_LINK,Character; Equipment; Combat
core-class-effect-occult-herbmaster-4,MÖRK BORG Bare Bones,57,57,Equipment / Named effects,Elixir Vitalis,Item,PRESENT_BUT_INDIRECT,P2,3,3,9,Reference Desk > oracle:core.occultHerbmasterDecoctions > TABLE; saved Character > Class features,indirect: Elixir Vitalis,no,yes,"The complete effect is present as canonical row text, including its mechanics. Its individual name is not indexed; find the parent class table and scan. No automatic play-time activation is required.",Index the named entry and open it directly; retain the complete existing effect and link any cited canonical creature/Power table.,core-class-effect-occult-herbmaster-4,ITEM_REFERENCE; SEARCH_ALIAS; RESULT_LINK,Character; Equipment; Combat
core-full-class-effect-occult-herbmaster-4,MÖRK BORG Full Edition (Second Printing),60,56,Equipment / Named effects,Elixir Vitalis,Item,PRESENT_BUT_INDIRECT,P2,3,3,9,Reference Desk > oracle:core.occultHerbmasterDecoctions > TABLE; saved Character > Class features,indirect: Elixir Vitalis,no,yes,"The complete effect is present as canonical row text, including its mechanics. Its individual name is not indexed; find the parent class table and scan. No automatic play-time activation is required.",Index the named entry and open it directly; retain the complete existing effect and link any cited canonical creature/Power table.,core-class-effect-occult-herbmaster-4,ITEM_REFERENCE; SEARCH_ALIAS; RESULT_LINK,Character; Equipment; Combat
core-class-effect-occult-herbmaster-5,MÖRK BORG Bare Bones,57,57,Equipment / Named effects,Spider-Owl Soup,Item,PRESENT_BUT_INDIRECT,P2,3,3,9,Reference Desk > oracle:core.occultHerbmasterDecoctions > TABLE; saved Character > Class features,indirect: Spider-Owl Soup,no,yes,"The complete effect is present as canonical row text, including its mechanics. Its individual name is not indexed; find the parent class table and scan. No automatic play-time activation is required.",Index the named entry and open it directly; retain the complete existing effect and link any cited canonical creature/Power table.,core-class-effect-occult-herbmaster-5,ITEM_REFERENCE; SEARCH_ALIAS; RESULT_LINK,Character; Equipment; Combat
core-full-class-effect-occult-herbmaster-5,MÖRK BORG Full Edition (Second Printing),60,56,Equipment / Named effects,Spider-Owl Soup,Item,PRESENT_BUT_INDIRECT,P2,3,3,9,Reference Desk > oracle:core.occultHerbmasterDecoctions > TABLE; saved Character > Class features,indirect: Spider-Owl Soup,no,yes,"The complete effect is present as canonical row text, including its mechanics. Its individual name is not indexed; find the parent class table and scan. No automatic play-time activation is required.",Index the named entry and open it directly; retain the complete existing effect and link any cited canonical creature/Power table.,core-class-effect-occult-herbmaster-5,ITEM_REFERENCE; SEARCH_ALIAS; RESULT_LINK,Character; Equipment; Combat
core-class-effect-occult-herbmaster-6,MÖRK BORG Bare Bones,57,57,Equipment / Named effects,Fernor’s Philtre,Item,PRESENT_BUT_INDIRECT,P2,3,3,9,Reference Desk > oracle:core.occultHerbmasterDecoctions > TABLE; saved Character > Class features,indirect: Fernor’s Philtre,no,yes,"The complete effect is present as canonical row text, including its mechanics. Its individual name is not indexed; find the parent class table and scan. No automatic play-time activation is required.",Index the named entry and open it directly; retain the complete existing effect and link any cited canonical creature/Power table.,core-class-effect-occult-herbmaster-6,ITEM_REFERENCE; SEARCH_ALIAS; RESULT_LINK,Character; Equipment; Combat
core-full-class-effect-occult-herbmaster-6,MÖRK BORG Full Edition (Second Printing),60,56,Equipment / Named effects,Fernor’s Philtre,Item,PRESENT_BUT_INDIRECT,P2,3,3,9,Reference Desk > oracle:core.occultHerbmasterDecoctions > TABLE; saved Character > Class features,indirect: Fernor’s Philtre,no,yes,"The complete effect is present as canonical row text, including its mechanics. Its individual name is not indexed; find the parent class table and scan. No automatic play-time activation is required.",Index the named entry and open it directly; retain the complete existing effect and link any cited canonical creature/Power table.,core-class-effect-occult-herbmaster-6,ITEM_REFERENCE; SEARCH_ALIAS; RESULT_LINK,Character; Equipment; Combat
core-class-effect-occult-herbmaster-7,MÖRK BORG Bare Bones,57,57,Equipment / Named effects,Hyphos’ Enervating Snuff,Item,PRESENT_BUT_INDIRECT,P2,3,3,9,Reference Desk > oracle:core.occultHerbmasterDecoctions > TABLE; saved Character > Class features,indirect: Hyphos’ Enervating Snuff,no,yes,"The complete effect is present as canonical row text, including its mechanics. Its individual name is not indexed; find the parent class table and scan. No automatic play-time activation is required.",Index the named entry and open it directly; retain the complete existing effect and link any cited canonical creature/Power table.,core-class-effect-occult-herbmaster-7,ITEM_REFERENCE; SEARCH_ALIAS; RESULT_LINK,Character; Equipment; Combat
core-full-class-effect-occult-herbmaster-7,MÖRK BORG Full Edition (Second Printing),60,56,Equipment / Named effects,Hyphos’ Enervating Snuff,Item,PRESENT_BUT_INDIRECT,P2,3,3,9,Reference Desk > oracle:core.occultHerbmasterDecoctions > TABLE; saved Character > Class features,indirect: Hyphos’ Enervating Snuff,no,yes,"The complete effect is present as canonical row text, including its mechanics. Its individual name is not indexed; find the parent class table and scan. No automatic play-time activation is required.",Index the named entry and open it directly; retain the complete existing effect and link any cited canonical creature/Power table.,core-class-effect-occult-herbmaster-7,ITEM_REFERENCE; SEARCH_ALIAS; RESULT_LINK,Character; Equipment; Combat
core-class-effect-occult-herbmaster-8,MÖRK BORG Bare Bones,57,57,Equipment / Named effects,Black Poison decoction,Item,PRESENT_BUT_INDIRECT,P2,3,3,9,Reference Desk > oracle:core.occultHerbmasterDecoctions > TABLE; saved Character > Class features,indirect: Black Poison decoction,no,yes,"The complete effect is present as canonical row text, including its mechanics. Its individual name is not indexed; find the parent class table and scan. No automatic play-time activation is required.",Index the named entry and open it directly; retain the complete existing effect and link any cited canonical creature/Power table.,core-class-effect-occult-herbmaster-8,ITEM_REFERENCE; SEARCH_ALIAS; RESULT_LINK,Character; Equipment; Combat
core-full-class-effect-occult-herbmaster-8,MÖRK BORG Full Edition (Second Printing),60,56,Equipment / Named effects,Black Poison decoction,Item,PRESENT_BUT_INDIRECT,P2,3,3,9,Reference Desk > oracle:core.occultHerbmasterDecoctions > TABLE; saved Character > Class features,indirect: Black Poison decoction,no,yes,"The complete effect is present as canonical row text, including its mechanics. Its individual name is not indexed; find the parent class table and scan. No automatic play-time activation is required.",Index the named entry and open it directly; retain the complete existing effect and link any cited canonical creature/Power table.,core-class-effect-occult-herbmaster-8,ITEM_REFERENCE; SEARCH_ALIAS; RESULT_LINK,Character; Equipment; Combat
core-treasure-1,MÖRK BORG Bare Bones,3,3,Equipment / Named effects,Ash-grey ring,Item,PRESENT_BUT_INDIRECT,P2,2,3,6,Reference Desk > oracle:core.treasures > TABLE,indirect: Ash-grey ring,partial,yes,"Full effect is readable in the existing table, but an individual artifact name is not indexed. ",Index this existing row for direct named lookup; no new content or generator.,core-treasure-1,ITEM_REFERENCE; SEARCH_ALIAS,Equipment; Powers
core-full-treasure-1,MÖRK BORG Full Edition (Second Printing),2,unnumbered / see page ledger,Equipment / Named effects,Ash-grey ring,Item,PRESENT_BUT_INDIRECT,P2,2,3,6,Reference Desk > oracle:core.treasures > TABLE,indirect: Ash-grey ring,partial,yes,"Full effect is readable in the existing table, but an individual artifact name is not indexed. ",Index this existing row for direct named lookup; no new content or generator.,core-treasure-1,ITEM_REFERENCE; SEARCH_ALIAS,Equipment; Powers
core-treasure-2,MÖRK BORG Bare Bones,3,3,Equipment / Named effects,Vile flute / meat golem,Item,PRESENT_BUT_INDIRECT,P2,2,3,6,Reference Desk > oracle:core.treasures > TABLE,indirect: Vile flute / meat golem,partial,yes,"Full effect is readable in the existing table, but an individual artifact name is not indexed. Embedded meat-golem stat block retained.",Index this existing row for direct named lookup; no new content or generator.,core-treasure-2,ITEM_REFERENCE; SEARCH_ALIAS,Equipment; Powers
core-full-treasure-2,MÖRK BORG Full Edition (Second Printing),2,unnumbered / see page ledger,Equipment / Named effects,Vile flute / meat golem,Item,PRESENT_BUT_INDIRECT,P2,2,3,6,Reference Desk > oracle:core.treasures > TABLE,indirect: Vile flute / meat golem,partial,yes,"Full effect is readable in the existing table, but an individual artifact name is not indexed. Embedded meat-golem stat block retained.",Index this existing row for direct named lookup; no new content or generator.,core-treasure-2,ITEM_REFERENCE; SEARCH_ALIAS,Equipment; Powers
core-treasure-3,MÖRK BORG Bare Bones,3,3,Equipment / Named effects,Famine Spoon,Item,PRESENT_BUT_INDIRECT,P2,2,3,6,Reference Desk > oracle:core.treasures > TABLE,indirect: Famine Spoon,partial,yes,"Full effect is readable in the existing table, but an individual artifact name is not indexed. ",Index this existing row for direct named lookup; no new content or generator.,core-treasure-3,ITEM_REFERENCE; SEARCH_ALIAS,Equipment; Powers
core-full-treasure-3,MÖRK BORG Full Edition (Second Printing),2,unnumbered / see page ledger,Equipment / Named effects,Famine Spoon,Item,PRESENT_BUT_INDIRECT,P2,2,3,6,Reference Desk > oracle:core.treasures > TABLE,indirect: Famine Spoon,partial,yes,"Full effect is readable in the existing table, but an individual artifact name is not indexed. ",Index this existing row for direct named lookup; no new content or generator.,core-treasure-3,ITEM_REFERENCE; SEARCH_ALIAS,Equipment; Powers
core-treasure-4,MÖRK BORG Bare Bones,3,3,Equipment / Named effects,Malevolently accurate mirror,Item,PRESENT_BUT_INDIRECT,P2,2,3,6,Reference Desk > oracle:core.treasures > TABLE,indirect: Malevolently accurate mirror,partial,yes,"Full effect is readable in the existing table, but an individual artifact name is not indexed. ",Index this existing row for direct named lookup; no new content or generator.,core-treasure-4,ITEM_REFERENCE; SEARCH_ALIAS,Equipment; Powers
core-full-treasure-4,MÖRK BORG Full Edition (Second Printing),2,unnumbered / see page ledger,Equipment / Named effects,Malevolently accurate mirror,Item,PRESENT_BUT_INDIRECT,P2,2,3,6,Reference Desk > oracle:core.treasures > TABLE,indirect: Malevolently accurate mirror,partial,yes,"Full effect is readable in the existing table, but an individual artifact name is not indexed. ",Index this existing row for direct named lookup; no new content or generator.,core-treasure-4,ITEM_REFERENCE; SEARCH_ALIAS,Equipment; Powers
core-treasure-5,MÖRK BORG Bare Bones,3,3,Equipment / Named effects,Vampiric phurba,Item,PRESENT_BUT_INDIRECT,P2,2,3,6,Reference Desk > oracle:core.treasures > TABLE,indirect: Vampiric phurba,partial,yes,"Full effect is readable in the existing table, but an individual artifact name is not indexed. ",Index this existing row for direct named lookup; no new content or generator.,core-treasure-5,ITEM_REFERENCE; SEARCH_ALIAS,Equipment; Powers
core-full-treasure-5,MÖRK BORG Full Edition (Second Printing),2,unnumbered / see page ledger,Equipment / Named effects,Vampiric phurba,Item,PRESENT_BUT_INDIRECT,P2,2,3,6,Reference Desk > oracle:core.treasures > TABLE,indirect: Vampiric phurba,partial,yes,"Full effect is readable in the existing table, but an individual artifact name is not indexed. ",Index this existing row for direct named lookup; no new content or generator.,core-treasure-5,ITEM_REFERENCE; SEARCH_ALIAS,Equipment; Powers
core-treasure-6,MÖRK BORG Bare Bones,3,3,Equipment / Named effects,Black pearl,Item,PRESENT_BUT_INDIRECT,P2,2,3,6,Reference Desk > oracle:core.treasures > TABLE,indirect: Black pearl,partial,yes,"Full effect is readable in the existing table, but an individual artifact name is not indexed. ",Index this existing row for direct named lookup; no new content or generator.,core-treasure-6,ITEM_REFERENCE; SEARCH_ALIAS,Equipment; Powers
core-full-treasure-6,MÖRK BORG Full Edition (Second Printing),2,unnumbered / see page ledger,Equipment / Named effects,Black pearl,Item,PRESENT_BUT_INDIRECT,P2,2,3,6,Reference Desk > oracle:core.treasures > TABLE,indirect: Black pearl,partial,yes,"Full effect is readable in the existing table, but an individual artifact name is not indexed. ",Index this existing row for direct named lookup; no new content or generator.,core-treasure-6,ITEM_REFERENCE; SEARCH_ALIAS,Equipment; Powers
core-treasure-7,MÖRK BORG Bare Bones,3,3,Equipment / Named effects,Immortal-hour torch,Item,PRESENT_BUT_INDIRECT,P2,2,3,6,Reference Desk > oracle:core.treasures > TABLE,indirect: Immortal-hour torch,partial,yes,"Full effect is readable in the existing table, but an individual artifact name is not indexed. ",Index this existing row for direct named lookup; no new content or generator.,core-treasure-7,ITEM_REFERENCE; SEARCH_ALIAS,Equipment; Powers
core-full-treasure-7,MÖRK BORG Full Edition (Second Printing),2,unnumbered / see page ledger,Equipment / Named effects,Immortal-hour torch,Item,PRESENT_BUT_INDIRECT,P2,2,3,6,Reference Desk > oracle:core.treasures > TABLE,indirect: Immortal-hour torch,partial,yes,"Full effect is readable in the existing table, but an individual artifact name is not indexed. ",Index this existing row for direct named lookup; no new content or generator.,core-treasure-7,ITEM_REFERENCE; SEARCH_ALIAS,Equipment; Powers
core-treasure-8,MÖRK BORG Bare Bones,3,3,Equipment / Named effects,Silver bird cage,Item,PRESENT_BUT_INDIRECT,P2,2,3,6,Reference Desk > oracle:core.treasures > TABLE,indirect: Silver bird cage,partial,yes,"Full effect is readable in the existing table, but an individual artifact name is not indexed. ",Index this existing row for direct named lookup; no new content or generator.,core-treasure-8,ITEM_REFERENCE; SEARCH_ALIAS,Equipment; Powers
core-full-treasure-8,MÖRK BORG Full Edition (Second Printing),2,unnumbered / see page ledger,Equipment / Named effects,Silver bird cage,Item,PRESENT_BUT_INDIRECT,P2,2,3,6,Reference Desk > oracle:core.treasures > TABLE,indirect: Silver bird cage,partial,yes,"Full effect is readable in the existing table, but an individual artifact name is not indexed. ",Index this existing row for direct named lookup; no new content or generator.,core-treasure-8,ITEM_REFERENCE; SEARCH_ALIAS,Equipment; Powers
core-treasure-9,MÖRK BORG Bare Bones,3,3,Equipment / Named effects,Black Crown of the Crippled King,Item,PRESENT_BUT_INDIRECT,P2,2,3,6,Reference Desk > oracle:core.treasures > TABLE,indirect: Black Crown of the Crippled King,partial,yes,"Full effect is readable in the existing table, but an individual artifact name is not indexed. ",Index this existing row for direct named lookup; no new content or generator.,core-treasure-9,ITEM_REFERENCE; SEARCH_ALIAS,Equipment; Powers
core-full-treasure-9,MÖRK BORG Full Edition (Second Printing),2,unnumbered / see page ledger,Equipment / Named effects,Black Crown of the Crippled King,Item,PRESENT_BUT_INDIRECT,P2,2,3,6,Reference Desk > oracle:core.treasures > TABLE,indirect: Black Crown of the Crippled King,partial,yes,"Full effect is readable in the existing table, but an individual artifact name is not indexed. ",Index this existing row for direct named lookup; no new content or generator.,core-treasure-9,ITEM_REFERENCE; SEARCH_ALIAS,Equipment; Powers
core-treasure-10,MÖRK BORG Bare Bones,3,3,Equipment / Named effects,Ancient blindfold,Item,PRESENT_BUT_INDIRECT,P2,2,3,6,Reference Desk > oracle:core.treasures > TABLE,indirect: Ancient blindfold,partial,yes,"Full effect is readable in the existing table, but an individual artifact name is not indexed. ",Index this existing row for direct named lookup; no new content or generator.,core-treasure-10,ITEM_REFERENCE; SEARCH_ALIAS,Equipment; Powers
core-full-treasure-10,MÖRK BORG Full Edition (Second Printing),2,unnumbered / see page ledger,Equipment / Named effects,Ancient blindfold,Item,PRESENT_BUT_INDIRECT,P2,2,3,6,Reference Desk > oracle:core.treasures > TABLE,indirect: Ancient blindfold,partial,yes,"Full effect is readable in the existing table, but an individual artifact name is not indexed. ",Index this existing row for direct named lookup; no new content or generator.,core-treasure-10,ITEM_REFERENCE; SEARCH_ALIAS,Equipment; Powers
core-equipment-backpack,MÖRK BORG Bare Bones,24,24,Equipment / Named effects,Backpack — purchase/use reference,Item,PARTIAL,P2,2,4,8,Reference Desk > oracle:core.containers,indirect: Backpack,no,indirect,"Some starting-equipment/recipe text exists, but purchase price and full catalog entry are absent.",Expose the printed catalog entry as static item lookup; reuse matching starting-item data without treating starting roll quantities as shop stock.,core-equipment-backpack,ITEM_REFERENCE; SEARCH_ALIAS,Equipment; Travel; Character
core-full-equipment-backpack,MÖRK BORG Full Edition (Second Printing),29,25,Equipment / Named effects,Backpack — purchase/use reference,Item,PARTIAL,P2,2,4,8,Reference Desk > oracle:core.containers,indirect: Backpack,no,indirect,"Some starting-equipment/recipe text exists, but purchase price and full catalog entry are absent.",Expose the printed catalog entry as static item lookup; reuse matching starting-item data without treating starting roll quantities as shop stock.,core-equipment-backpack,ITEM_REFERENCE; SEARCH_ALIAS,Equipment; Travel; Character
core-equipment-bear-trap,MÖRK BORG Bare Bones,24,24,Equipment / Named effects,Bear trap — purchase/use reference,Item,PARTIAL,P2,2,4,8,Reference Desk > oracle:core.gearA,indirect: Bear trap,no,indirect,"Some starting-equipment/recipe text exists, but purchase price and full catalog entry are absent.",Expose the printed catalog entry as static item lookup; reuse matching starting-item data without treating starting roll quantities as shop stock.,core-equipment-bear-trap,ITEM_REFERENCE; SEARCH_ALIAS,Equipment; Travel; Character
core-full-equipment-bear-trap,MÖRK BORG Full Edition (Second Printing),29,25,Equipment / Named effects,Bear trap — purchase/use reference,Item,PARTIAL,P2,2,4,8,Reference Desk > oracle:core.gearA,indirect: Bear trap,no,indirect,"Some starting-equipment/recipe text exists, but purchase price and full catalog entry are absent.",Expose the printed catalog entry as static item lookup; reuse matching starting-item data without treating starting roll quantities as shop stock.,core-equipment-bear-trap,ITEM_REFERENCE; SEARCH_ALIAS,Equipment; Travel; Character
core-equipment-blanket,MÖRK BORG Bare Bones,24,24,Equipment / Named effects,Blanket — purchase/use reference,Item,MISSING,P2,2,4,8,No dedicated current reference route.,no: Blanket,no,no,No catalog entry provides the printed price.,Expose the printed catalog entry as static item lookup; reuse matching starting-item data without treating starting roll quantities as shop stock.,core-equipment-blanket,ITEM_REFERENCE; SEARCH_ALIAS,Equipment; Travel; Character
core-full-equipment-blanket,MÖRK BORG Full Edition (Second Printing),29,25,Equipment / Named effects,Blanket — purchase/use reference,Item,MISSING,P2,2,4,8,No dedicated current reference route.,no: Blanket,no,no,No catalog entry provides the printed price.,Expose the printed catalog entry as static item lookup; reuse matching starting-item data without treating starting roll quantities as shop stock.,core-equipment-blanket,ITEM_REFERENCE; SEARCH_ALIAS,Equipment; Travel; Character
core-equipment-caltrops,MÖRK BORG Bare Bones,24,24,Equipment / Named effects,Caltrops — purchase/use reference,Item,MISSING,P2,4,4,16,No dedicated current reference route.,no: Caltrops,no,no,No catalog entry provides the printed price and mechanical effect.,Expose the printed catalog entry as static item lookup; reuse matching starting-item data without treating starting roll quantities as shop stock.,core-equipment-caltrops,ITEM_REFERENCE; SEARCH_ALIAS,Equipment; Travel; Character
core-full-equipment-caltrops,MÖRK BORG Full Edition (Second Printing),29,25,Equipment / Named effects,Caltrops — purchase/use reference,Item,MISSING,P2,4,4,16,No dedicated current reference route.,no: Caltrops,no,no,No catalog entry provides the printed price and mechanical effect.,Expose the printed catalog entry as static item lookup; reuse matching starting-item data without treating starting roll quantities as shop stock.,core-equipment-caltrops,ITEM_REFERENCE; SEARCH_ALIAS,Equipment; Travel; Character
core-equipment-chalk,MÖRK BORG Bare Bones,24,24,Equipment / Named effects,Chalk — purchase/use reference,Item,MISSING,P2,2,4,8,No dedicated current reference route.,no: Chalk,no,no,No catalog entry provides the printed price.,Expose the printed catalog entry as static item lookup; reuse matching starting-item data without treating starting roll quantities as shop stock.,core-equipment-chalk,ITEM_REFERENCE; SEARCH_ALIAS,Equipment; Travel; Character
core-full-equipment-chalk,MÖRK BORG Full Edition (Second Printing),29,25,Equipment / Named effects,Chalk — purchase/use reference,Item,MISSING,P2,2,4,8,No dedicated current reference route.,no: Chalk,no,no,No catalog entry provides the printed price.,Expose the printed catalog entry as static item lookup; reuse matching starting-item data without treating starting roll quantities as shop stock.,core-equipment-chalk,ITEM_REFERENCE; SEARCH_ALIAS,Equipment; Travel; Character
core-equipment-chewing-tobacco,MÖRK BORG Bare Bones,24,24,Equipment / Named effects,Chewing tobacco — purchase/use reference,Item,MISSING,P2,2,4,8,No dedicated current reference route.,no: Chewing tobacco,no,no,No catalog entry provides the printed price.,Expose the printed catalog entry as static item lookup; reuse matching starting-item data without treating starting roll quantities as shop stock.,core-equipment-chewing-tobacco,ITEM_REFERENCE; SEARCH_ALIAS,Equipment; Travel; Character
core-full-equipment-chewing-tobacco,MÖRK BORG Full Edition (Second Printing),29,25,Equipment / Named effects,Chewing tobacco — purchase/use reference,Item,MISSING,P2,2,4,8,No dedicated current reference route.,no: Chewing tobacco,no,no,No catalog entry provides the printed price.,Expose the printed catalog entry as static item lookup; reuse matching starting-item data without treating starting roll quantities as shop stock.,core-equipment-chewing-tobacco,ITEM_REFERENCE; SEARCH_ALIAS,Equipment; Travel; Character
core-equipment-crowbar,MÖRK BORG Bare Bones,24,24,Equipment / Named effects,Crowbar — purchase/use reference,Item,PARTIAL,P2,2,4,8,Reference Desk > oracle:core.gearB,indirect: Crowbar,no,indirect,"Some starting-equipment/recipe text exists, but purchase price and full catalog entry are absent.",Expose the printed catalog entry as static item lookup; reuse matching starting-item data without treating starting roll quantities as shop stock.,core-equipment-crowbar,ITEM_REFERENCE; SEARCH_ALIAS,Equipment; Travel; Character
core-full-equipment-crowbar,MÖRK BORG Full Edition (Second Printing),29,25,Equipment / Named effects,Crowbar — purchase/use reference,Item,PARTIAL,P2,2,4,8,Reference Desk > oracle:core.gearB,indirect: Crowbar,no,indirect,"Some starting-equipment/recipe text exists, but purchase price and full catalog entry are absent.",Expose the printed catalog entry as static item lookup; reuse matching starting-item data without treating starting roll quantities as shop stock.,core-equipment-crowbar,ITEM_REFERENCE; SEARCH_ALIAS,Equipment; Travel; Character
core-equipment-crucifix-silver,MÖRK BORG Bare Bones,24,24,Equipment / Named effects,"Crucifix, silver — purchase/use reference",Item,PARTIAL,P2,2,4,8,Reference Desk > oracle:core.gearA,"indirect: Crucifix, silver",no,indirect,"Some starting-equipment/recipe text exists, but purchase price and full catalog entry are absent.",Expose the printed catalog entry as static item lookup; reuse matching starting-item data without treating starting roll quantities as shop stock.,core-equipment-crucifix-silver,ITEM_REFERENCE; SEARCH_ALIAS,Equipment; Travel; Character
core-full-equipment-crucifix-silver,MÖRK BORG Full Edition (Second Printing),29,25,Equipment / Named effects,"Crucifix, silver — purchase/use reference",Item,PARTIAL,P2,2,4,8,Reference Desk > oracle:core.gearA,"indirect: Crucifix, silver",no,indirect,"Some starting-equipment/recipe text exists, but purchase price and full catalog entry are absent.",Expose the printed catalog entry as static item lookup; reuse matching starting-item data without treating starting roll quantities as shop stock.,core-equipment-crucifix-silver,ITEM_REFERENCE; SEARCH_ALIAS,Equipment; Travel; Character
core-equipment-crucifix-wood,MÖRK BORG Bare Bones,24,24,Equipment / Named effects,"Crucifix, wood — purchase/use reference",Item,MISSING,P2,2,4,8,No dedicated current reference route.,"no: Crucifix, wood",no,no,No catalog entry provides the printed price.,Expose the printed catalog entry as static item lookup; reuse matching starting-item data without treating starting roll quantities as shop stock.,core-equipment-crucifix-wood,ITEM_REFERENCE; SEARCH_ALIAS,Equipment; Travel; Character
core-full-equipment-crucifix-wood,MÖRK BORG Full Edition (Second Printing),29,25,Equipment / Named effects,"Crucifix, wood — purchase/use reference",Item,MISSING,P2,2,4,8,No dedicated current reference route.,"no: Crucifix, wood",no,no,No catalog entry provides the printed price.,Expose the printed catalog entry as static item lookup; reuse matching starting-item data without treating starting roll quantities as shop stock.,core-equipment-crucifix-wood,ITEM_REFERENCE; SEARCH_ALIAS,Equipment; Travel; Character
core-equipment-dried-food,MÖRK BORG Bare Bones,24,24,Equipment / Named effects,Dried food — purchase/use reference,Item,PARTIAL,P2,4,4,16,Reference Desk > oracle:Character starting ration,indirect: Dried food,no,indirect,"Some starting-equipment/recipe text exists, but purchase price and full catalog entry are absent.",Expose the printed catalog entry as static item lookup; reuse matching starting-item data without treating starting roll quantities as shop stock.,core-equipment-dried-food,ITEM_REFERENCE; SEARCH_ALIAS,Equipment; Travel; Character
core-full-equipment-dried-food,MÖRK BORG Full Edition (Second Printing),29,25,Equipment / Named effects,Dried food — purchase/use reference,Item,PARTIAL,P2,4,4,16,Reference Desk > oracle:Character starting ration,indirect: Dried food,no,indirect,"Some starting-equipment/recipe text exists, but purchase price and full catalog entry are absent.",Expose the printed catalog entry as static item lookup; reuse matching starting-item data without treating starting roll quantities as shop stock.,core-equipment-dried-food,ITEM_REFERENCE; SEARCH_ALIAS,Equipment; Travel; Character
core-equipment-exquisite-perfume,MÖRK BORG Bare Bones,24,24,Equipment / Named effects,Exquisite perfume — purchase/use reference,Item,PRESENT_BUT_INDIRECT,P2,2,4,8,Reference Desk > oracle:core.gearB,indirect: Exquisite perfume,no,indirect,"Starting Gear B includes the printed 25s value, but exact item search is not indexed.",Expose the printed catalog entry as static item lookup; reuse matching starting-item data without treating starting roll quantities as shop stock.,core-equipment-exquisite-perfume,ITEM_REFERENCE; SEARCH_ALIAS,Equipment; Travel; Character
core-full-equipment-exquisite-perfume,MÖRK BORG Full Edition (Second Printing),29,25,Equipment / Named effects,Exquisite perfume — purchase/use reference,Item,PRESENT_BUT_INDIRECT,P2,2,4,8,Reference Desk > oracle:core.gearB,indirect: Exquisite perfume,no,indirect,"Starting Gear B includes the printed 25s value, but exact item search is not indexed.",Expose the printed catalog entry as static item lookup; reuse matching starting-item data without treating starting roll quantities as shop stock.,core-equipment-exquisite-perfume,ITEM_REFERENCE; SEARCH_ALIAS,Equipment; Travel; Character
core-equipment-firesteel,MÖRK BORG Bare Bones,24,24,Equipment / Named effects,Firesteel — purchase/use reference,Item,MISSING,P2,2,4,8,No dedicated current reference route.,no: Firesteel,no,no,No catalog entry provides the printed price.,Expose the printed catalog entry as static item lookup; reuse matching starting-item data without treating starting roll quantities as shop stock.,core-equipment-firesteel,ITEM_REFERENCE; SEARCH_ALIAS,Equipment; Travel; Character
core-full-equipment-firesteel,MÖRK BORG Full Edition (Second Printing),29,25,Equipment / Named effects,Firesteel — purchase/use reference,Item,MISSING,P2,2,4,8,No dedicated current reference route.,no: Firesteel,no,no,No catalog entry provides the printed price.,Expose the printed catalog entry as static item lookup; reuse matching starting-item data without treating starting roll quantities as shop stock.,core-equipment-firesteel,ITEM_REFERENCE; SEARCH_ALIAS,Equipment; Travel; Character
core-equipment-grappling-hook,MÖRK BORG Bare Bones,24,24,Equipment / Named effects,Grappling hook — purchase/use reference,Item,PARTIAL,P2,2,4,8,Reference Desk > oracle:core.gearB,indirect: Grappling hook,no,indirect,"Some starting-equipment/recipe text exists, but purchase price and full catalog entry are absent.",Expose the printed catalog entry as static item lookup; reuse matching starting-item data without treating starting roll quantities as shop stock.,core-equipment-grappling-hook,ITEM_REFERENCE; SEARCH_ALIAS,Equipment; Travel; Character
core-full-equipment-grappling-hook,MÖRK BORG Full Edition (Second Printing),29,25,Equipment / Named effects,Grappling hook — purchase/use reference,Item,PARTIAL,P2,2,4,8,Reference Desk > oracle:core.gearB,indirect: Grappling hook,no,indirect,"Some starting-equipment/recipe text exists, but purchase price and full catalog entry are absent.",Expose the printed catalog entry as static item lookup; reuse matching starting-item data without treating starting roll quantities as shop stock.,core-equipment-grappling-hook,ITEM_REFERENCE; SEARCH_ALIAS,Equipment; Travel; Character
core-equipment-hammer,MÖRK BORG Bare Bones,24,24,Equipment / Named effects,Hammer — purchase/use reference,Item,MISSING,P2,2,4,8,No dedicated current reference route.,no: Hammer,no,no,No catalog entry provides the printed price.,Expose the printed catalog entry as static item lookup; reuse matching starting-item data without treating starting roll quantities as shop stock.,core-equipment-hammer,ITEM_REFERENCE; SEARCH_ALIAS,Equipment; Travel; Character
core-full-equipment-hammer,MÖRK BORG Full Edition (Second Printing),29,25,Equipment / Named effects,Hammer — purchase/use reference,Item,MISSING,P2,2,4,8,No dedicated current reference route.,no: Hammer,no,no,No catalog entry provides the printed price.,Expose the printed catalog entry as static item lookup; reuse matching starting-item data without treating starting roll quantities as shop stock.,core-equipment-hammer,ITEM_REFERENCE; SEARCH_ALIAS,Equipment; Travel; Character
core-equipment-heavy-chain,MÖRK BORG Bare Bones,24,24,Equipment / Named effects,Heavy chain — purchase/use reference,Item,PARTIAL,P2,2,4,8,Reference Desk > oracle:core.gearB,indirect: Heavy chain,no,indirect,"Some starting-equipment/recipe text exists, but purchase price and full catalog entry are absent.",Expose the printed catalog entry as static item lookup; reuse matching starting-item data without treating starting roll quantities as shop stock.,core-equipment-heavy-chain,ITEM_REFERENCE; SEARCH_ALIAS,Equipment; Travel; Character
core-full-equipment-heavy-chain,MÖRK BORG Full Edition (Second Printing),29,25,Equipment / Named effects,Heavy chain — purchase/use reference,Item,PARTIAL,P2,2,4,8,Reference Desk > oracle:core.gearB,indirect: Heavy chain,no,indirect,"Some starting-equipment/recipe text exists, but purchase price and full catalog entry are absent.",Expose the printed catalog entry as static item lookup; reuse matching starting-item data without treating starting roll quantities as shop stock.,core-equipment-heavy-chain,ITEM_REFERENCE; SEARCH_ALIAS,Equipment; Travel; Character
core-equipment-iron-nails,MÖRK BORG Bare Bones,24,24,Equipment / Named effects,Iron nails — purchase/use reference,Item,PARTIAL,P2,2,4,8,Reference Desk > oracle:core.gearB,indirect: Iron nails,no,indirect,"Some starting-equipment/recipe text exists, but purchase price and full catalog entry are absent. Editions disagree: BB24 prints 10s; Full29 prints 5s. This is a source conflict, not permission to silently choose a value.","Add a static source-backed equipment entry (price, quantity and effect); index name. Preserve edition-specific conflicting values.",core-equipment-iron-nails,ITEM_REFERENCE; SEARCH_ALIAS,Equipment; Travel; Character
core-full-equipment-iron-nails,MÖRK BORG Full Edition (Second Printing),29,25,Equipment / Named effects,Iron nails — purchase/use reference,Item,PARTIAL,P2,2,4,8,Reference Desk > oracle:core.gearB,indirect: Iron nails,no,indirect,"Some starting-equipment/recipe text exists, but purchase price and full catalog entry are absent. Editions disagree: BB24 prints 10s; Full29 prints 5s. This is a source conflict, not permission to silently choose a value.","Add a static source-backed equipment entry (price, quantity and effect); index name. Preserve edition-specific conflicting values.",core-equipment-iron-nails,ITEM_REFERENCE; SEARCH_ALIAS,Equipment; Travel; Character
core-equipment-ladder,MÖRK BORG Bare Bones,24,24,Equipment / Named effects,Ladder — purchase/use reference,Item,MISSING,P2,2,4,8,No dedicated current reference route.,no: Ladder,no,no,No catalog entry provides the printed price.,Expose the printed catalog entry as static item lookup; reuse matching starting-item data without treating starting roll quantities as shop stock.,core-equipment-ladder,ITEM_REFERENCE; SEARCH_ALIAS,Equipment; Travel; Character
core-full-equipment-ladder,MÖRK BORG Full Edition (Second Printing),29,25,Equipment / Named effects,Ladder — purchase/use reference,Item,MISSING,P2,2,4,8,No dedicated current reference route.,no: Ladder,no,no,No catalog entry provides the printed price.,Expose the printed catalog entry as static item lookup; reuse matching starting-item data without treating starting roll quantities as shop stock.,core-equipment-ladder,ITEM_REFERENCE; SEARCH_ALIAS,Equipment; Travel; Character
core-equipment-lantern-oil,MÖRK BORG Bare Bones,24,24,Equipment / Named effects,Lantern oil — purchase/use reference,Item,PARTIAL,P2,4,4,16,Reference Desk > oracle:core.gearA,indirect: Lantern oil,no,indirect,"Some starting-equipment/recipe text exists, but purchase price and full catalog entry are absent.",Expose the printed catalog entry as static item lookup; reuse matching starting-item data without treating starting roll quantities as shop stock.,core-equipment-lantern-oil,ITEM_REFERENCE; SEARCH_ALIAS,Equipment; Travel; Character
core-full-equipment-lantern-oil,MÖRK BORG Full Edition (Second Printing),29,25,Equipment / Named effects,Lantern oil — purchase/use reference,Item,PARTIAL,P2,4,4,16,Reference Desk > oracle:core.gearA,indirect: Lantern oil,no,indirect,"Some starting-equipment/recipe text exists, but purchase price and full catalog entry are absent.",Expose the printed catalog entry as static item lookup; reuse matching starting-item data without treating starting roll quantities as shop stock.,core-equipment-lantern-oil,ITEM_REFERENCE; SEARCH_ALIAS,Equipment; Travel; Character
core-equipment-lard,MÖRK BORG Bare Bones,24,24,Equipment / Named effects,Lard — purchase/use reference,Item,PARTIAL,P2,2,4,8,Reference Desk > oracle:core.gearB,indirect: Lard,no,indirect,"Some starting-equipment/recipe text exists, but purchase price and full catalog entry are absent.",Expose the printed catalog entry as static item lookup; reuse matching starting-item data without treating starting roll quantities as shop stock.,core-equipment-lard,ITEM_REFERENCE; SEARCH_ALIAS,Equipment; Travel; Character
core-full-equipment-lard,MÖRK BORG Full Edition (Second Printing),29,25,Equipment / Named effects,Lard — purchase/use reference,Item,PARTIAL,P2,2,4,8,Reference Desk > oracle:core.gearB,indirect: Lard,no,indirect,"Some starting-equipment/recipe text exists, but purchase price and full catalog entry are absent.",Expose the printed catalog entry as static item lookup; reuse matching starting-item data without treating starting roll quantities as shop stock.,core-equipment-lard,ITEM_REFERENCE; SEARCH_ALIAS,Equipment; Travel; Character
core-equipment-large-iron-hook,MÖRK BORG Bare Bones,24,24,Equipment / Named effects,Large iron hook — purchase/use reference,Item,MISSING,P2,2,4,8,No dedicated current reference route.,no: Large iron hook,no,no,No catalog entry provides the printed price.,Expose the printed catalog entry as static item lookup; reuse matching starting-item data without treating starting roll quantities as shop stock.,core-equipment-large-iron-hook,ITEM_REFERENCE; SEARCH_ALIAS,Equipment; Travel; Character
core-full-equipment-large-iron-hook,MÖRK BORG Full Edition (Second Printing),29,25,Equipment / Named effects,Large iron hook — purchase/use reference,Item,MISSING,P2,2,4,8,No dedicated current reference route.,no: Large iron hook,no,no,No catalog entry provides the printed price.,Expose the printed catalog entry as static item lookup; reuse matching starting-item data without treating starting roll quantities as shop stock.,core-equipment-large-iron-hook,ITEM_REFERENCE; SEARCH_ALIAS,Equipment; Travel; Character
core-equipment-lockpicks,MÖRK BORG Bare Bones,24,24,Equipment / Named effects,Lockpicks — purchase/use reference,Item,PARTIAL,P2,2,4,8,Reference Desk > oracle:core.gearA,indirect: Lockpicks,no,indirect,"Some starting-equipment/recipe text exists, but purchase price and full catalog entry are absent.",Expose the printed catalog entry as static item lookup; reuse matching starting-item data without treating starting roll quantities as shop stock.,core-equipment-lockpicks,ITEM_REFERENCE; SEARCH_ALIAS,Equipment; Travel; Character
core-full-equipment-lockpicks,MÖRK BORG Full Edition (Second Printing),29,25,Equipment / Named effects,Lockpicks — purchase/use reference,Item,PARTIAL,P2,2,4,8,Reference Desk > oracle:core.gearA,indirect: Lockpicks,no,indirect,"Some starting-equipment/recipe text exists, but purchase price and full catalog entry are absent.",Expose the printed catalog entry as static item lookup; reuse matching starting-item data without treating starting roll quantities as shop stock.,core-equipment-lockpicks,ITEM_REFERENCE; SEARCH_ALIAS,Equipment; Travel; Character
core-equipment-magnesium-strip,MÖRK BORG Bare Bones,24,24,Equipment / Named effects,Magnesium strip — purchase/use reference,Item,PARTIAL,P2,2,4,8,Reference Desk > oracle:core.gearA,indirect: Magnesium strip,no,indirect,"Some starting-equipment/recipe text exists, but purchase price and full catalog entry are absent.",Expose the printed catalog entry as static item lookup; reuse matching starting-item data without treating starting roll quantities as shop stock.,core-equipment-magnesium-strip,ITEM_REFERENCE; SEARCH_ALIAS,Equipment; Travel; Character
core-full-equipment-magnesium-strip,MÖRK BORG Full Edition (Second Printing),29,25,Equipment / Named effects,Magnesium strip — purchase/use reference,Item,PARTIAL,P2,2,4,8,Reference Desk > oracle:core.gearA,indirect: Magnesium strip,no,indirect,"Some starting-equipment/recipe text exists, but purchase price and full catalog entry are absent.",Expose the printed catalog entry as static item lookup; reuse matching starting-item data without treating starting roll quantities as shop stock.,core-equipment-magnesium-strip,ITEM_REFERENCE; SEARCH_ALIAS,Equipment; Travel; Character
core-equipment-manacles,MÖRK BORG Bare Bones,24,24,Equipment / Named effects,Manacles — purchase/use reference,Item,MISSING,P2,2,4,8,No dedicated current reference route.,no: Manacles,no,no,No catalog entry provides the printed price.,Expose the printed catalog entry as static item lookup; reuse matching starting-item data without treating starting roll quantities as shop stock.,core-equipment-manacles,ITEM_REFERENCE; SEARCH_ALIAS,Equipment; Travel; Character
core-full-equipment-manacles,MÖRK BORG Full Edition (Second Printing),29,25,Equipment / Named effects,Manacles — purchase/use reference,Item,MISSING,P2,2,4,8,No dedicated current reference route.,no: Manacles,no,no,No catalog entry provides the printed price.,Expose the printed catalog entry as static item lookup; reuse matching starting-item data without treating starting roll quantities as shop stock.,core-equipment-manacles,ITEM_REFERENCE; SEARCH_ALIAS,Equipment; Travel; Character
core-equipment-mattress,MÖRK BORG Bare Bones,24,24,Equipment / Named effects,Mattress — purchase/use reference,Item,MISSING,P2,2,4,8,No dedicated current reference route.,no: Mattress,no,no,No catalog entry provides the printed price.,Expose the printed catalog entry as static item lookup; reuse matching starting-item data without treating starting roll quantities as shop stock.,core-equipment-mattress,ITEM_REFERENCE; SEARCH_ALIAS,Equipment; Travel; Character
core-full-equipment-mattress,MÖRK BORG Full Edition (Second Printing),29,25,Equipment / Named effects,Mattress — purchase/use reference,Item,MISSING,P2,2,4,8,No dedicated current reference route.,no: Mattress,no,no,No catalog entry provides the printed price.,Expose the printed catalog entry as static item lookup; reuse matching starting-item data without treating starting roll quantities as shop stock.,core-equipment-mattress,ITEM_REFERENCE; SEARCH_ALIAS,Equipment; Travel; Character
core-equipment-meat-cleaver,MÖRK BORG Bare Bones,24,24,Equipment / Named effects,Meat cleaver — purchase/use reference,Item,MISSING,P2,2,4,8,No dedicated current reference route.,no: Meat cleaver,no,no,No catalog entry provides the printed price.,Expose the printed catalog entry as static item lookup; reuse matching starting-item data without treating starting roll quantities as shop stock.,core-equipment-meat-cleaver,ITEM_REFERENCE; SEARCH_ALIAS,Equipment; Travel; Character
core-full-equipment-meat-cleaver,MÖRK BORG Full Edition (Second Printing),29,25,Equipment / Named effects,Meat cleaver — purchase/use reference,Item,MISSING,P2,2,4,8,No dedicated current reference route.,no: Meat cleaver,no,no,No catalog entry provides the printed price.,Expose the printed catalog entry as static item lookup; reuse matching starting-item data without treating starting roll quantities as shop stock.,core-equipment-meat-cleaver,ITEM_REFERENCE; SEARCH_ALIAS,Equipment; Travel; Character
core-equipment-medicine-box,MÖRK BORG Bare Bones,24,24,Equipment / Named effects,Medicine box — purchase/use reference,Item,PARTIAL,P2,4,4,16,Reference Desk > oracle:core.gearA,indirect: Medicine box,no,indirect,"Some starting-equipment/recipe text exists, but purchase price and full catalog entry are absent.",Expose the printed catalog entry as static item lookup; reuse matching starting-item data without treating starting roll quantities as shop stock.,core-equipment-medicine-box,ITEM_REFERENCE; SEARCH_ALIAS,Equipment; Travel; Character
core-full-equipment-medicine-box,MÖRK BORG Full Edition (Second Printing),29,25,Equipment / Named effects,Medicine box — purchase/use reference,Item,PARTIAL,P2,4,4,16,Reference Desk > oracle:core.gearA,indirect: Medicine box,no,indirect,"Some starting-equipment/recipe text exists, but purchase price and full catalog entry are absent.",Expose the printed catalog entry as static item lookup; reuse matching starting-item data without treating starting roll quantities as shop stock.,core-equipment-medicine-box,ITEM_REFERENCE; SEARCH_ALIAS,Equipment; Travel; Character
core-equipment-metal-file,MÖRK BORG Bare Bones,24,24,Equipment / Named effects,Metal file — purchase/use reference,Item,PARTIAL,P2,2,4,8,Reference Desk > oracle:core.gearA,indirect: Metal file,no,indirect,"Some starting-equipment/recipe text exists, but purchase price and full catalog entry are absent.",Expose the printed catalog entry as static item lookup; reuse matching starting-item data without treating starting roll quantities as shop stock.,core-equipment-metal-file,ITEM_REFERENCE; SEARCH_ALIAS,Equipment; Travel; Character
core-full-equipment-metal-file,MÖRK BORG Full Edition (Second Printing),29,25,Equipment / Named effects,Metal file — purchase/use reference,Item,PARTIAL,P2,2,4,8,Reference Desk > oracle:core.gearA,indirect: Metal file,no,indirect,"Some starting-equipment/recipe text exists, but purchase price and full catalog entry are absent.",Expose the printed catalog entry as static item lookup; reuse matching starting-item data without treating starting roll quantities as shop stock.,core-equipment-metal-file,ITEM_REFERENCE; SEARCH_ALIAS,Equipment; Travel; Character
core-equipment-mirror,MÖRK BORG Bare Bones,24,24,Equipment / Named effects,Mirror — purchase/use reference,Item,MISSING,P2,2,4,8,No dedicated current reference route.,no: Mirror,no,no,No catalog entry provides the printed price.,Expose the printed catalog entry as static item lookup; reuse matching starting-item data without treating starting roll quantities as shop stock.,core-equipment-mirror,ITEM_REFERENCE; SEARCH_ALIAS,Equipment; Travel; Character
core-full-equipment-mirror,MÖRK BORG Full Edition (Second Printing),29,25,Equipment / Named effects,Mirror — purchase/use reference,Item,MISSING,P2,2,4,8,No dedicated current reference route.,no: Mirror,no,no,No catalog entry provides the printed price.,Expose the printed catalog entry as static item lookup; reuse matching starting-item data without treating starting roll quantities as shop stock.,core-equipment-mirror,ITEM_REFERENCE; SEARCH_ALIAS,Equipment; Travel; Character
core-equipment-muzzle,MÖRK BORG Bare Bones,24,24,Equipment / Named effects,Muzzle — purchase/use reference,Item,MISSING,P2,2,4,8,No dedicated current reference route.,no: Muzzle,no,no,No catalog entry provides the printed price.,Expose the printed catalog entry as static item lookup; reuse matching starting-item data without treating starting roll quantities as shop stock.,core-equipment-muzzle,ITEM_REFERENCE; SEARCH_ALIAS,Equipment; Travel; Character
core-full-equipment-muzzle,MÖRK BORG Full Edition (Second Printing),29,25,Equipment / Named effects,Muzzle — purchase/use reference,Item,MISSING,P2,2,4,8,No dedicated current reference route.,no: Muzzle,no,no,No catalog entry provides the printed price.,Expose the printed catalog entry as static item lookup; reuse matching starting-item data without treating starting roll quantities as shop stock.,core-equipment-muzzle,ITEM_REFERENCE; SEARCH_ALIAS,Equipment; Travel; Character
core-equipment-noose,MÖRK BORG Bare Bones,24,24,Equipment / Named effects,Noose — purchase/use reference,Item,MISSING,P2,2,4,8,No dedicated current reference route.,no: Noose,no,no,No catalog entry provides the printed price.,Expose the printed catalog entry as static item lookup; reuse matching starting-item data without treating starting roll quantities as shop stock.,core-equipment-noose,ITEM_REFERENCE; SEARCH_ALIAS,Equipment; Travel; Character
core-full-equipment-noose,MÖRK BORG Full Edition (Second Printing),29,25,Equipment / Named effects,Noose — purchase/use reference,Item,MISSING,P2,2,4,8,No dedicated current reference route.,no: Noose,no,no,No catalog entry provides the printed price.,Expose the printed catalog entry as static item lookup; reuse matching starting-item data without treating starting roll quantities as shop stock.,core-equipment-noose,ITEM_REFERENCE; SEARCH_ALIAS,Equipment; Travel; Character
core-equipment-oil-lamp,MÖRK BORG Bare Bones,25,25,Equipment / Named effects,Oil lamp — purchase/use reference,Item,PARTIAL,P2,2,4,8,Reference Desk > oracle:core.gearA,indirect: Oil lamp,no,indirect,"Some starting-equipment/recipe text exists, but purchase price and full catalog entry are absent.",Expose the printed catalog entry as static item lookup; reuse matching starting-item data without treating starting roll quantities as shop stock.,core-equipment-oil-lamp,ITEM_REFERENCE; SEARCH_ALIAS,Equipment; Travel; Character
core-full-equipment-oil-lamp,MÖRK BORG Full Edition (Second Printing),29,25,Equipment / Named effects,Oil lamp — purchase/use reference,Item,PARTIAL,P2,2,4,8,Reference Desk > oracle:core.gearA,indirect: Oil lamp,no,indirect,"Some starting-equipment/recipe text exists, but purchase price and full catalog entry are absent.",Expose the printed catalog entry as static item lookup; reuse matching starting-item data without treating starting roll quantities as shop stock.,core-equipment-oil-lamp,ITEM_REFERENCE; SEARCH_ALIAS,Equipment; Travel; Character
core-equipment-poison-black,MÖRK BORG Bare Bones,25,25,Equipment / Named effects,Poison (black) — purchase/use reference,Item,PARTIAL,P2,4,4,16,Reference Desk > oracle:core.occultHerbmasterDecoctions,indirect: Poison (black),no,indirect,"Some starting-equipment/recipe text exists, but purchase price and full catalog entry are absent. Herbmaster recipe does not replace purchasable bottle price and 3-dose stock.",Expose the printed catalog entry as static item lookup; reuse matching starting-item data without treating starting roll quantities as shop stock.,core-equipment-poison-black,ITEM_REFERENCE; SEARCH_ALIAS,Equipment; Travel; Character
core-full-equipment-poison-black,MÖRK BORG Full Edition (Second Printing),29,25,Equipment / Named effects,Poison (black) — purchase/use reference,Item,PARTIAL,P2,4,4,16,Reference Desk > oracle:core.occultHerbmasterDecoctions,indirect: Poison (black),no,indirect,"Some starting-equipment/recipe text exists, but purchase price and full catalog entry are absent. Herbmaster recipe does not replace purchasable bottle price and 3-dose stock.",Expose the printed catalog entry as static item lookup; reuse matching starting-item data without treating starting roll quantities as shop stock.,core-equipment-poison-black,ITEM_REFERENCE; SEARCH_ALIAS,Equipment; Travel; Character
core-equipment-poison-red,MÖRK BORG Bare Bones,25,25,Equipment / Named effects,Poison (red) — purchase/use reference,Item,PARTIAL,P2,4,4,16,Reference Desk > oracle:core.gearA,indirect: Poison (red),no,indirect,"Some starting-equipment/recipe text exists, but purchase price and full catalog entry are absent. Starting bottle rolls d4 doses; shop bottle has 3 doses. These must remain distinct.",Expose the printed catalog entry as static item lookup; reuse matching starting-item data without treating starting roll quantities as shop stock.,core-equipment-poison-red,ITEM_REFERENCE; SEARCH_ALIAS,Equipment; Travel; Character
core-full-equipment-poison-red,MÖRK BORG Full Edition (Second Printing),29,25,Equipment / Named effects,Poison (red) — purchase/use reference,Item,PARTIAL,P2,4,4,16,Reference Desk > oracle:core.gearA,indirect: Poison (red),no,indirect,"Some starting-equipment/recipe text exists, but purchase price and full catalog entry are absent. Starting bottle rolls d4 doses; shop bottle has 3 doses. These must remain distinct.",Expose the printed catalog entry as static item lookup; reuse matching starting-item data without treating starting roll quantities as shop stock.,core-equipment-poison-red,ITEM_REFERENCE; SEARCH_ALIAS,Equipment; Travel; Character
core-equipment-preserved-corpse,MÖRK BORG Bare Bones,25,25,Equipment / Named effects,Preserved corpse — purchase/use reference,Item,MISSING,P2,2,4,8,No dedicated current reference route.,no: Preserved corpse,no,no,No catalog entry provides the printed price.,Expose the printed catalog entry as static item lookup; reuse matching starting-item data without treating starting roll quantities as shop stock.,core-equipment-preserved-corpse,ITEM_REFERENCE; SEARCH_ALIAS,Equipment; Travel; Character
core-full-equipment-preserved-corpse,MÖRK BORG Full Edition (Second Printing),29,25,Equipment / Named effects,Preserved corpse — purchase/use reference,Item,MISSING,P2,2,4,8,No dedicated current reference route.,no: Preserved corpse,no,no,No catalog entry provides the printed price.,Expose the printed catalog entry as static item lookup; reuse matching starting-item data without treating starting roll quantities as shop stock.,core-equipment-preserved-corpse,ITEM_REFERENCE; SEARCH_ALIAS,Equipment; Travel; Character
core-equipment-rope,MÖRK BORG Bare Bones,25,25,Equipment / Named effects,Rope — purchase/use reference,Item,PARTIAL,P2,4,4,16,Reference Desk > oracle:core.gearA,indirect: Rope,no,indirect,"Some starting-equipment/recipe text exists, but purchase price and full catalog entry are absent.",Expose the printed catalog entry as static item lookup; reuse matching starting-item data without treating starting roll quantities as shop stock.,core-equipment-rope,ITEM_REFERENCE; SEARCH_ALIAS,Equipment; Travel; Character
core-full-equipment-rope,MÖRK BORG Full Edition (Second Printing),29,25,Equipment / Named effects,Rope — purchase/use reference,Item,PARTIAL,P2,4,4,16,Reference Desk > oracle:core.gearA,indirect: Rope,no,indirect,"Some starting-equipment/recipe text exists, but purchase price and full catalog entry are absent.",Expose the printed catalog entry as static item lookup; reuse matching starting-item data without treating starting roll quantities as shop stock.,core-equipment-rope,ITEM_REFERENCE; SEARCH_ALIAS,Equipment; Travel; Character
core-equipment-small-wagon,MÖRK BORG Bare Bones,25,25,Equipment / Named effects,Small wagon — purchase/use reference,Item,PARTIAL,P2,2,4,8,Reference Desk > oracle:core.containers,indirect: Small wagon,no,indirect,"Some starting-equipment/recipe text exists, but purchase price and full catalog entry are absent.",Expose the printed catalog entry as static item lookup; reuse matching starting-item data without treating starting roll quantities as shop stock.,core-equipment-small-wagon,ITEM_REFERENCE; SEARCH_ALIAS,Equipment; Travel; Character
core-full-equipment-small-wagon,MÖRK BORG Full Edition (Second Printing),29,25,Equipment / Named effects,Small wagon — purchase/use reference,Item,PARTIAL,P2,2,4,8,Reference Desk > oracle:core.containers,indirect: Small wagon,no,indirect,"Some starting-equipment/recipe text exists, but purchase price and full catalog entry are absent.",Expose the printed catalog entry as static item lookup; reuse matching starting-item data without treating starting roll quantities as shop stock.,core-equipment-small-wagon,ITEM_REFERENCE; SEARCH_ALIAS,Equipment; Travel; Character
core-equipment-tent,MÖRK BORG Bare Bones,25,25,Equipment / Named effects,Tent — purchase/use reference,Item,PARTIAL,P2,2,4,8,Reference Desk > oracle:core.gearB,indirect: Tent,no,indirect,"Some starting-equipment/recipe text exists, but purchase price and full catalog entry are absent.",Expose the printed catalog entry as static item lookup; reuse matching starting-item data without treating starting roll quantities as shop stock.,core-equipment-tent,ITEM_REFERENCE; SEARCH_ALIAS,Equipment; Travel; Character
core-full-equipment-tent,MÖRK BORG Full Edition (Second Printing),29,25,Equipment / Named effects,Tent — purchase/use reference,Item,PARTIAL,P2,2,4,8,Reference Desk > oracle:core.gearB,indirect: Tent,no,indirect,"Some starting-equipment/recipe text exists, but purchase price and full catalog entry are absent.",Expose the printed catalog entry as static item lookup; reuse matching starting-item data without treating starting roll quantities as shop stock.,core-equipment-tent,ITEM_REFERENCE; SEARCH_ALIAS,Equipment; Travel; Character
core-equipment-toolbox,MÖRK BORG Bare Bones,25,25,Equipment / Named effects,Toolbox — purchase/use reference,Item,PARTIAL,P2,2,4,8,Reference Desk > oracle:core.gearB,indirect: Toolbox,no,indirect,"Some starting-equipment/recipe text exists, but purchase price and full catalog entry are absent.",Expose the printed catalog entry as static item lookup; reuse matching starting-item data without treating starting roll quantities as shop stock.,core-equipment-toolbox,ITEM_REFERENCE; SEARCH_ALIAS,Equipment; Travel; Character
core-full-equipment-toolbox,MÖRK BORG Full Edition (Second Printing),29,25,Equipment / Named effects,Toolbox — purchase/use reference,Item,PARTIAL,P2,2,4,8,Reference Desk > oracle:core.gearB,indirect: Toolbox,no,indirect,"Some starting-equipment/recipe text exists, but purchase price and full catalog entry are absent.",Expose the printed catalog entry as static item lookup; reuse matching starting-item data without treating starting roll quantities as shop stock.,core-equipment-toolbox,ITEM_REFERENCE; SEARCH_ALIAS,Equipment; Travel; Character
core-equipment-torch,MÖRK BORG Bare Bones,25,25,Equipment / Named effects,Torch — purchase/use reference,Item,PARTIAL,P2,4,4,16,Reference Desk > oracle:core.gearA,indirect: Torch,no,indirect,"Some starting-equipment/recipe text exists, but purchase price and full catalog entry are absent.",Expose the printed catalog entry as static item lookup; reuse matching starting-item data without treating starting roll quantities as shop stock.,core-equipment-torch,ITEM_REFERENCE; SEARCH_ALIAS,Equipment; Travel; Character
core-full-equipment-torch,MÖRK BORG Full Edition (Second Printing),29,25,Equipment / Named effects,Torch — purchase/use reference,Item,PARTIAL,P2,4,4,16,Reference Desk > oracle:core.gearA,indirect: Torch,no,indirect,"Some starting-equipment/recipe text exists, but purchase price and full catalog entry are absent.",Expose the printed catalog entry as static item lookup; reuse matching starting-item data without treating starting roll quantities as shop stock.,core-equipment-torch,ITEM_REFERENCE; SEARCH_ALIAS,Equipment; Travel; Character
core-equipment-sack,MÖRK BORG Bare Bones,25,25,Equipment / Named effects,Sack — purchase/use reference,Item,PARTIAL,P2,2,4,8,Reference Desk > oracle:core.containers,indirect: Sack,no,indirect,"Some starting-equipment/recipe text exists, but purchase price and full catalog entry are absent.",Expose the printed catalog entry as static item lookup; reuse matching starting-item data without treating starting roll quantities as shop stock.,core-equipment-sack,ITEM_REFERENCE; SEARCH_ALIAS,Equipment; Travel; Character
core-full-equipment-sack,MÖRK BORG Full Edition (Second Printing),29,25,Equipment / Named effects,Sack — purchase/use reference,Item,PARTIAL,P2,2,4,8,Reference Desk > oracle:core.containers,indirect: Sack,no,indirect,"Some starting-equipment/recipe text exists, but purchase price and full catalog entry are absent.",Expose the printed catalog entry as static item lookup; reuse matching starting-item data without treating starting roll quantities as shop stock.,core-equipment-sack,ITEM_REFERENCE; SEARCH_ALIAS,Equipment; Travel; Character
core-equipment-salt,MÖRK BORG Bare Bones,25,25,Equipment / Named effects,Salt — purchase/use reference,Item,MISSING,P2,2,4,8,No dedicated current reference route.,no: Salt,no,no,No catalog entry provides the printed price.,Expose the printed catalog entry as static item lookup; reuse matching starting-item data without treating starting roll quantities as shop stock.,core-equipment-salt,ITEM_REFERENCE; SEARCH_ALIAS,Equipment; Travel; Character
core-full-equipment-salt,MÖRK BORG Full Edition (Second Printing),29,25,Equipment / Named effects,Salt — purchase/use reference,Item,MISSING,P2,2,4,8,No dedicated current reference route.,no: Salt,no,no,No catalog entry provides the printed price.,Expose the printed catalog entry as static item lookup; reuse matching starting-item data without treating starting roll quantities as shop stock.,core-equipment-salt,ITEM_REFERENCE; SEARCH_ALIAS,Equipment; Travel; Character
core-equipment-scissors,MÖRK BORG Bare Bones,25,25,Equipment / Named effects,Scissors — purchase/use reference,Item,MISSING,P2,2,4,8,No dedicated current reference route.,no: Scissors,no,no,No catalog entry provides the printed price.,Expose the printed catalog entry as static item lookup; reuse matching starting-item data without treating starting roll quantities as shop stock.,core-equipment-scissors,ITEM_REFERENCE; SEARCH_ALIAS,Equipment; Travel; Character
core-full-equipment-scissors,MÖRK BORG Full Edition (Second Printing),29,25,Equipment / Named effects,Scissors — purchase/use reference,Item,MISSING,P2,2,4,8,No dedicated current reference route.,no: Scissors,no,no,No catalog entry provides the printed price.,Expose the printed catalog entry as static item lookup; reuse matching starting-item data without treating starting roll quantities as shop stock.,core-equipment-scissors,ITEM_REFERENCE; SEARCH_ALIAS,Equipment; Travel; Character
core-equipment-scroll-resale-value,MÖRK BORG Bare Bones,25,25,Equipment / Named effects,Scroll resale value — purchase/use reference,Item,MISSING,P2,2,4,8,No dedicated current reference route.,no: Scroll resale value,no,no,No catalog entry provides the printed price.,Expose the printed catalog entry as static item lookup; reuse matching starting-item data without treating starting roll quantities as shop stock.,core-equipment-scroll-resale-value,ITEM_REFERENCE; SEARCH_ALIAS,Equipment; Travel; Character
core-full-equipment-scroll-resale-value,MÖRK BORG Full Edition (Second Printing),29,25,Equipment / Named effects,Scroll resale value — purchase/use reference,Item,MISSING,P2,2,4,8,No dedicated current reference route.,no: Scroll resale value,no,no,No catalog entry provides the printed price.,Expose the printed catalog entry as static item lookup; reuse matching starting-item data without treating starting roll quantities as shop stock.,core-equipment-scroll-resale-value,ITEM_REFERENCE; SEARCH_ALIAS,Equipment; Travel; Character
core-equipment-sharp-needle,MÖRK BORG Bare Bones,25,25,Equipment / Named effects,Sharp needle — purchase/use reference,Item,PARTIAL,P2,2,4,8,Reference Desk > oracle:core.gearA,indirect: Sharp needle,no,indirect,"Some starting-equipment/recipe text exists, but purchase price and full catalog entry are absent.",Expose the printed catalog entry as static item lookup; reuse matching starting-item data without treating starting roll quantities as shop stock.,core-equipment-sharp-needle,ITEM_REFERENCE; SEARCH_ALIAS,Equipment; Travel; Character
core-full-equipment-sharp-needle,MÖRK BORG Full Edition (Second Printing),29,25,Equipment / Named effects,Sharp needle — purchase/use reference,Item,PARTIAL,P2,2,4,8,Reference Desk > oracle:core.gearA,indirect: Sharp needle,no,indirect,"Some starting-equipment/recipe text exists, but purchase price and full catalog entry are absent.",Expose the printed catalog entry as static item lookup; reuse matching starting-item data without treating starting roll quantities as shop stock.,core-equipment-sharp-needle,ITEM_REFERENCE; SEARCH_ALIAS,Equipment; Travel; Character
core-equipment-waterskin,MÖRK BORG Bare Bones,25,25,Equipment / Named effects,Waterskin — purchase/use reference,Item,PARTIAL,P2,4,4,16,Reference Desk > oracle:Character starting equipment,indirect: Waterskin,no,indirect,"Some starting-equipment/recipe text exists, but purchase price and full catalog entry are absent. Four days of water and 4s cost are absent from the starting-item label.",Expose the printed catalog entry as static item lookup; reuse matching starting-item data without treating starting roll quantities as shop stock.,core-equipment-waterskin,ITEM_REFERENCE; SEARCH_ALIAS,Equipment; Travel; Character
core-full-equipment-waterskin,MÖRK BORG Full Edition (Second Printing),29,25,Equipment / Named effects,Waterskin — purchase/use reference,Item,PARTIAL,P2,4,4,16,Reference Desk > oracle:Character starting equipment,indirect: Waterskin,no,indirect,"Some starting-equipment/recipe text exists, but purchase price and full catalog entry are absent. Four days of water and 4s cost are absent from the starting-item label.",Expose the printed catalog entry as static item lookup; reuse matching starting-item data without treating starting roll quantities as shop stock.,core-equipment-waterskin,ITEM_REFERENCE; SEARCH_ALIAS,Equipment; Travel; Character
core-weapon-battle-axe,MÖRK BORG Bare Bones,26,26,Equipment / Named effects,Battle axe — damage and price,Item,MISSING,P2,4,4,16,No dedicated current reference route.,no: Battle axe — damage and price,no,no,Weapon is absent from the ten-entry starting table; no source equipment reference exposes its printed damage and price.,Add the printed weapon catalog entry; expose existing damage metadata in the reference result and index the item.,core-weapon-battle-axe,ITEM_REFERENCE; TABLE_VIEW; SEARCH_ALIAS,Equipment; Combat
core-full-weapon-battle-axe,MÖRK BORG Full Edition (Second Printing),29,25,Equipment / Named effects,Battle axe — damage and price,Item,MISSING,P2,4,4,16,No dedicated current reference route.,no: Battle axe — damage and price,no,no,Weapon is absent from the ten-entry starting table; no source equipment reference exposes its printed damage and price.,Add the printed weapon catalog entry; expose existing damage metadata in the reference result and index the item.,core-weapon-battle-axe,ITEM_REFERENCE; TABLE_VIEW; SEARCH_ALIAS,Equipment; Combat
core-weapon-bow,MÖRK BORG Bare Bones,23; 26,"23,26",Equipment / Named effects,Bow — damage and price,Item,PARTIAL,P1,4,4,16,Reference Desk > oracle:core.weapons; Character > generated weapon,indirect: Bow — damage and price,no,no,Starting weapon damage exists only in metadata (and generated Character weapon); Desk TABLE/ROLL show name. Shop price missing.,Add the printed weapon catalog entry; expose existing damage metadata in the reference result and index the item.,core-weapon-bow,ITEM_REFERENCE; TABLE_VIEW; SEARCH_ALIAS,Equipment; Combat
core-full-weapon-bow,MÖRK BORG Full Edition (Second Printing),25; 29,"21,25",Equipment / Named effects,Bow — damage and price,Item,PARTIAL,P1,4,4,16,Reference Desk > oracle:core.weapons; Character > generated weapon,indirect: Bow — damage and price,no,no,Starting weapon damage exists only in metadata (and generated Character weapon); Desk TABLE/ROLL show name. Shop price missing.,Add the printed weapon catalog entry; expose existing damage metadata in the reference result and index the item.,core-weapon-bow,ITEM_REFERENCE; TABLE_VIEW; SEARCH_ALIAS,Equipment; Combat
core-weapon-club,MÖRK BORG Bare Bones,26,26,Equipment / Named effects,Club — damage and price,Item,MISSING,P2,4,4,16,No dedicated current reference route.,no: Club — damage and price,no,no,Weapon is absent from the ten-entry starting table; no source equipment reference exposes its printed damage and price.,Add the printed weapon catalog entry; expose existing damage metadata in the reference result and index the item.,core-weapon-club,ITEM_REFERENCE; TABLE_VIEW; SEARCH_ALIAS,Equipment; Combat
core-full-weapon-club,MÖRK BORG Full Edition (Second Printing),29,25,Equipment / Named effects,Club — damage and price,Item,MISSING,P2,4,4,16,No dedicated current reference route.,no: Club — damage and price,no,no,Weapon is absent from the ten-entry starting table; no source equipment reference exposes its printed damage and price.,Add the printed weapon catalog entry; expose existing damage metadata in the reference result and index the item.,core-weapon-club,ITEM_REFERENCE; TABLE_VIEW; SEARCH_ALIAS,Equipment; Combat
core-weapon-crossbow,MÖRK BORG Bare Bones,23; 26,"23,26",Equipment / Named effects,Crossbow — damage and price,Item,PARTIAL,P1,4,4,16,Reference Desk > oracle:core.weapons; Character > generated weapon,indirect: Crossbow — damage and price,no,no,Starting weapon damage exists only in metadata (and generated Character weapon); Desk TABLE/ROLL show name. Shop price missing.,Add the printed weapon catalog entry; expose existing damage metadata in the reference result and index the item.,core-weapon-crossbow,ITEM_REFERENCE; TABLE_VIEW; SEARCH_ALIAS,Equipment; Combat
core-full-weapon-crossbow,MÖRK BORG Full Edition (Second Printing),27; 29,25; weapon continuation spread has no visible printed number,Equipment / Named effects,Crossbow — damage and price,Item,PARTIAL,P1,4,4,16,Reference Desk > oracle:core.weapons; Character > generated weapon,indirect: Crossbow — damage and price,no,no,Starting weapon damage exists only in metadata (and generated Character weapon); Desk TABLE/ROLL show name. Shop price missing.,Add the printed weapon catalog entry; expose existing damage metadata in the reference result and index the item.,core-weapon-crossbow,ITEM_REFERENCE; TABLE_VIEW; SEARCH_ALIAS,Equipment; Combat
core-weapon-flail,MÖRK BORG Bare Bones,23; 26,"23,26",Equipment / Named effects,Flail — damage and price,Item,PARTIAL,P1,4,4,16,Reference Desk > oracle:core.weapons; Character > generated weapon,indirect: Flail — damage and price,no,no,Starting weapon damage exists only in metadata (and generated Character weapon); Desk TABLE/ROLL show name. Shop price missing.,Add the printed weapon catalog entry; expose existing damage metadata in the reference result and index the item.,core-weapon-flail,ITEM_REFERENCE; TABLE_VIEW; SEARCH_ALIAS,Equipment; Combat
core-full-weapon-flail,MÖRK BORG Full Edition (Second Printing),26; 29,25; weapon continuation spread has no visible printed number,Equipment / Named effects,Flail — damage and price,Item,PARTIAL,P1,4,4,16,Reference Desk > oracle:core.weapons; Character > generated weapon,indirect: Flail — damage and price,no,no,Starting weapon damage exists only in metadata (and generated Character weapon); Desk TABLE/ROLL show name. Shop price missing.,Add the printed weapon catalog entry; expose existing damage metadata in the reference result and index the item.,core-weapon-flail,ITEM_REFERENCE; TABLE_VIEW; SEARCH_ALIAS,Equipment; Combat
core-weapon-femur,MÖRK BORG Bare Bones,23; 26,"23,26",Equipment / Named effects,Femur — damage and price,Item,PARTIAL,P1,4,4,16,Reference Desk > oracle:core.weapons; Character > generated weapon,indirect: Femur — damage and price,no,no,Starting weapon damage exists only in metadata (and generated Character weapon); Desk TABLE/ROLL show name. Shop price missing.,Add the printed weapon catalog entry; expose existing damage metadata in the reference result and index the item.,core-weapon-femur,ITEM_REFERENCE; TABLE_VIEW; SEARCH_ALIAS,Equipment; Combat
core-full-weapon-femur,MÖRK BORG Full Edition (Second Printing),24; 29,"20,25",Equipment / Named effects,Femur — damage and price,Item,PARTIAL,P1,4,4,16,Reference Desk > oracle:core.weapons; Character > generated weapon,indirect: Femur — damage and price,no,no,Starting weapon damage exists only in metadata (and generated Character weapon); Desk TABLE/ROLL show name. Shop price missing.,Add the printed weapon catalog entry; expose existing damage metadata in the reference result and index the item.,core-weapon-femur,ITEM_REFERENCE; TABLE_VIEW; SEARCH_ALIAS,Equipment; Combat
core-weapon-handaxe,MÖRK BORG Bare Bones,26,26,Equipment / Named effects,Handaxe — damage and price,Item,MISSING,P2,4,4,16,No dedicated current reference route.,no: Handaxe — damage and price,no,no,Weapon is absent from the ten-entry starting table; no source equipment reference exposes its printed damage and price.,Add the printed weapon catalog entry; expose existing damage metadata in the reference result and index the item.,core-weapon-handaxe,ITEM_REFERENCE; TABLE_VIEW; SEARCH_ALIAS,Equipment; Combat
core-full-weapon-handaxe,MÖRK BORG Full Edition (Second Printing),29,25,Equipment / Named effects,Handaxe — damage and price,Item,MISSING,P2,4,4,16,No dedicated current reference route.,no: Handaxe — damage and price,no,no,Weapon is absent from the ten-entry starting table; no source equipment reference exposes its printed damage and price.,Add the printed weapon catalog entry; expose existing damage metadata in the reference result and index the item.,core-weapon-handaxe,ITEM_REFERENCE; TABLE_VIEW; SEARCH_ALIAS,Equipment; Combat
core-weapon-knife,MÖRK BORG Bare Bones,23; 26,"23,26",Equipment / Named effects,Knife — damage and price,Item,PARTIAL,P1,4,4,16,Reference Desk > oracle:core.weapons; Character > generated weapon,indirect: Knife — damage and price,no,no,Starting weapon damage exists only in metadata (and generated Character weapon); Desk TABLE/ROLL show name. Shop price missing.,Add the printed weapon catalog entry; expose existing damage metadata in the reference result and index the item.,core-weapon-knife,ITEM_REFERENCE; TABLE_VIEW; SEARCH_ALIAS,Equipment; Combat
core-full-weapon-knife,MÖRK BORG Full Edition (Second Printing),25; 29,"21,25",Equipment / Named effects,Knife — damage and price,Item,PARTIAL,P1,4,4,16,Reference Desk > oracle:core.weapons; Character > generated weapon,indirect: Knife — damage and price,no,no,Starting weapon damage exists only in metadata (and generated Character weapon); Desk TABLE/ROLL show name. Shop price missing.,Add the printed weapon catalog entry; expose existing damage metadata in the reference result and index the item.,core-weapon-knife,ITEM_REFERENCE; TABLE_VIEW; SEARCH_ALIAS,Equipment; Combat
core-weapon-mace,MÖRK BORG Bare Bones,26,26,Equipment / Named effects,Mace — damage and price,Item,MISSING,P2,4,4,16,No dedicated current reference route.,no: Mace — damage and price,no,no,Weapon is absent from the ten-entry starting table; no source equipment reference exposes its printed damage and price.,Add the printed weapon catalog entry; expose existing damage metadata in the reference result and index the item.,core-weapon-mace,ITEM_REFERENCE; TABLE_VIEW; SEARCH_ALIAS,Equipment; Combat
core-full-weapon-mace,MÖRK BORG Full Edition (Second Printing),29,25,Equipment / Named effects,Mace — damage and price,Item,MISSING,P2,4,4,16,No dedicated current reference route.,no: Mace — damage and price,no,no,Weapon is absent from the ten-entry starting table; no source equipment reference exposes its printed damage and price.,Add the printed weapon catalog entry; expose existing damage metadata in the reference result and index the item.,core-weapon-mace,ITEM_REFERENCE; TABLE_VIEW; SEARCH_ALIAS,Equipment; Combat
core-weapon-shortbow,MÖRK BORG Bare Bones,26,26,Equipment / Named effects,Shortbow — damage and price,Item,MISSING,P2,4,4,16,No dedicated current reference route.,no: Shortbow — damage and price,no,no,Weapon is absent from the ten-entry starting table; no source equipment reference exposes its printed damage and price.,Add the printed weapon catalog entry; expose existing damage metadata in the reference result and index the item.,core-weapon-shortbow,ITEM_REFERENCE; TABLE_VIEW; SEARCH_ALIAS,Equipment; Combat
core-full-weapon-shortbow,MÖRK BORG Full Edition (Second Printing),29,25,Equipment / Named effects,Shortbow — damage and price,Item,MISSING,P2,4,4,16,No dedicated current reference route.,no: Shortbow — damage and price,no,no,Weapon is absent from the ten-entry starting table; no source equipment reference exposes its printed damage and price.,Add the printed weapon catalog entry; expose existing damage metadata in the reference result and index the item.,core-weapon-shortbow,ITEM_REFERENCE; TABLE_VIEW; SEARCH_ALIAS,Equipment; Combat
core-weapon-shortsword,MÖRK BORG Bare Bones,23; 26,"23,26",Equipment / Named effects,Shortsword — damage and price,Item,PARTIAL,P1,4,4,16,Reference Desk > oracle:core.weapons; Character > generated weapon,indirect: Shortsword — damage and price,no,no,Starting weapon damage exists only in metadata (and generated Character weapon); Desk TABLE/ROLL show name. Shop price missing.,Add the printed weapon catalog entry; expose existing damage metadata in the reference result and index the item.,core-weapon-shortsword,ITEM_REFERENCE; TABLE_VIEW; SEARCH_ALIAS,Equipment; Combat
core-full-weapon-shortsword,MÖRK BORG Full Edition (Second Printing),25; 29,"21,25",Equipment / Named effects,Shortsword — damage and price,Item,PARTIAL,P1,4,4,16,Reference Desk > oracle:core.weapons; Character > generated weapon,indirect: Shortsword — damage and price,no,no,Starting weapon damage exists only in metadata (and generated Character weapon); Desk TABLE/ROLL show name. Shop price missing.,Add the printed weapon catalog entry; expose existing damage metadata in the reference result and index the item.,core-weapon-shortsword,ITEM_REFERENCE; TABLE_VIEW; SEARCH_ALIAS,Equipment; Combat
core-weapon-sling,MÖRK BORG Bare Bones,26,26,Equipment / Named effects,Sling — damage and price,Item,MISSING,P2,4,4,16,No dedicated current reference route.,no: Sling — damage and price,no,no,Weapon is absent from the ten-entry starting table; no source equipment reference exposes its printed damage and price.,Add the printed weapon catalog entry; expose existing damage metadata in the reference result and index the item.,core-weapon-sling,ITEM_REFERENCE; TABLE_VIEW; SEARCH_ALIAS,Equipment; Combat
core-full-weapon-sling,MÖRK BORG Full Edition (Second Printing),29,25,Equipment / Named effects,Sling — damage and price,Item,MISSING,P2,4,4,16,No dedicated current reference route.,no: Sling — damage and price,no,no,Weapon is absent from the ten-entry starting table; no source equipment reference exposes its printed damage and price.,Add the printed weapon catalog entry; expose existing damage metadata in the reference result and index the item.,core-weapon-sling,ITEM_REFERENCE; TABLE_VIEW; SEARCH_ALIAS,Equipment; Combat
core-weapon-staff,MÖRK BORG Bare Bones,23; 26,"23,26",Equipment / Named effects,Staff — damage and price,Item,PARTIAL,P1,4,4,16,Reference Desk > oracle:core.weapons; Character > generated weapon,indirect: Staff — damage and price,no,no,Starting weapon damage exists only in metadata (and generated Character weapon); Desk TABLE/ROLL show name. Shop price missing.,Add the printed weapon catalog entry; expose existing damage metadata in the reference result and index the item.,core-weapon-staff,ITEM_REFERENCE; TABLE_VIEW; SEARCH_ALIAS,Equipment; Combat
core-full-weapon-staff,MÖRK BORG Full Edition (Second Printing),25; 29,"21,25",Equipment / Named effects,Staff — damage and price,Item,PARTIAL,P1,4,4,16,Reference Desk > oracle:core.weapons; Character > generated weapon,indirect: Staff — damage and price,no,no,Starting weapon damage exists only in metadata (and generated Character weapon); Desk TABLE/ROLL show name. Shop price missing.,Add the printed weapon catalog entry; expose existing damage metadata in the reference result and index the item.,core-weapon-staff,ITEM_REFERENCE; TABLE_VIEW; SEARCH_ALIAS,Equipment; Combat
core-weapon-sword,MÖRK BORG Bare Bones,23; 26,"23,26",Equipment / Named effects,Sword — damage and price,Item,PARTIAL,P1,4,4,16,Reference Desk > oracle:core.weapons; Character > generated weapon,indirect: Sword — damage and price,no,no,Starting weapon damage exists only in metadata (and generated Character weapon); Desk TABLE/ROLL show name. Shop price missing.,Add the printed weapon catalog entry; expose existing damage metadata in the reference result and index the item.,core-weapon-sword,ITEM_REFERENCE; TABLE_VIEW; SEARCH_ALIAS,Equipment; Combat
core-full-weapon-sword,MÖRK BORG Full Edition (Second Printing),25; 29,"21,25",Equipment / Named effects,Sword — damage and price,Item,PARTIAL,P1,4,4,16,Reference Desk > oracle:core.weapons; Character > generated weapon,indirect: Sword — damage and price,no,no,Starting weapon damage exists only in metadata (and generated Character weapon); Desk TABLE/ROLL show name. Shop price missing.,Add the printed weapon catalog entry; expose existing damage metadata in the reference result and index the item.,core-weapon-sword,ITEM_REFERENCE; TABLE_VIEW; SEARCH_ALIAS,Equipment; Combat
core-weapon-warhammer,MÖRK BORG Bare Bones,23; 26,"23,26",Equipment / Named effects,Warhammer — damage and price,Item,PARTIAL,P1,4,4,16,Reference Desk > oracle:core.weapons; Character > generated weapon,indirect: Warhammer — damage and price,no,no,Starting weapon damage exists only in metadata (and generated Character weapon); Desk TABLE/ROLL show name. Shop price missing.,Add the printed weapon catalog entry; expose existing damage metadata in the reference result and index the item.,core-weapon-warhammer,ITEM_REFERENCE; TABLE_VIEW; SEARCH_ALIAS,Equipment; Combat
core-full-weapon-warhammer,MÖRK BORG Full Edition (Second Printing),25; 29,"21,25",Equipment / Named effects,Warhammer — damage and price,Item,PARTIAL,P1,4,4,16,Reference Desk > oracle:core.weapons; Character > generated weapon,indirect: Warhammer — damage and price,no,no,Starting weapon damage exists only in metadata (and generated Character weapon); Desk TABLE/ROLL show name. Shop price missing.,Add the printed weapon catalog entry; expose existing damage metadata in the reference result and index the item.,core-weapon-warhammer,ITEM_REFERENCE; TABLE_VIEW; SEARCH_ALIAS,Equipment; Combat
core-weapon-whip,MÖRK BORG Bare Bones,26,26,Equipment / Named effects,Whip — damage and price,Item,MISSING,P2,4,4,16,No dedicated current reference route.,no: Whip — damage and price,no,no,Weapon is absent from the ten-entry starting table; no source equipment reference exposes its printed damage and price.,Add the printed weapon catalog entry; expose existing damage metadata in the reference result and index the item.,core-weapon-whip,ITEM_REFERENCE; TABLE_VIEW; SEARCH_ALIAS,Equipment; Combat
core-full-weapon-whip,MÖRK BORG Full Edition (Second Printing),29,25,Equipment / Named effects,Whip — damage and price,Item,MISSING,P2,4,4,16,No dedicated current reference route.,no: Whip — damage and price,no,no,Weapon is absent from the ten-entry starting table; no source equipment reference exposes its printed damage and price.,Add the printed weapon catalog entry; expose existing damage metadata in the reference result and index the item.,core-weapon-whip,ITEM_REFERENCE; TABLE_VIEW; SEARCH_ALIAS,Equipment; Combat
core-weapon-zweihander,MÖRK BORG Bare Bones,23; 26,"23,26",Equipment / Named effects,Zweihänder — damage and price,Item,PARTIAL,P1,4,4,16,Reference Desk > oracle:core.weapons; Character > generated weapon,indirect: Zweihänder — damage and price,no,no,Starting weapon damage exists only in metadata (and generated Character weapon); Desk TABLE/ROLL show name. Shop price missing.,Add the printed weapon catalog entry; expose existing damage metadata in the reference result and index the item.,core-weapon-zweihander,ITEM_REFERENCE; TABLE_VIEW; SEARCH_ALIAS,Equipment; Combat
core-full-weapon-zweihander,MÖRK BORG Full Edition (Second Printing),26; 29,25; weapon continuation spread has no visible printed number,Equipment / Named effects,Zweihänder — damage and price,Item,PARTIAL,P1,4,4,16,Reference Desk > oracle:core.weapons; Character > generated weapon,indirect: Zweihänder — damage and price,no,no,Starting weapon damage exists only in metadata (and generated Character weapon); Desk TABLE/ROLL show name. Shop price missing.,Add the printed weapon catalog entry; expose existing damage metadata in the reference result and index the item.,core-weapon-zweihander,ITEM_REFERENCE; TABLE_VIEW; SEARCH_ALIAS,Equipment; Combat
core-purchase-20-arrows,MÖRK BORG Bare Bones,26,26,Equipment / Named effects,20 arrows — purchase price,Item,MISSING,P2,2,4,8,No dedicated current reference route.,no: 20 arrows — purchase price,no,no,No static Core purchase-price reference. Companion generation is not a purchase catalog.,Add the printed stock/price row with searchable name.,core-purchase-20-arrows,ITEM_REFERENCE,Equipment; Travel
core-full-purchase-20-arrows,MÖRK BORG Full Edition (Second Printing),29,25,Equipment / Named effects,20 arrows — purchase price,Item,MISSING,P2,2,4,8,No dedicated current reference route.,no: 20 arrows — purchase price,no,no,No static Core purchase-price reference. Companion generation is not a purchase catalog.,Add the printed stock/price row with searchable name.,core-purchase-20-arrows,ITEM_REFERENCE,Equipment; Travel
core-purchase-10-bolts,MÖRK BORG Bare Bones,26,26,Equipment / Named effects,10 bolts — purchase price,Item,MISSING,P2,2,4,8,No dedicated current reference route.,no: 10 bolts — purchase price,no,no,No static Core purchase-price reference. Companion generation is not a purchase catalog.,Add the printed stock/price row with searchable name.,core-purchase-10-bolts,ITEM_REFERENCE,Equipment; Travel
core-full-purchase-10-bolts,MÖRK BORG Full Edition (Second Printing),29,25,Equipment / Named effects,10 bolts — purchase price,Item,MISSING,P2,2,4,8,No dedicated current reference route.,no: 10 bolts — purchase price,no,no,No static Core purchase-price reference. Companion generation is not a purchase catalog.,Add the printed stock/price row with searchable name.,core-purchase-10-bolts,ITEM_REFERENCE,Equipment; Travel
core-purchase-dog-trained,MÖRK BORG Bare Bones,26,26,Equipment / Named effects,Dog (trained) — purchase price,Item,MISSING,P2,2,4,8,No dedicated current reference route.,no: Dog (trained) — purchase price,no,no,No static Core purchase-price reference. Companion generation is not a purchase catalog.,Add the printed stock/price row with searchable name.,core-purchase-dog-trained,ITEM_REFERENCE,Equipment; Travel
core-full-purchase-dog-trained,MÖRK BORG Full Edition (Second Printing),29,25,Equipment / Named effects,Dog (trained) — purchase price,Item,MISSING,P2,2,4,8,No dedicated current reference route.,no: Dog (trained) — purchase price,no,no,No static Core purchase-price reference. Companion generation is not a purchase catalog.,Add the printed stock/price row with searchable name.,core-purchase-dog-trained,ITEM_REFERENCE,Equipment; Travel
core-purchase-dog-wild,MÖRK BORG Bare Bones,26,26,Equipment / Named effects,Dog (wild) — purchase price,Item,MISSING,P2,2,4,8,No dedicated current reference route.,no: Dog (wild) — purchase price,no,no,No static Core purchase-price reference. Companion generation is not a purchase catalog.,Add the printed stock/price row with searchable name.,core-purchase-dog-wild,ITEM_REFERENCE,Equipment; Travel
core-full-purchase-dog-wild,MÖRK BORG Full Edition (Second Printing),29,25,Equipment / Named effects,Dog (wild) — purchase price,Item,MISSING,P2,2,4,8,No dedicated current reference route.,no: Dog (wild) — purchase price,no,no,No static Core purchase-price reference. Companion generation is not a purchase catalog.,Add the printed stock/price row with searchable name.,core-purchase-dog-wild,ITEM_REFERENCE,Equipment; Travel
core-purchase-horse,MÖRK BORG Bare Bones,26,26,Equipment / Named effects,Horse — purchase price,Item,MISSING,P2,2,4,8,No dedicated current reference route.,no: Horse — purchase price,no,no,No static Core purchase-price reference. Companion generation is not a purchase catalog.,Add the printed stock/price row with searchable name.,core-purchase-horse,ITEM_REFERENCE,Equipment; Travel
core-full-purchase-horse,MÖRK BORG Full Edition (Second Printing),29,25,Equipment / Named effects,Horse — purchase price,Item,MISSING,P2,2,4,8,No dedicated current reference route.,no: Horse — purchase price,no,no,No static Core purchase-price reference. Companion generation is not a purchase catalog.,Add the printed stock/price row with searchable name.,core-purchase-horse,ITEM_REFERENCE,Equipment; Travel
core-purchase-mule,MÖRK BORG Bare Bones,26,26,Equipment / Named effects,Mule — purchase price,Item,MISSING,P2,2,4,8,No dedicated current reference route.,no: Mule — purchase price,no,no,No static Core purchase-price reference. Companion generation is not a purchase catalog.,Add the printed stock/price row with searchable name.,core-purchase-mule,ITEM_REFERENCE,Equipment; Travel
core-full-purchase-mule,MÖRK BORG Full Edition (Second Printing),29,25,Equipment / Named effects,Mule — purchase price,Item,MISSING,P2,2,4,8,No dedicated current reference route.,no: Mule — purchase price,no,no,No static Core purchase-price reference. Companion generation is not a purchase catalog.,Add the printed stock/price row with searchable name.,core-purchase-mule,ITEM_REFERENCE,Equipment; Travel
core-purchase-rat-tame,MÖRK BORG Bare Bones,26,26,Equipment / Named effects,Rat (tame) — purchase price,Item,MISSING,P2,2,4,8,No dedicated current reference route.,no: Rat (tame) — purchase price,no,no,No static Core purchase-price reference. Companion generation is not a purchase catalog.,Add the printed stock/price row with searchable name.,core-purchase-rat-tame,ITEM_REFERENCE,Equipment; Travel
core-full-purchase-rat-tame,MÖRK BORG Full Edition (Second Printing),29,25,Equipment / Named effects,Rat (tame) — purchase price,Item,MISSING,P2,2,4,8,No dedicated current reference route.,no: Rat (tame) — purchase price,no,no,No static Core purchase-price reference. Companion generation is not a purchase catalog.,Add the printed stock/price row with searchable name.,core-purchase-rat-tame,ITEM_REFERENCE,Equipment; Travel
core-service-night-in-hospice,MÖRK BORG Bare Bones,25,25,Night in hospice,Night in hospice,Rule,MISSING,P2,3,4,12,No dedicated current reference route.,no: Night in hospice,no,no,Printed service price/range not available in Core reference catalog. Tavern-specific tables are different sources.,"Add this row to a compact static Core services/repair lookup, with original maximum-repair restriction.",core-service-night-in-hospice,ITEM_REFERENCE; QUICK_RULE,Equipment; City
core-full-service-night-in-hospice,MÖRK BORG Full Edition (Second Printing),29,25,Night in hospice,Night in hospice,Rule,MISSING,P2,3,4,12,No dedicated current reference route.,no: Night in hospice,no,no,Printed service price/range not available in Core reference catalog. Tavern-specific tables are different sources.,"Add this row to a compact static Core services/repair lookup, with original maximum-repair restriction.",core-service-night-in-hospice,ITEM_REFERENCE; QUICK_RULE,Equipment; City
core-service-drink,MÖRK BORG Bare Bones,25,25,Drink,Drink,Rule,MISSING,P2,3,4,12,No dedicated current reference route.,no: Drink,no,no,Printed service price/range not available in Core reference catalog. Tavern-specific tables are different sources.,"Add this row to a compact static Core services/repair lookup, with original maximum-repair restriction.",core-service-drink,ITEM_REFERENCE; QUICK_RULE,Equipment; City
core-full-service-drink,MÖRK BORG Full Edition (Second Printing),29,25,Drink,Drink,Rule,MISSING,P2,3,4,12,No dedicated current reference route.,no: Drink,no,no,Printed service price/range not available in Core reference catalog. Tavern-specific tables are different sources.,"Add this row to a compact static Core services/repair lookup, with original maximum-repair restriction.",core-service-drink,ITEM_REFERENCE; QUICK_RULE,Equipment; City
core-service-steady-meal,MÖRK BORG Bare Bones,25,25,Steady meal,Steady meal,Rule,MISSING,P2,3,4,12,No dedicated current reference route.,no: Steady meal,no,no,Printed service price/range not available in Core reference catalog. Tavern-specific tables are different sources.,"Add this row to a compact static Core services/repair lookup, with original maximum-repair restriction.",core-service-steady-meal,ITEM_REFERENCE; QUICK_RULE,Equipment; City
core-full-service-steady-meal,MÖRK BORG Full Edition (Second Printing),29,25,Steady meal,Steady meal,Rule,MISSING,P2,3,4,12,No dedicated current reference route.,no: Steady meal,no,no,Printed service price/range not available in Core reference catalog. Tavern-specific tables are different sources.,"Add this row to a compact static Core services/repair lookup, with original maximum-repair restriction.",core-service-steady-meal,ITEM_REFERENCE; QUICK_RULE,Equipment; City
core-service-bribe-guard,MÖRK BORG Bare Bones,25,25,Bribe: guard,Bribe: guard,Rule,MISSING,P2,3,4,12,No dedicated current reference route.,no: Bribe: guard,no,no,Printed service price/range not available in Core reference catalog. Tavern-specific tables are different sources.,"Add this row to a compact static Core services/repair lookup, with original maximum-repair restriction.",core-service-bribe-guard,ITEM_REFERENCE; QUICK_RULE,Equipment; City
core-full-service-bribe-guard,MÖRK BORG Full Edition (Second Printing),29,25,Bribe: guard,Bribe: guard,Rule,MISSING,P2,3,4,12,No dedicated current reference route.,no: Bribe: guard,no,no,Printed service price/range not available in Core reference catalog. Tavern-specific tables are different sources.,"Add this row to a compact static Core services/repair lookup, with original maximum-repair restriction.",core-service-bribe-guard,ITEM_REFERENCE; QUICK_RULE,Equipment; City
core-service-bribe-clerk,MÖRK BORG Bare Bones,25,25,Bribe: clerk,Bribe: clerk,Rule,MISSING,P2,3,4,12,No dedicated current reference route.,no: Bribe: clerk,no,no,Printed service price/range not available in Core reference catalog. Tavern-specific tables are different sources.,"Add this row to a compact static Core services/repair lookup, with original maximum-repair restriction.",core-service-bribe-clerk,ITEM_REFERENCE; QUICK_RULE,Equipment; City
core-full-service-bribe-clerk,MÖRK BORG Full Edition (Second Printing),29,25,Bribe: clerk,Bribe: clerk,Rule,MISSING,P2,3,4,12,No dedicated current reference route.,no: Bribe: clerk,no,no,Printed service price/range not available in Core reference catalog. Tavern-specific tables are different sources.,"Add this row to a compact static Core services/repair lookup, with original maximum-repair restriction.",core-service-bribe-clerk,ITEM_REFERENCE; QUICK_RULE,Equipment; City
core-service-bribe-rabble,MÖRK BORG Bare Bones,25,25,Bribe: rabble,Bribe: rabble,Rule,MISSING,P2,3,4,12,No dedicated current reference route.,no: Bribe: rabble,no,no,Printed service price/range not available in Core reference catalog. Tavern-specific tables are different sources.,"Add this row to a compact static Core services/repair lookup, with original maximum-repair restriction.",core-service-bribe-rabble,ITEM_REFERENCE; QUICK_RULE,Equipment; City
core-full-service-bribe-rabble,MÖRK BORG Full Edition (Second Printing),29,25,Bribe: rabble,Bribe: rabble,Rule,MISSING,P2,3,4,12,No dedicated current reference route.,no: Bribe: rabble,no,no,Printed service price/range not available in Core reference catalog. Tavern-specific tables are different sources.,"Add this row to a compact static Core services/repair lookup, with original maximum-repair restriction.",core-service-bribe-rabble,ITEM_REFERENCE; QUICK_RULE,Equipment; City
core-service-armor-repair-tier-1-to-2,MÖRK BORG Bare Bones,25,25,Armor repair tier 1 to 2,Armor repair tier 1 to 2,Rule,MISSING,P2,3,4,12,No dedicated current reference route.,no: Armor repair tier 1 to 2,no,no,Printed service price/range not available in Core reference catalog. Tavern-specific tables are different sources.,"Add this row to a compact static Core services/repair lookup, with original maximum-repair restriction.",core-service-armor-repair-tier-1-to-2,ITEM_REFERENCE; QUICK_RULE,Equipment; City
core-full-service-armor-repair-tier-1-to-2,MÖRK BORG Full Edition (Second Printing),29,25,Armor repair tier 1 to 2,Armor repair tier 1 to 2,Rule,MISSING,P2,3,4,12,No dedicated current reference route.,no: Armor repair tier 1 to 2,no,no,Printed service price/range not available in Core reference catalog. Tavern-specific tables are different sources.,"Add this row to a compact static Core services/repair lookup, with original maximum-repair restriction.",core-service-armor-repair-tier-1-to-2,ITEM_REFERENCE; QUICK_RULE,Equipment; City
core-service-armor-repair-tier-2-to-3,MÖRK BORG Bare Bones,25,25,Armor repair tier 2 to 3,Armor repair tier 2 to 3,Rule,MISSING,P2,3,4,12,No dedicated current reference route.,no: Armor repair tier 2 to 3,no,no,Printed service price/range not available in Core reference catalog. Tavern-specific tables are different sources.,"Add this row to a compact static Core services/repair lookup, with original maximum-repair restriction.",core-service-armor-repair-tier-2-to-3,ITEM_REFERENCE; QUICK_RULE,Equipment; City
core-full-service-armor-repair-tier-2-to-3,MÖRK BORG Full Edition (Second Printing),29,25,Armor repair tier 2 to 3,Armor repair tier 2 to 3,Rule,MISSING,P2,3,4,12,No dedicated current reference route.,no: Armor repair tier 2 to 3,no,no,Printed service price/range not available in Core reference catalog. Tavern-specific tables are different sources.,"Add this row to a compact static Core services/repair lookup, with original maximum-repair restriction.",core-service-armor-repair-tier-2-to-3,ITEM_REFERENCE; QUICK_RULE,Equipment; City
core-improvised-weapons,MÖRK BORG Bare Bones,23; 25,"23,25",Improvised weapons d4; unarmed d2,Improvised weapons d4; unarmed d2,Rule,PARTIAL,P2,4,4,16,Reference Desk > Character > weapon rows,indirect: Improvised weapons d4; unarmed d2,no,n/a,A generated weapon can be edited but there is no named quick rule for improvised d4 or unarmed d2; unarmed exact search returns no result.,Add the two source damage lines to Combat/Weapons lookup.,core-improvised-weapons,QUICK_RULE; SEARCH_ALIAS,Equipment; Combat
core-full-improvised-weapons,MÖRK BORG Full Edition (Second Printing),25; 29,"21,25",Improvised weapons d4; unarmed d2,Improvised weapons d4; unarmed d2,Rule,PARTIAL,P2,4,4,16,Reference Desk > Character > weapon rows,indirect: Improvised weapons d4; unarmed d2,no,n/a,A generated weapon can be edited but there is no named quick rule for improvised d4 or unarmed d2; unarmed exact search returns no result.,Add the two source damage lines to Combat/Weapons lookup.,core-improvised-weapons,QUICK_RULE; SEARCH_ALIAS,Equipment; Combat
core-creature-goblin,MÖRK BORG Bare Bones,58,58,Creatures / Outcasts,Goblin — stat block and special rules,Creature,RESOLVED,—,4,1,4,Reference Desk > creature:core:58:seth > OPEN,yes: Goblin — stat block and special rules,no,n/a,Reviewed the source text and available mechanical output; usable via the cited route.,None.,core-creature-goblin,,Monster; Combat
core-full-creature-goblin,MÖRK BORG Full Edition (Second Printing),62,58,Creatures / Outcasts,Goblin — stat block and special rules,Creature,RESOLVED,—,4,1,4,Reference Desk > creature:core:58:seth > OPEN,yes: Goblin — stat block and special rules,no,n/a,Reviewed the source text and available mechanical output; usable via the cited route.,None.,core-creature-goblin,,Monster; Combat
core-valuation-goblin,MÖRK BORG Bare Bones,58,58,Goblin — captured/dead/body-part value,Goblin — captured/dead/body-part value,Rule,PRESENT_BUT_INDIRECT,P2,2,4,8,Campaign > Monsters > source preset > Notes,indirect: Goblin — captured/dead/body-part value,no,n/a,"Exact valuations exist in private record. loadMonsterPreset places them in notes, but Reference Desk monsterBlocks omits notes; a save/open-library route is required.",Expose quiet valuation disclosure on the existing Reference creature result without requiring a saved monster.,core-valuation-goblin,RESULT_LINK; MONSTER_REFERENCE,Monster; Equipment
core-full-valuation-goblin,MÖRK BORG Full Edition (Second Printing),62,58,Goblin — captured/dead/body-part value,Goblin — captured/dead/body-part value,Rule,PRESENT_BUT_INDIRECT,P2,2,4,8,Campaign > Monsters > source preset > Notes,indirect: Goblin — captured/dead/body-part value,no,n/a,"Exact valuations exist in private record. loadMonsterPreset places them in notes, but Reference Desk monsterBlocks omits notes; a save/open-library route is required.",Expose quiet valuation disclosure on the existing Reference creature result without requiring a saved monster.,core-valuation-goblin,RESULT_LINK; MONSTER_REFERENCE,Monster; Equipment
core-creature-scum,MÖRK BORG Bare Bones,58,58,Creatures / Outcasts,Scum — stat block and special rules,Creature,RESOLVED,—,4,1,4,Reference Desk > creature:core:58:bent > OPEN,yes: Scum — stat block and special rules,no,n/a,Reviewed the source text and available mechanical output; usable via the cited route.,None.,core-creature-scum,,Monster; Combat
core-full-creature-scum,MÖRK BORG Full Edition (Second Printing),63,59,Creatures / Outcasts,Scum — stat block and special rules,Creature,RESOLVED,—,4,1,4,Reference Desk > creature:core:58:bent > OPEN,yes: Scum — stat block and special rules,no,n/a,Reviewed the source text and available mechanical output; usable via the cited route.,None.,core-creature-scum,,Monster; Combat
core-valuation-scum,MÖRK BORG Bare Bones,58,58,Scum — captured/dead/body-part value,Scum — captured/dead/body-part value,Rule,PRESENT_BUT_INDIRECT,P2,2,4,8,Campaign > Monsters > source preset > Notes,indirect: Scum — captured/dead/body-part value,no,n/a,"Exact valuations exist in private record. loadMonsterPreset places them in notes, but Reference Desk monsterBlocks omits notes; a save/open-library route is required.",Expose quiet valuation disclosure on the existing Reference creature result without requiring a saved monster.,core-valuation-scum,RESULT_LINK; MONSTER_REFERENCE,Monster; Equipment
core-full-valuation-scum,MÖRK BORG Full Edition (Second Printing),63,59,Scum — captured/dead/body-part value,Scum — captured/dead/body-part value,Rule,PRESENT_BUT_INDIRECT,P2,2,4,8,Campaign > Monsters > source preset > Notes,indirect: Scum — captured/dead/body-part value,no,n/a,"Exact valuations exist in private record. loadMonsterPreset places them in notes, but Reference Desk monsterBlocks omits notes; a save/open-library route is required.",Expose quiet valuation disclosure on the existing Reference creature result without requiring a saved monster.,core-valuation-scum,RESULT_LINK; MONSTER_REFERENCE,Monster; Equipment
core-creature-berserker,MÖRK BORG Bare Bones,59,59,Creatures / Outcasts,Berserker — stat block and special rules,Creature,RESOLVED,—,4,1,4,Reference Desk > creature:core:59:zukuma > OPEN,yes: Berserker — stat block and special rules,no,n/a,Reviewed the source text and available mechanical output; usable via the cited route.,None.,core-creature-berserker,,Monster; Combat
core-full-creature-berserker,MÖRK BORG Full Edition (Second Printing),64,60,Creatures / Outcasts,Berserker — stat block and special rules,Creature,RESOLVED,—,4,1,4,Reference Desk > creature:core:59:zukuma > OPEN,yes: Berserker — stat block and special rules,no,n/a,Reviewed the source text and available mechanical output; usable via the cited route.,None.,core-creature-berserker,,Monster; Combat
core-valuation-berserker,MÖRK BORG Bare Bones,59,59,Berserker — captured/dead/body-part value,Berserker — captured/dead/body-part value,Rule,PRESENT_BUT_INDIRECT,P2,2,4,8,Campaign > Monsters > source preset > Notes,indirect: Berserker — captured/dead/body-part value,no,n/a,"Exact valuations exist in private record. loadMonsterPreset places them in notes, but Reference Desk monsterBlocks omits notes; a save/open-library route is required.",Expose quiet valuation disclosure on the existing Reference creature result without requiring a saved monster.,core-valuation-berserker,RESULT_LINK; MONSTER_REFERENCE,Monster; Equipment
core-full-valuation-berserker,MÖRK BORG Full Edition (Second Printing),64,60,Berserker — captured/dead/body-part value,Berserker — captured/dead/body-part value,Rule,PRESENT_BUT_INDIRECT,P2,2,4,8,Campaign > Monsters > source preset > Notes,indirect: Berserker — captured/dead/body-part value,no,n/a,"Exact valuations exist in private record. loadMonsterPreset places them in notes, but Reference Desk monsterBlocks omits notes; a save/open-library route is required.",Expose quiet valuation disclosure on the existing Reference creature result without requiring a saved monster.,core-valuation-berserker,RESULT_LINK; MONSTER_REFERENCE,Monster; Equipment
core-creature-wraith,MÖRK BORG Bare Bones,59,59,Creatures / Outcasts,Wraith — stat block and special rules,Creature,RESOLVED,—,4,1,4,Reference Desk > creature:core:59:wrat > OPEN,yes: Wraith — stat block and special rules,no,n/a,Reviewed the source text and available mechanical output; usable via the cited route.,None.,core-creature-wraith,,Monster; Combat
core-full-creature-wraith,MÖRK BORG Full Edition (Second Printing),65,61,Creatures / Outcasts,Wraith — stat block and special rules,Creature,RESOLVED,—,4,1,4,Reference Desk > creature:core:59:wrat > OPEN,yes: Wraith — stat block and special rules,no,n/a,Reviewed the source text and available mechanical output; usable via the cited route.,None.,core-creature-wraith,,Monster; Combat
core-valuation-wraith,MÖRK BORG Bare Bones,59,59,Wraith — captured/dead/body-part value,Wraith — captured/dead/body-part value,Rule,PRESENT_BUT_INDIRECT,P2,2,4,8,Campaign > Monsters > source preset > Notes,indirect: Wraith — captured/dead/body-part value,no,n/a,"Exact valuations exist in private record. loadMonsterPreset places them in notes, but Reference Desk monsterBlocks omits notes; a save/open-library route is required.",Expose quiet valuation disclosure on the existing Reference creature result without requiring a saved monster.,core-valuation-wraith,RESULT_LINK; MONSTER_REFERENCE,Monster; Equipment
core-full-valuation-wraith,MÖRK BORG Full Edition (Second Printing),65,61,Wraith — captured/dead/body-part value,Wraith — captured/dead/body-part value,Rule,PRESENT_BUT_INDIRECT,P2,2,4,8,Campaign > Monsters > source preset > Notes,indirect: Wraith — captured/dead/body-part value,no,n/a,"Exact valuations exist in private record. loadMonsterPreset places them in notes, but Reference Desk monsterBlocks omits notes; a save/open-library route is required.",Expose quiet valuation disclosure on the existing Reference creature result without requiring a saved monster.,core-valuation-wraith,RESULT_LINK; MONSTER_REFERENCE,Monster; Equipment
core-creature-blood-drenched-skeleton,MÖRK BORG Bare Bones,60,60,Creatures / Outcasts,Blood-drenched skeleton — stat block and special rules,Creature,RESOLVED,—,4,1,4,Reference Desk > creature:core:60:belze > OPEN,yes: Blood-drenched skeleton — stat block and special rules,no,n/a,Reviewed the source text and available mechanical output; usable via the cited route.,None.,core-creature-blood-drenched-skeleton,,Monster; Combat
core-full-creature-blood-drenched-skeleton,MÖRK BORG Full Edition (Second Printing),66,62,Creatures / Outcasts,Blood-drenched skeleton — stat block and special rules,Creature,RESOLVED,—,4,1,4,Reference Desk > creature:core:60:belze > OPEN,yes: Blood-drenched skeleton — stat block and special rules,no,n/a,Reviewed the source text and available mechanical output; usable via the cited route.,None.,core-creature-blood-drenched-skeleton,,Monster; Combat
core-valuation-blood-drenched-skeleton,MÖRK BORG Bare Bones,60,60,Blood-drenched skeleton — captured/dead/body-part value,Blood-drenched skeleton — captured/dead/body-part value,Rule,PRESENT_BUT_INDIRECT,P2,2,4,8,Campaign > Monsters > source preset > Notes,indirect: Blood-drenched skeleton — captured/dead/body-part value,no,n/a,"Exact valuations exist in private record. loadMonsterPreset places them in notes, but Reference Desk monsterBlocks omits notes; a save/open-library route is required.",Expose quiet valuation disclosure on the existing Reference creature result without requiring a saved monster.,core-valuation-blood-drenched-skeleton,RESULT_LINK; MONSTER_REFERENCE,Monster; Equipment
core-full-valuation-blood-drenched-skeleton,MÖRK BORG Full Edition (Second Printing),66,62,Blood-drenched skeleton — captured/dead/body-part value,Blood-drenched skeleton — captured/dead/body-part value,Rule,PRESENT_BUT_INDIRECT,P2,2,4,8,Campaign > Monsters > source preset > Notes,indirect: Blood-drenched skeleton — captured/dead/body-part value,no,n/a,"Exact valuations exist in private record. loadMonsterPreset places them in notes, but Reference Desk monsterBlocks omits notes; a save/open-library route is required.",Expose quiet valuation disclosure on the existing Reference creature result without requiring a saved monster.,core-valuation-blood-drenched-skeleton,RESULT_LINK; MONSTER_REFERENCE,Monster; Equipment
core-creature-undead-weak-necromancer,MÖRK BORG Bare Bones,60,60,Creatures / Outcasts,Undead (weak) necromancer — stat block and special rules,Creature,RESOLVED,—,4,1,4,Reference Desk > creature:core:60:lich > OPEN,yes: Undead (weak) necromancer — stat block and special rules,no,n/a,Reviewed the source text and available mechanical output; usable via the cited route.,None.,core-creature-undead-weak-necromancer,,Monster; Combat
core-full-creature-undead-weak-necromancer,MÖRK BORG Full Edition (Second Printing),67,63,Creatures / Outcasts,Undead (weak) necromancer — stat block and special rules,Creature,RESOLVED,—,4,1,4,Reference Desk > creature:core:60:lich > OPEN,yes: Undead (weak) necromancer — stat block and special rules,no,n/a,Reviewed the source text and available mechanical output; usable via the cited route.,None.,core-creature-undead-weak-necromancer,,Monster; Combat
core-valuation-undead-weak-necromancer,MÖRK BORG Bare Bones,60,60,Undead (weak) necromancer — captured/dead/body-part value,Undead (weak) necromancer — captured/dead/body-part value,Rule,PRESENT_BUT_INDIRECT,P2,2,4,8,Campaign > Monsters > source preset > Notes,indirect: Undead (weak) necromancer — captured/dead/body-part value,no,n/a,"Exact valuations exist in private record. loadMonsterPreset places them in notes, but Reference Desk monsterBlocks omits notes; a save/open-library route is required.",Expose quiet valuation disclosure on the existing Reference creature result without requiring a saved monster.,core-valuation-undead-weak-necromancer,RESULT_LINK; MONSTER_REFERENCE,Monster; Equipment
core-full-valuation-undead-weak-necromancer,MÖRK BORG Full Edition (Second Printing),67,63,Undead (weak) necromancer — captured/dead/body-part value,Undead (weak) necromancer — captured/dead/body-part value,Rule,PRESENT_BUT_INDIRECT,P2,2,4,8,Campaign > Monsters > source preset > Notes,indirect: Undead (weak) necromancer — captured/dead/body-part value,no,n/a,"Exact valuations exist in private record. loadMonsterPreset places them in notes, but Reference Desk monsterBlocks omits notes; a save/open-library route is required.",Expose quiet valuation disclosure on the existing Reference creature result without requiring a saved monster.,core-valuation-undead-weak-necromancer,RESULT_LINK; MONSTER_REFERENCE,Monster; Equipment
core-creature-troll,MÖRK BORG Bare Bones,60,60,Creatures / Outcasts,Troll — stat block and special rules,Creature,RESOLVED,—,4,1,4,Reference Desk > creature:core:60:arbint > OPEN,yes: Troll — stat block and special rules,no,n/a,Reviewed the source text and available mechanical output; usable via the cited route.,None.,core-creature-troll,,Monster; Combat
core-full-creature-troll,MÖRK BORG Full Edition (Second Printing),68,64,Creatures / Outcasts,Troll — stat block and special rules,Creature,RESOLVED,—,4,1,4,Reference Desk > creature:core:60:arbint > OPEN,yes: Troll — stat block and special rules,no,n/a,Reviewed the source text and available mechanical output; usable via the cited route.,None.,core-creature-troll,,Monster; Combat
core-valuation-troll,MÖRK BORG Bare Bones,60,60,Troll — captured/dead/body-part value,Troll — captured/dead/body-part value,Rule,PRESENT_BUT_INDIRECT,P2,2,4,8,Campaign > Monsters > source preset > Notes,indirect: Troll — captured/dead/body-part value,no,n/a,"Exact valuations exist in private record. loadMonsterPreset places them in notes, but Reference Desk monsterBlocks omits notes; a save/open-library route is required.",Expose quiet valuation disclosure on the existing Reference creature result without requiring a saved monster.,core-valuation-troll,RESULT_LINK; MONSTER_REFERENCE,Monster; Equipment
core-full-valuation-troll,MÖRK BORG Full Edition (Second Printing),68; 69,"64,65",Troll — captured/dead/body-part value,Troll — captured/dead/body-part value,Rule,PRESENT_BUT_INDIRECT,P2,2,4,8,Campaign > Monsters > source preset > Notes,indirect: Troll — captured/dead/body-part value,no,n/a,"Exact valuations exist in private record. loadMonsterPreset places them in notes, but Reference Desk monsterBlocks omits notes; a save/open-library route is required.",Expose quiet valuation disclosure on the existing Reference creature result without requiring a saved monster.,core-valuation-troll,RESULT_LINK; MONSTER_REFERENCE,Monster; Equipment
core-creature-zombie,MÖRK BORG Bare Bones,61,61,Creatures / Outcasts,Zombie — stat block and special rules,Creature,RESOLVED,—,4,1,4,Reference Desk > creature:core:61:nodh > OPEN,yes: Zombie — stat block and special rules,no,n/a,Reviewed the source text and available mechanical output; usable via the cited route.,None.,core-creature-zombie,,Monster; Combat
core-full-creature-zombie,MÖRK BORG Full Edition (Second Printing),69,65,Creatures / Outcasts,Zombie — stat block and special rules,Creature,RESOLVED,—,4,1,4,Reference Desk > creature:core:61:nodh > OPEN,yes: Zombie — stat block and special rules,no,n/a,Reviewed the source text and available mechanical output; usable via the cited route.,None.,core-creature-zombie,,Monster; Combat
core-valuation-zombie,MÖRK BORG Bare Bones,61,61,Zombie — captured/dead/body-part value,Zombie — captured/dead/body-part value,Rule,PRESENT_BUT_INDIRECT,P2,2,4,8,Campaign > Monsters > source preset > Notes,indirect: Zombie — captured/dead/body-part value,no,n/a,"Exact valuations exist in private record. loadMonsterPreset places them in notes, but Reference Desk monsterBlocks omits notes; a save/open-library route is required.",Expose quiet valuation disclosure on the existing Reference creature result without requiring a saved monster.,core-valuation-zombie,RESULT_LINK; MONSTER_REFERENCE,Monster; Equipment
core-full-valuation-zombie,MÖRK BORG Full Edition (Second Printing),69,65,Zombie — captured/dead/body-part value,Zombie — captured/dead/body-part value,Rule,PRESENT_BUT_INDIRECT,P2,2,4,8,Campaign > Monsters > source preset > Notes,indirect: Zombie — captured/dead/body-part value,no,n/a,"Exact valuations exist in private record. loadMonsterPreset places them in notes, but Reference Desk monsterBlocks omits notes; a save/open-library route is required.",Expose quiet valuation disclosure on the existing Reference creature result without requiring a saved monster.,core-valuation-zombie,RESULT_LINK; MONSTER_REFERENCE,Monster; Equipment
core-creature-undead-doll,MÖRK BORG Bare Bones,61,61,Creatures / Outcasts,Undead doll — stat block and special rules,Creature,RESOLVED,—,4,1,4,Reference Desk > creature:core:61:lady-porcelain > OPEN,yes: Undead doll — stat block and special rules,no,n/a,Reviewed the source text and available mechanical output; usable via the cited route.,None.,core-creature-undead-doll,,Monster; Combat
core-full-creature-undead-doll,MÖRK BORG Full Edition (Second Printing),70,66,Creatures / Outcasts,Undead doll — stat block and special rules,Creature,RESOLVED,—,4,1,4,Reference Desk > creature:core:61:lady-porcelain > OPEN,yes: Undead doll — stat block and special rules,no,n/a,Reviewed the source text and available mechanical output; usable via the cited route.,None.,core-creature-undead-doll,,Monster; Combat
core-valuation-undead-doll,MÖRK BORG Bare Bones,61,61,Undead doll — captured/dead/body-part value,Undead doll — captured/dead/body-part value,Rule,PRESENT_BUT_INDIRECT,P2,2,4,8,Campaign > Monsters > source preset > Notes,indirect: Undead doll — captured/dead/body-part value,no,n/a,"Exact valuations exist in private record. loadMonsterPreset places them in notes, but Reference Desk monsterBlocks omits notes; a save/open-library route is required.",Expose quiet valuation disclosure on the existing Reference creature result without requiring a saved monster.,core-valuation-undead-doll,RESULT_LINK; MONSTER_REFERENCE,Monster; Equipment
core-full-valuation-undead-doll,MÖRK BORG Full Edition (Second Printing),70,66,Undead doll — captured/dead/body-part value,Undead doll — captured/dead/body-part value,Rule,PRESENT_BUT_INDIRECT,P2,2,4,8,Campaign > Monsters > source preset > Notes,indirect: Undead doll — captured/dead/body-part value,no,n/a,"Exact valuations exist in private record. loadMonsterPreset places them in notes, but Reference Desk monsterBlocks omits notes; a save/open-library route is required.",Expose quiet valuation disclosure on the existing Reference creature result without requiring a saved monster.,core-valuation-undead-doll,RESULT_LINK; MONSTER_REFERENCE,Monster; Equipment
core-creature-grotesque,MÖRK BORG Bare Bones,62,62,Creatures / Outcasts,Grotesque — stat block and special rules,Creature,RESOLVED,—,4,1,4,Reference Desk > creature:core:62:thinx > OPEN,yes: Grotesque — stat block and special rules,no,n/a,Reviewed the source text and available mechanical output; usable via the cited route.,None.,core-creature-grotesque,,Monster; Combat
core-full-creature-grotesque,MÖRK BORG Full Edition (Second Printing),71,67,Creatures / Outcasts,Grotesque — stat block and special rules,Creature,RESOLVED,—,4,1,4,Reference Desk > creature:core:62:thinx > OPEN,yes: Grotesque — stat block and special rules,no,n/a,Reviewed the source text and available mechanical output; usable via the cited route.,None.,core-creature-grotesque,,Monster; Combat
core-valuation-grotesque,MÖRK BORG Bare Bones,62,62,Grotesque — captured/dead/body-part value,Grotesque — captured/dead/body-part value,Rule,PRESENT_BUT_INDIRECT,P2,2,4,8,Campaign > Monsters > source preset > Notes,indirect: Grotesque — captured/dead/body-part value,no,n/a,"Exact valuations exist in private record. loadMonsterPreset places them in notes, but Reference Desk monsterBlocks omits notes; a save/open-library route is required.",Expose quiet valuation disclosure on the existing Reference creature result without requiring a saved monster.,core-valuation-grotesque,RESULT_LINK; MONSTER_REFERENCE,Monster; Equipment
core-full-valuation-grotesque,MÖRK BORG Full Edition (Second Printing),71,67,Grotesque — captured/dead/body-part value,Grotesque — captured/dead/body-part value,Rule,PRESENT_BUT_INDIRECT,P2,2,4,8,Campaign > Monsters > source preset > Notes,indirect: Grotesque — captured/dead/body-part value,no,n/a,"Exact valuations exist in private record. loadMonsterPreset places them in notes, but Reference Desk monsterBlocks omits notes; a save/open-library route is required.",Expose quiet valuation disclosure on the existing Reference creature result without requiring a saved monster.,core-valuation-grotesque,RESULT_LINK; MONSTER_REFERENCE,Monster; Equipment
core-creature-wickhead-knife-wielder,MÖRK BORG Bare Bones,62,62,Creatures / Outcasts,Wickhead knife-wielder — stat block and special rules,Creature,RESOLVED,—,4,1,4,Reference Desk > creature:core:62:aland > OPEN,yes: Wickhead knife-wielder — stat block and special rules,no,n/a,Reviewed the source text and available mechanical output; usable via the cited route.,None.,core-creature-wickhead-knife-wielder,,Monster; Combat
core-full-creature-wickhead-knife-wielder,MÖRK BORG Full Edition (Second Printing),72,68,Creatures / Outcasts,Wickhead knife-wielder — stat block and special rules,Creature,RESOLVED,—,4,1,4,Reference Desk > creature:core:62:aland > OPEN,yes: Wickhead knife-wielder — stat block and special rules,no,n/a,Reviewed the source text and available mechanical output; usable via the cited route.,None.,core-creature-wickhead-knife-wielder,,Monster; Combat
core-valuation-wickhead-knife-wielder,MÖRK BORG Bare Bones,62,62,Wickhead knife-wielder — captured/dead/body-part value,Wickhead knife-wielder — captured/dead/body-part value,Rule,PRESENT_BUT_INDIRECT,P2,2,4,8,Campaign > Monsters > source preset > Notes,indirect: Wickhead knife-wielder — captured/dead/body-part value,no,n/a,"Exact valuations exist in private record. loadMonsterPreset places them in notes, but Reference Desk monsterBlocks omits notes; a save/open-library route is required.",Expose quiet valuation disclosure on the existing Reference creature result without requiring a saved monster.,core-valuation-wickhead-knife-wielder,RESULT_LINK; MONSTER_REFERENCE,Monster; Equipment
core-full-valuation-wickhead-knife-wielder,MÖRK BORG Full Edition (Second Printing),72,68,Wickhead knife-wielder — captured/dead/body-part value,Wickhead knife-wielder — captured/dead/body-part value,Rule,PRESENT_BUT_INDIRECT,P2,2,4,8,Campaign > Monsters > source preset > Notes,indirect: Wickhead knife-wielder — captured/dead/body-part value,no,n/a,"Exact valuations exist in private record. loadMonsterPreset places them in notes, but Reference Desk monsterBlocks omits notes; a save/open-library route is required.",Expose quiet valuation disclosure on the existing Reference creature result without requiring a saved monster.,core-valuation-wickhead-knife-wielder,RESULT_LINK; MONSTER_REFERENCE,Monster; Equipment
core-creature-wyvern,MÖRK BORG Bare Bones,62,62,Creatures / Outcasts,Wyvern — stat block and special rules,Creature,RESOLVED,—,4,1,4,Reference Desk > creature:core:62:eulotha > OPEN,yes: Wyvern — stat block and special rules,no,n/a,Reviewed the source text and available mechanical output; usable via the cited route.,None.,core-creature-wyvern,,Monster; Combat
core-full-creature-wyvern,MÖRK BORG Full Edition (Second Printing),73,69,Creatures / Outcasts,Wyvern — stat block and special rules,Creature,RESOLVED,—,4,1,4,Reference Desk > creature:core:62:eulotha > OPEN,yes: Wyvern — stat block and special rules,no,n/a,Reviewed the source text and available mechanical output; usable via the cited route.,None.,core-creature-wyvern,,Monster; Combat
core-valuation-wyvern,MÖRK BORG Bare Bones,62,62,Wyvern — captured/dead/body-part value,Wyvern — captured/dead/body-part value,Rule,PRESENT_BUT_INDIRECT,P2,2,4,8,Campaign > Monsters > source preset > Notes,indirect: Wyvern — captured/dead/body-part value,no,n/a,"Exact valuations exist in private record. loadMonsterPreset places them in notes, but Reference Desk monsterBlocks omits notes; a save/open-library route is required.",Expose quiet valuation disclosure on the existing Reference creature result without requiring a saved monster.,core-valuation-wyvern,RESULT_LINK; MONSTER_REFERENCE,Monster; Equipment
core-full-valuation-wyvern,MÖRK BORG Full Edition (Second Printing),73,69,Wyvern — captured/dead/body-part value,Wyvern — captured/dead/body-part value,Rule,PRESENT_BUT_INDIRECT,P2,2,4,8,Campaign > Monsters > source preset > Notes,indirect: Wyvern — captured/dead/body-part value,no,n/a,"Exact valuations exist in private record. loadMonsterPreset places them in notes, but Reference Desk monsterBlocks omits notes; a save/open-library route is required.",Expose quiet valuation disclosure on the existing Reference creature result without requiring a saved monster.,core-valuation-wyvern,RESULT_LINK; MONSTER_REFERENCE,Monster; Equipment
core-outcast-loyalty,MÖRK BORG Bare Bones,63,63,"Outcast recruitment, loyalty and Presence modifier","Outcast recruitment, loyalty and Presence modifier",Rule,MISSING,P2,3,4,12,Reference Desk > NPC / Monster presets,"indirect: Outcast recruitment, loyalty and Presence modifier",no,n/a,"Outcast records exist, but general free-recruitment/periodic loyalty check with highest party Presence and values reminder is not a reference rule.",Add the short source follower rule and link it from Outcast results.,core-outcast-loyalty,QUICK_RULE; CONTEXT_LINK,NPC; Character
core-full-outcast-loyalty,MÖRK BORG Full Edition (Second Printing),75,71,"Outcast recruitment, loyalty and Presence modifier","Outcast recruitment, loyalty and Presence modifier",Rule,MISSING,P2,3,4,12,Reference Desk > NPC / Monster presets,"indirect: Outcast recruitment, loyalty and Presence modifier",no,n/a,"Outcast records exist, but general free-recruitment/periodic loyalty check with highest party Presence and values reminder is not a reference rule.",Add the short source follower rule and link it from Outcast results.,core-outcast-loyalty,QUICK_RULE; CONTEXT_LINK,NPC; Character
core-outcast-earthbound,MÖRK BORG Bare Bones,64,64,Creatures / Outcasts,"Earthbound — stat block, trait, specialty and values",Creature,RESOLVED,—,3,1,3,Reference Desk > creature:core:core.outcast.earthbound > OPEN,"yes: Earthbound — stat block, trait, specialty and values",no,indirect,All stat and three choice tables are accessible in the creature result.,None.,core-outcast-earthbound,,NPC; Character
core-full-outcast-earthbound,MÖRK BORG Full Edition (Second Printing),74,70,Creatures / Outcasts,"Earthbound — stat block, trait, specialty and values",Creature,RESOLVED,—,3,1,3,Reference Desk > creature:core:core.outcast.earthbound > OPEN,"yes: Earthbound — stat block, trait, specialty and values",no,indirect,All stat and three choice tables are accessible in the creature result.,None.,core-outcast-earthbound,,NPC; Character
core-outcast-wild-wickhead,MÖRK BORG Bare Bones,65,65,Creatures / Outcasts,"Wild Wickhead — stat block, trait, specialty and values",Creature,PARTIAL,P2,3,4,12,No public route; private library.outcasts record exists,"indirect: Wild Wickhead — stat block, trait, specialty and values",no,indirect,"Complete private Outcast record exists, but no current production consumer exposes rules.outcasts directly; Wild Wickhead has no Reference Desk entry (other three Core Outcasts have separate creature adapters).",Index existing Wild Wickhead Outcast record as a static creature/NPC reference.,core-outcast-wild-wickhead,MONSTER_REFERENCE; SEARCH_ALIAS,NPC; Character
core-full-outcast-wild-wickhead,MÖRK BORG Full Edition (Second Printing),74,70,Creatures / Outcasts,"Wild Wickhead — stat block, trait, specialty and values",Creature,PARTIAL,P2,3,4,12,No public route; private library.outcasts record exists,"indirect: Wild Wickhead — stat block, trait, specialty and values",no,indirect,"Complete private Outcast record exists, but no current production consumer exposes rules.outcasts directly; Wild Wickhead has no Reference Desk entry (other three Core Outcasts have separate creature adapters).",Index existing Wild Wickhead Outcast record as a static creature/NPC reference.,core-outcast-wild-wickhead,MONSTER_REFERENCE; SEARCH_ALIAS,NPC; Character
core-outcast-pale-one,MÖRK BORG Bare Bones,66,66,Creatures / Outcasts,"Pale one — stat block, trait, specialty and values",Creature,RESOLVED,—,3,1,3,Reference Desk > creature:core:core.outcast.pale-one > OPEN,"yes: Pale one — stat block, trait, specialty and values",no,indirect,All stat and three choice tables are accessible in the creature result.,None.,core-outcast-pale-one,,NPC; Character
core-full-outcast-pale-one,MÖRK BORG Full Edition (Second Printing),75,71,Creatures / Outcasts,"Pale one — stat block, trait, specialty and values",Creature,RESOLVED,—,3,1,3,Reference Desk > creature:core:core.outcast.pale-one > OPEN,"yes: Pale one — stat block, trait, specialty and values",no,indirect,All stat and three choice tables are accessible in the creature result.,None.,core-outcast-pale-one,,NPC; Character
core-outcast-prowler,MÖRK BORG Bare Bones,67,67,Creatures / Outcasts,"Prowler — stat block, trait, specialty and values",Creature,RESOLVED,—,3,1,3,Reference Desk > creature:core:core.outcast.prowler > OPEN,"yes: Prowler — stat block, trait, specialty and values",no,indirect,All stat and three choice tables are accessible in the creature result.,None.,core-outcast-prowler,,NPC; Character
core-full-outcast-prowler,MÖRK BORG Full Edition (Second Printing),75,71,Creatures / Outcasts,"Prowler — stat block, trait, specialty and values",Creature,RESOLVED,—,3,1,3,Reference Desk > creature:core:core.outcast.prowler > OPEN,"yes: Prowler — stat block, trait, specialty and values",no,indirect,All stat and three choice tables are accessible in the creature result.,None.,core-outcast-prowler,,NPC; Character
core-world-lore,MÖRK BORG Bare Bones,9; 10; 11; 12; 13; 14; 15; 16,"9,10,11,12,13,14,15,16","World history, basilisk theology and regional lore","World history, basilisk theology and regional lore",Long-form,PDF_APPROPRIATE,—,—,—,—,No dedicated current reference route.,"n/a: World history, basilisk theology and regional lore",n/a,n/a,Art/layout or sustained contextual reading is appropriately kept in the PDF. Mechanical lookups on these pages have separate scored rows.,Keep PDF page route available; do not recreate full artwork/lore.,core-world-lore,PDF_APPROPRIATE,Character; Dungeon
core-full-world-lore,MÖRK BORG Full Edition (Second Printing),7; 8; 9; 10; 11; 12; 13; 14; 15; 16; 17; 18; 19,"3,4,5,6,7,8,9,10,11,12,13,14,15","World history, basilisk theology and regional lore","World history, basilisk theology and regional lore",Long-form,PDF_APPROPRIATE,—,—,—,—,No dedicated current reference route.,"n/a: World history, basilisk theology and regional lore",n/a,n/a,Art/layout or sustained contextual reading is appropriately kept in the PDF. Mechanical lookups on these pages have separate scored rows.,Keep PDF page route available; do not recreate full artwork/lore.,core-world-lore,PDF_APPROPRIATE,Character; Dungeon
core-full-core-map,MÖRK BORG Full Edition (Second Printing),12,8,World map,World map,Aid,PDF_APPROPRIATE,—,—,—,—,No dedicated current reference route.,n/a: World map,n/a,n/a,Art/layout or sustained contextual reading is appropriately kept in the PDF. Mechanical lookups on these pages have separate scored rows.,Keep PDF page route available; do not recreate full artwork/lore.,core-core-map,PDF_APPROPRIATE,Character; Dungeon
core-dungeon-map,MÖRK BORG Bare Bones,71,71,Drawing/finding a dungeon map,Drawing/finding a dungeon map,Aid,PDF_APPROPRIATE,—,—,—,—,No dedicated current reference route.,n/a: Drawing/finding a dungeon map,n/a,n/a,Art/layout or sustained contextual reading is appropriately kept in the PDF. Mechanical lookups on these pages have separate scored rows.,Keep PDF page route available; do not recreate full artwork/lore.,core-dungeon-map,PDF_APPROPRIATE,Character; Dungeon
core-full-dungeon-map,MÖRK BORG Full Edition (Second Printing),93,unnumbered / see page ledger,Drawing/finding a dungeon map,Drawing/finding a dungeon map,Aid,PDF_APPROPRIATE,—,—,—,—,No dedicated current reference route.,n/a: Drawing/finding a dungeon map,n/a,n/a,Art/layout or sustained contextual reading is appropriately kept in the PDF. Mechanical lookups on these pages have separate scored rows.,Keep PDF page route available; do not recreate full artwork/lore.,core-dungeon-map,PDF_APPROPRIATE,Character; Dungeon
core-core-aid,MÖRK BORG Bare Bones,76,76,Printed Core quick-reference sheet,Printed Core quick-reference sheet,Aid,PDF_APPROPRIATE,—,—,—,—,No dedicated current reference route.,n/a: Printed Core quick-reference sheet,n/a,n/a,Art/layout or sustained contextual reading is appropriately kept in the PDF. Mechanical lookups on these pages have separate scored rows.,Keep PDF page route available; do not recreate full artwork/lore.,core-core-aid,PDF_APPROPRIATE,Character; Dungeon
core-full-core-aid,MÖRK BORG Full Edition (Second Printing),94,unnumbered / see page ledger,Printed Core quick-reference sheet,Printed Core quick-reference sheet,Aid,PDF_APPROPRIATE,—,—,—,—,No dedicated current reference route.,n/a: Printed Core quick-reference sheet,n/a,n/a,Art/layout or sustained contextual reading is appropriately kept in the PDF. Mechanical lookups on these pages have separate scored rows.,Keep PDF page route available; do not recreate full artwork/lore.,core-core-aid,PDF_APPROPRIATE,Character; Dungeon
core-full-rotblack-map-key,MÖRK BORG Full Edition (Second Printing),77; 78; 79; 80; 81; 82; 83; 84; 85; 86; 87; 88; 89; 90; 91,I–IV; keyed room labels 1–2 through 14–15,Rotblack Sludge map and connected fifteen-room key,Rotblack Sludge map and connected fifteen-room key,Long-form,PDF_APPROPRIATE,—,—,—,—,No dedicated current reference route.,n/a: Rotblack Sludge map and connected fifteen-room key,n/a,n/a,"Scenario topology, keyed entrances, secrets and narrative relationships require the spread/map. Individual reusable encounters, monsters, items and timed hazards are audited separately.",Retain page-level PDF access; do not generate substitute rooms.,core-rotblack-map-key,PDF_APPROPRIATE,Dungeon
core-full-rotblack-seer,MÖRK BORG Full Edition (Second Printing),78,II,Rotblack Sludge: Seer d8 rumors and truth markers,Rotblack Sludge: Seer d8 rumors and truth markers,Table,MISSING,P3,1,3,3,No dedicated current reference route.,no: Rotblack Sludge: Seer d8 rumors and truth markers,no,n/a,Eight source rumor options and truth/false/uncertain markers are not in canonical registry; scenario prep requires the PDF.,Index this existing scenario table only if Rotblack preparation is supported; keep its truth markers.,core-rotblack-seer,TABLE_INDEX,Dungeon
core-full-core-full-rotblack-encountersa,MÖRK BORG Full Edition (Second Printing),79,III,Rotblack random encounters A,Rotblack random encounters A,Table,RESOLVED,—,2,1,2,Reference Desk > oracle:core-full.rotblack.encountersA > ROLL / TABLE,yes: Rotblack random encounters A,no,yes,Reviewed the source text and available mechanical output; usable via the cited route.,None.,core-core-full-rotblack-encountersa,,Dungeon
core-full-core-full-rotblack-encountersb,MÖRK BORG Full Edition (Second Printing),79,III,Rotblack random encounters B,Rotblack random encounters B,Table,RESOLVED,—,2,1,2,Reference Desk > oracle:core-full.rotblack.encountersB > ROLL / TABLE,yes: Rotblack random encounters B,no,yes,Reviewed the source text and available mechanical output; usable via the cited route.,None.,core-core-full-rotblack-encountersb,,Dungeon
core-full-core-full-rotblack-books,MÖRK BORG Full Edition (Second Printing),82,3–4–5,Rotblack library book study,Rotblack library book study,Table,RESOLVED,—,2,1,2,Reference Desk > oracle:core-full.rotblack.books > ROLL / TABLE,yes: Rotblack library book study,no,yes,Reviewed the source text and available mechanical output; usable via the cited route.,None.,core-core-full-rotblack-books,,Dungeon
core-full-core-full-rotblack-ransack,MÖRK BORG Full Edition (Second Printing),83,3–4–5,Rotblack guard-room ransack,Rotblack guard-room ransack,Table,RESOLVED,—,2,1,2,Reference Desk > oracle:core-full.rotblack.ransack > ROLL / TABLE,yes: Rotblack guard-room ransack,no,yes,Reviewed the source text and available mechanical output; usable via the cited route.,None.,core-core-full-rotblack-ransack,,Dungeon
core-full-core-full-rotblack-fletcherpowers,MÖRK BORG Full Edition (Second Printing),91,14–15,Fletcher Power selection d4,Fletcher Power selection d4,Table,RESOLVED,—,2,1,2,Reference Desk > oracle:core-full.rotblack.fletcherPowers > ROLL / TABLE,yes: Fletcher Power selection d4,no,yes,Reviewed the source text and available mechanical output; usable via the cited route.,None.,core-core-full-rotblack-fletcherpowers,,Dungeon
core-full-rotblack-creature-mongrel,MÖRK BORG Full Edition (Second Printing),79,III,Creatures / Outcasts,Mongrel,Creature,RESOLVED,—,3,1,3,Reference Desk > creature:core-full:core-full.rotblack.mongrel > OPEN,yes: Mongrel,no,n/a,Reviewed the source text and available mechanical output; usable via the cited route.,None.,core-rotblack-creature-mongrel,,Monster; Dungeon
core-full-rotblack-creature-dusk-gnoum,MÖRK BORG Full Edition (Second Printing),79,III,Creatures / Outcasts,Dusk Gnoum,Creature,RESOLVED,—,3,1,3,Reference Desk > creature:core-full:core-full.rotblack.dusk-gnoum > OPEN,yes: Dusk Gnoum,no,n/a,Reviewed the source text and available mechanical output; usable via the cited route.,None.,core-rotblack-creature-dusk-gnoum,,Monster; Dungeon
core-full-rotblack-creature-guards-with-sharpened-teeth,MÖRK BORG Full Edition (Second Printing),79,III,Creatures / Outcasts,Guards with Sharpened Teeth,Creature,RESOLVED,—,3,1,3,Reference Desk > creature:core-full:core-full.rotblack.guards-sharpened-teeth > OPEN,yes: Guards with Sharpened Teeth,no,n/a,Reviewed the source text and available mechanical output; usable via the cited route.,None.,core-rotblack-creature-guards-with-sharpened-teeth,,Monster; Dungeon
core-full-rotblack-creature-nesting-death,MÖRK BORG Full Edition (Second Printing),79,III,Creatures / Outcasts,Nesting Death — complete scenario stat/effect block,Creature,PRESENT_BUT_INDIRECT,P2,2,3,6,Reference Desk > oracle:core-full.rotblack.encountersA,indirect: Nesting Death — complete scenario stat/effect block,no,yes,Full stat/effect text exists in encounter A row4 but creature name is not indexed.,Add or expose the exact existing scenario block by name; preserve distinct identities and conditional effects.,core-rotblack-creature-nesting-death,MONSTER_REFERENCE; RESULT_LINK,Monster; Dungeon
core-full-rotblack-creature-sagsobuth,MÖRK BORG Full Edition (Second Printing),79,III,Creatures / Outcasts,Sagsobuth — complete scenario stat/effect block,Creature,PARTIAL,P2,2,3,6,Reference Desk > oracle:core-full.rotblack.encountersB,indirect: Sagsobuth — complete scenario stat/effect block,no,no,"Trade row is visible, but unharmable/provocation/explosion rules are table sourceNote rather than stat block/row; needs Source disclosure.",Add or expose the exact existing scenario block by name; preserve distinct identities and conditional effects.,core-rotblack-creature-sagsobuth,MONSTER_REFERENCE; RESULT_LINK,Monster; Dungeon
core-full-rotblack-creature-slumbering-skeletons,MÖRK BORG Full Edition (Second Printing),82,3–4–5,Creatures / Outcasts,Slumbering skeletons — complete scenario stat/effect block,Creature,MISSING,P2,2,3,6,No dedicated current reference route.,no: Slumbering skeletons — complete scenario stat/effect block,no,no,Distinct HP5/Morale7/source attacks are not the generic Core skeleton. No dedicated preset.,Add or expose the exact existing scenario block by name; preserve distinct identities and conditional effects.,core-rotblack-creature-slumbering-skeletons,MONSTER_REFERENCE; RESULT_LINK,Monster; Dungeon
core-full-rotblack-creature-tired-crystal-demon,MÖRK BORG Full Edition (Second Printing),82,3–4–5,Creatures / Outcasts,Tired crystal demon — complete scenario stat/effect block,Creature,PARTIAL,P2,2,3,6,Reference Desk > oracle:core-full.rotblack.books,indirect: Tired crystal demon — complete scenario stat/effect block,no,no,"Book row summons demon, but full unharmable/scroll-drain/shockwave ability block is not a standalone result.",Add or expose the exact existing scenario block by name; preserve distinct identities and conditional effects.,core-rotblack-creature-tired-crystal-demon,MONSTER_REFERENCE; RESULT_LINK,Monster; Dungeon
core-full-rotblack-creature-crooked-guards,MÖRK BORG Full Edition (Second Printing),83,3–4–5,Creatures / Outcasts,Crooked guards — complete scenario stat/effect block,Creature,MISSING,P2,2,3,6,No dedicated current reference route.,no: Crooked guards — complete scenario stat/effect block,no,no,Distinct HP8/Morale7/source attacks differ from encounter guards; absent preset.,Add or expose the exact existing scenario block by name; preserve distinct identities and conditional effects.,core-rotblack-creature-crooked-guards,MONSTER_REFERENCE; RESULT_LINK,Monster; Dungeon
core-full-rotblack-creature-mad-prisoners,MÖRK BORG Full Edition (Second Printing),83,3–4–5,Creatures / Outcasts,Mad prisoners — complete scenario stat/effect block,Creature,MISSING,P2,2,3,6,No dedicated current reference route.,no: Mad prisoners — complete scenario stat/effect block,no,no,"Strangling trigger, avoid/break-free tests and full stat block absent from registry.",Add or expose the exact existing scenario block by name; preserve distinct identities and conditional effects.,core-rotblack-creature-mad-prisoners,MONSTER_REFERENCE; RESULT_LINK,Monster; Dungeon
core-full-rotblack-creature-gutworm,MÖRK BORG Full Edition (Second Printing),87,8–9,Creatures / Outcasts,Gutworm — complete scenario stat/effect block,Creature,MISSING,P2,2,3,6,No dedicated current reference route.,no: Gutworm — complete scenario stat/effect block,no,no,"Stat block, reach, devouring test and dependence on Fletcher absent from registry.",Add or expose the exact existing scenario block by name; preserve distinct identities and conditional effects.,core-rotblack-creature-gutworm,MONSTER_REFERENCE; RESULT_LINK,Monster; Dungeon
core-full-rotblack-creature-lesdy,MÖRK BORG Full Edition (Second Printing),88,10–11–12–13,Creatures / Outcasts,Lesdy — complete scenario stat/effect block,Creature,MISSING,P2,2,3,6,No dedicated current reference route.,no: Lesdy — complete scenario stat/effect block,no,no,"Distinct NPC stats, withdrawal room roll and motives unavailable as reference.",Add or expose the exact existing scenario block by name; preserve distinct identities and conditional effects.,core-rotblack-creature-lesdy,MONSTER_REFERENCE; RESULT_LINK,Monster; Dungeon
core-full-rotblack-creature-hosts,MÖRK BORG Full Edition (Second Printing),88,10–11–12–13,Creatures / Outcasts,Hosts — complete scenario stat/effect block,Creature,MISSING,P2,2,3,6,No dedicated current reference route.,no: Hosts — complete scenario stat/effect block,no,no,Three-host stat block and non-retreat behavior not a canonical creature reference.,Add or expose the exact existing scenario block by name; preserve distinct identities and conditional effects.,core-rotblack-creature-hosts,MONSTER_REFERENCE; RESULT_LINK,Monster; Dungeon
core-full-rotblack-creature-aldon,MÖRK BORG Full Edition (Second Printing),89,10–11–12–13,Creatures / Outcasts,Aldon — complete scenario stat/effect block,Creature,MISSING,P2,2,3,6,No dedicated current reference route.,no: Aldon — complete scenario stat/effect block,no,no,Named heir HP3 and resistance behavior remain only in scenario text.,Add or expose the exact existing scenario block by name; preserve distinct identities and conditional effects.,core-rotblack-creature-aldon,MONSTER_REFERENCE; RESULT_LINK,Monster; Dungeon
core-full-rotblack-creature-fletcher,MÖRK BORG Full Edition (Second Printing),91,14–15,Creatures / Outcasts,Fletcher — complete scenario stat/effect block,Creature,PARTIAL,P2,2,3,6,Reference Desk > oracle:core-full.rotblack.fletcherPowers,indirect: Fletcher — complete scenario stat/effect block,no,no,"Power table exists, but complete HP/armor/flail burn/counterdamage/death consequences are absent from a creature reference.",Add or expose the exact existing scenario block by name; preserve distinct identities and conditional effects.,core-rotblack-creature-fletcher,MONSTER_REFERENCE; RESULT_LINK,Monster; Dungeon
core-full-rotblack-item-violet-poison,MÖRK BORG Full Edition (Second Printing),79,III,Equipment / Named effects,Violet poison,Item,PRESENT_BUT_INDIRECT,P3,1,3,3,Reference Desk > oracle:core-full.rotblack.encountersB > TABLE,indirect: Violet poison,no,yes,"Complete effect/price is inside a scenario table row, not findable by item name.","Expose named row/block lookup; retain source-specific duration, quantity and side-effects.",core-rotblack-item-violet-poison,ITEM_REFERENCE; SEARCH_ALIAS,Equipment; Dungeon
core-full-rotblack-item-beechwood-tube-foul-protean-scroll,MÖRK BORG Full Edition (Second Printing),79,III,Equipment / Named effects,Beechwood Tube / foul protean scroll,Item,PRESENT_BUT_INDIRECT,P3,1,3,3,Reference Desk > oracle:core-full.rotblack.encountersB > TABLE,indirect: Beechwood Tube / foul protean scroll,no,yes,"Complete effect/price is inside a scenario table row, not findable by item name.","Expose named row/block lookup; retain source-specific duration, quantity and side-effects.",core-rotblack-item-beechwood-tube-foul-protean-scroll,ITEM_REFERENCE; SEARCH_ALIAS,Equipment; Dungeon
core-full-rotblack-item-small-crossbow-and-bolts,MÖRK BORG Full Edition (Second Printing),83,3–4–5,Equipment / Named effects,Small crossbow and bolts,Item,PRESENT_BUT_INDIRECT,P3,1,3,3,Reference Desk > oracle:core-full.rotblack.ransack > TABLE,indirect: Small crossbow and bolts,no,yes,"Complete effect/price is inside a scenario table row, not findable by item name.","Expose named row/block lookup; retain source-specific duration, quantity and side-effects.",core-rotblack-item-small-crossbow-and-bolts,ITEM_REFERENCE; SEARCH_ALIAS,Equipment; Dungeon
core-full-rotblack-item-runed-bullwhip,MÖRK BORG Full Edition (Second Printing),89,10–11–12–13,Equipment / Named effects,Runed bullwhip,Item,MISSING,P3,1,3,3,No dedicated current reference route.,no: Runed bullwhip,no,no,Distinct source weapon damage effect is absent from item references.,"Expose named row/block lookup; retain source-specific duration, quantity and side-effects.",core-rotblack-item-runed-bullwhip,ITEM_REFERENCE; SEARCH_ALIAS,Equipment; Dungeon
core-full-rotblack-hazard-butterflies,MÖRK BORG Full Edition (Second Printing),81,1–2,Entrance butterflies: healing,Entrance butterflies: healing,Rule,PDF_APPROPRIATE,—,—,—,—,No dedicated current reference route.,n/a: Entrance butterflies: healing,n/a,n/a,Specific room trigger must stay beside its keyed map context; not a generic random hazard. No standalone app procedure is claimed.,Provide page-level context link if a Rotblack key is opened; no synthetic automation.,core-rotblack-hazard-butterflies,PDF_APPROPRIATE,Dungeon
core-full-rotblack-hazard-pump,MÖRK BORG Full Edition (Second Printing),84,6–7,Pump muddy liquid: healing,Pump muddy liquid: healing,Rule,PDF_APPROPRIATE,—,—,—,—,No dedicated current reference route.,n/a: Pump muddy liquid: healing,n/a,n/a,Specific room trigger must stay beside its keyed map context; not a generic random hazard. No standalone app procedure is claimed.,Provide page-level context link if a Rotblack key is opened; no synthetic automation.,core-rotblack-hazard-pump,PDF_APPROPRIATE,Dungeon
core-full-rotblack-hazard-sludge,MÖRK BORG Full Edition (Second Printing),87; 89,8–9; 10–11–12–13,"Rotblack Sludge: heat, swim duration and Gutworm bite checks","Rotblack Sludge: heat, swim duration and Gutworm bite checks",Rule,PDF_APPROPRIATE,—,—,—,—,No dedicated current reference route.,"n/a: Rotblack Sludge: heat, swim duration and Gutworm bite checks",n/a,n/a,Specific room trigger must stay beside its keyed map context; not a generic random hazard. No standalone app procedure is claimed.,Provide page-level context link if a Rotblack key is opened; no synthetic automation.,core-rotblack-hazard-sludge,PDF_APPROPRIATE,Dungeon
core-full-rotblack-hazard-greenhouse,MÖRK BORG Full Edition (Second Printing),88,10–11–12–13,Greenhouse brew/ambush penalty,Greenhouse brew/ambush penalty,Rule,PDF_APPROPRIATE,—,—,—,—,No dedicated current reference route.,n/a: Greenhouse brew/ambush penalty,n/a,n/a,Specific room trigger must stay beside its keyed map context; not a generic random hazard. No standalone app procedure is claimed.,Provide page-level context link if a Rotblack key is opened; no synthetic automation.,core-rotblack-hazard-greenhouse,PDF_APPROPRIATE,Dungeon
core-full-rotblack-hazard-statue,MÖRK BORG Full Edition (Second Printing),89,10–11–12–13,Statue floor-tilt and eye socket,Statue floor-tilt and eye socket,Rule,PDF_APPROPRIATE,—,—,—,—,No dedicated current reference route.,n/a: Statue floor-tilt and eye socket,n/a,n/a,Specific room trigger must stay beside its keyed map context; not a generic random hazard. No standalone app procedure is claimed.,Provide page-level context link if a Rotblack key is opened; no synthetic automation.,core-rotblack-hazard-statue,PDF_APPROPRIATE,Dungeon
core-full-rotblack-power-ich-bin-luft,MÖRK BORG Full Edition (Second Printing),91,14–15,Powers / Scrolls,Ich-bin-luft — Fletcher-only Power,Power,PRESENT_BUT_INDIRECT,P3,1,3,3,Reference Desk > oracle:core-full.rotblack.fletcherPowers > TABLE,indirect: Ich-bin-luft — Fletcher-only Power,no,yes,Full two-round effect with continuing attacks is in the Fletcher Power table; its individual name is not indexed.,"Add a named view of this existing entry, explicitly scoped to Fletcher.",core-rotblack-power-ich-bin-luft,POWER_REFERENCE; SEARCH_ALIAS,Powers; Dungeon
core-starting-item-bomb,MÖRK BORG Bare Bones,22,22,Equipment / Named effects,Bomb — starting effect,Item,PRESENT_BUT_INDIRECT,P2,3,3,9,Reference Desk > oracle:core.gearA > TABLE; Character > equipment,indirect: Bomb — starting effect,no,yes,The full starting effect and dice are readable in the existing row; individual name has no direct reference entry.,Index the canonical item entry; retain source dice and any chosen quantity separately.,core-starting-item-bomb,ITEM_REFERENCE; SEARCH_ALIAS,Equipment; Character
core-full-starting-item-bomb,MÖRK BORG Full Edition (Second Printing),23,19,Equipment / Named effects,Bomb — starting effect,Item,PRESENT_BUT_INDIRECT,P2,3,3,9,Reference Desk > oracle:core.gearA > TABLE; Character > equipment,indirect: Bomb — starting effect,no,yes,The full starting effect and dice are readable in the existing row; individual name has no direct reference entry.,Index the canonical item entry; retain source dice and any chosen quantity separately.,core-starting-item-bomb,ITEM_REFERENCE; SEARCH_ALIAS,Equipment; Character
core-starting-item-life-elixir,MÖRK BORG Bare Bones,22,22,Equipment / Named effects,Life elixir — starting effect,Item,PRESENT_BUT_INDIRECT,P2,3,3,9,Reference Desk > oracle:core.gearB > TABLE; Character > equipment,indirect: Life elixir — starting effect,no,yes,The full starting effect and dice are readable in the existing row; individual name has no direct reference entry.,Index the canonical item entry; retain source dice and any chosen quantity separately.,core-starting-item-life-elixir,ITEM_REFERENCE; SEARCH_ALIAS,Equipment; Character
core-full-starting-item-life-elixir,MÖRK BORG Full Edition (Second Printing),23,19,Equipment / Named effects,Life elixir — starting effect,Item,PRESENT_BUT_INDIRECT,P2,3,3,9,Reference Desk > oracle:core.gearB > TABLE; Character > equipment,indirect: Life elixir — starting effect,no,yes,The full starting effect and dice are readable in the existing row; individual name has no direct reference entry.,Index the canonical item entry; retain source dice and any chosen quantity separately.,core-starting-item-life-elixir,ITEM_REFERENCE; SEARCH_ALIAS,Equipment; Character
core-starting-item-small-vicious-dog,MÖRK BORG Bare Bones,22,22,Equipment / Named effects,Small vicious dog — starting effect,Item,PRESENT_BUT_INDIRECT,P2,3,3,9,Reference Desk > oracle:core.gearB > TABLE; Character > equipment,indirect: Small vicious dog — starting effect,no,yes,The full starting effect and dice are readable in the existing row; individual name has no direct reference entry.,Index the canonical item entry; retain source dice and any chosen quantity separately.,core-starting-item-small-vicious-dog,ITEM_REFERENCE; SEARCH_ALIAS,Equipment; Character
core-full-starting-item-small-vicious-dog,MÖRK BORG Full Edition (Second Printing),23,19,Equipment / Named effects,Small vicious dog — starting effect,Item,PRESENT_BUT_INDIRECT,P2,3,3,9,Reference Desk > oracle:core.gearB > TABLE; Character > equipment,indirect: Small vicious dog — starting effect,no,yes,The full starting effect and dice are readable in the existing row; individual name has no direct reference entry.,Index the canonical item entry; retain source dice and any chosen quantity separately.,core-starting-item-small-vicious-dog,ITEM_REFERENCE; SEARCH_ALIAS,Equipment; Character
core-starting-item-monkeys,MÖRK BORG Bare Bones,22,22,Equipment / Named effects,Monkeys — starting effect,Item,PRESENT_BUT_INDIRECT,P2,3,3,9,Reference Desk > oracle:core.gearB > TABLE; Character > equipment,indirect: Monkeys — starting effect,no,yes,The full starting effect and dice are readable in the existing row; individual name has no direct reference entry.,Index the canonical item entry; retain source dice and any chosen quantity separately.,core-starting-item-monkeys,ITEM_REFERENCE; SEARCH_ALIAS,Equipment; Character
core-full-starting-item-monkeys,MÖRK BORG Full Edition (Second Printing),23,19,Equipment / Named effects,Monkeys — starting effect,Item,PRESENT_BUT_INDIRECT,P2,3,3,9,Reference Desk > oracle:core.gearB > TABLE; Character > equipment,indirect: Monkeys — starting effect,no,yes,The full starting effect and dice are readable in the existing row; individual name has no direct reference entry.,Index the canonical item entry; retain source dice and any chosen quantity separately.,core-starting-item-monkeys,ITEM_REFERENCE; SEARCH_ALIAS,Equipment; Character
core-equipment-light-armor,MÖRK BORG Bare Bones,23,23,Equipment / Named effects,Light armor — purchase price and effect,Item,PARTIAL,P2,4,3,12,Reference Desk > rule:core.armor-shield / oracle:core.armor,indirect: Light armor — purchase price and effect,no,no,"Usable protection rule exists, but named item lookup and purchase price are unavailable in Desk results. Armor prices are metadata-only; shield price absent from starting gear row.",Expose source armor/shield prices with the existing usable protection summary; index individual item names.,core-equipment-light-armor,ITEM_REFERENCE; SEARCH_ALIAS; TABLE_VIEW,Equipment; Combat
core-full-equipment-light-armor,MÖRK BORG Full Edition (Second Printing),28,24,Equipment / Named effects,Light armor — purchase price and effect,Item,PARTIAL,P2,4,3,12,Reference Desk > rule:core.armor-shield / oracle:core.armor,indirect: Light armor — purchase price and effect,no,no,"Usable protection rule exists, but named item lookup and purchase price are unavailable in Desk results. Armor prices are metadata-only; shield price absent from starting gear row.",Expose source armor/shield prices with the existing usable protection summary; index individual item names.,core-equipment-light-armor,ITEM_REFERENCE; SEARCH_ALIAS; TABLE_VIEW,Equipment; Combat
core-equipment-medium-armor,MÖRK BORG Bare Bones,23,23,Equipment / Named effects,Medium armor — purchase price and effect,Item,PARTIAL,P2,4,3,12,Reference Desk > rule:core.armor-shield / oracle:core.armor,indirect: Medium armor — purchase price and effect,no,no,"Usable protection rule exists, but named item lookup and purchase price are unavailable in Desk results. Armor prices are metadata-only; shield price absent from starting gear row.",Expose source armor/shield prices with the existing usable protection summary; index individual item names.,core-equipment-medium-armor,ITEM_REFERENCE; SEARCH_ALIAS; TABLE_VIEW,Equipment; Combat
core-full-equipment-medium-armor,MÖRK BORG Full Edition (Second Printing),28,24,Equipment / Named effects,Medium armor — purchase price and effect,Item,PARTIAL,P2,4,3,12,Reference Desk > rule:core.armor-shield / oracle:core.armor,indirect: Medium armor — purchase price and effect,no,no,"Usable protection rule exists, but named item lookup and purchase price are unavailable in Desk results. Armor prices are metadata-only; shield price absent from starting gear row.",Expose source armor/shield prices with the existing usable protection summary; index individual item names.,core-equipment-medium-armor,ITEM_REFERENCE; SEARCH_ALIAS; TABLE_VIEW,Equipment; Combat
core-equipment-heavy-armor,MÖRK BORG Bare Bones,23,23,Equipment / Named effects,Heavy armor — purchase price and effect,Item,PARTIAL,P2,4,3,12,Reference Desk > rule:core.armor-shield / oracle:core.armor,indirect: Heavy armor — purchase price and effect,no,no,"Usable protection rule exists, but named item lookup and purchase price are unavailable in Desk results. Armor prices are metadata-only; shield price absent from starting gear row.",Expose source armor/shield prices with the existing usable protection summary; index individual item names.,core-equipment-heavy-armor,ITEM_REFERENCE; SEARCH_ALIAS; TABLE_VIEW,Equipment; Combat
core-full-equipment-heavy-armor,MÖRK BORG Full Edition (Second Printing),28,24,Equipment / Named effects,Heavy armor — purchase price and effect,Item,PARTIAL,P2,4,3,12,Reference Desk > rule:core.armor-shield / oracle:core.armor,indirect: Heavy armor — purchase price and effect,no,no,"Usable protection rule exists, but named item lookup and purchase price are unavailable in Desk results. Armor prices are metadata-only; shield price absent from starting gear row.",Expose source armor/shield prices with the existing usable protection summary; index individual item names.,core-equipment-heavy-armor,ITEM_REFERENCE; SEARCH_ALIAS; TABLE_VIEW,Equipment; Combat
core-equipment-shield,MÖRK BORG Bare Bones,23,23,Equipment / Named effects,Shield — purchase price and effect,Item,PARTIAL,P2,4,3,12,Reference Desk > rule:core.armor-shield / oracle:core.gearB,indirect: Shield — purchase price and effect,no,no,"Usable protection rule exists, but named item lookup and purchase price are unavailable in Desk results. Armor prices are metadata-only; shield price absent from starting gear row.",Expose source armor/shield prices with the existing usable protection summary; index individual item names.,core-equipment-shield,ITEM_REFERENCE; SEARCH_ALIAS; TABLE_VIEW,Equipment; Combat
core-full-equipment-shield,MÖRK BORG Full Edition (Second Printing),28,24,Equipment / Named effects,Shield — purchase price and effect,Item,PARTIAL,P2,4,3,12,Reference Desk > rule:core.armor-shield / oracle:core.gearB,indirect: Shield — purchase price and effect,no,no,"Usable protection rule exists, but named item lookup and purchase price are unavailable in Desk results. Armor prices are metadata-only; shield price absent from starting gear row.",Expose source armor/shield prices with the existing usable protection summary; index individual item names.,core-equipment-shield,ITEM_REFERENCE; SEARCH_ALIAS; TABLE_VIEW,Equipment; Combat
feretory-monster-approaches,MÖRK BORG CULT: FERETORY,2; 3,Inside front cover; unnumbered,The Monster Approaches,Three-die monster procedure and derived statistics,Procedure,RESOLVED,—,4,1,4,Reference Desk → oracle:feretory.A → ROLL → SOURCE,yes: Three-die monster procedure and derived statistics,yes,yes,"A/B/C use three retained d12s; greatest Morale, lowest-die damage and highest-table armor derive from those rolls. HP follows the literal doubled single damage-die instruction. The contradictory printed 2d8 example and armor ties are disclosed, not silently reconciled.",None.,feretory:monster-approaches,,Monster
feretory-table-desire,MÖRK BORG CULT: FERETORY,3,Unnumbered fold / cover,The Monster Approaches,"More Than Anything, It Wants To…",Table,RESOLVED,—,2,1,2,Reference Desk → oracle:feretory.desire → ROLL / TABLE / SOURCE,"yes: More Than Anything, It Wants To…",yes,yes,"All table outcomes, dice and relevant effect text are present; canonical reference supports rolling or intentional full-table inspection. A completed table does not imply every surrounding scenario rule is covered.",None.,feretory:table-desire,,Monster
feretory-table-trait,MÖRK BORG CULT: FERETORY,3,Unnumbered fold / cover,The Monster Approaches,Terrible Traits,Table,RESOLVED,—,2,1,2,Reference Desk → oracle:feretory.trait → ROLL / TABLE / SOURCE,yes: Terrible Traits,yes,yes,"All table outcomes, dice and relevant effect text are present; canonical reference supports rolling or intentional full-table inspection. A completed table does not imply every surrounding scenario rule is covered.",None.,feretory:table-trait,,Monster
feretory-travel-distances,MÖRK BORG CULT: FERETORY,6,4,Roads to Damnation,Named-route travel durations and world/weather scaling,Rule,MISSING,P1,4,5,20,Reference Desk → rule:feretory.roads (citation only),indirect: travel distance; Galgenbeck Schleswig; travel time,no,n/a,PDF map contains eleven route dice and explicit smaller/larger world and bad-weather adjustments. Current Roads reference cites PDF6 but states no travel durations; no route-value data or usable lookup exists. A citation is insufficient.,"Add a compact source map-route table with endpoints, dice, scaling and weather note. Keep the illustrated map as an optional PDF aid.",feretory:travel-distances,QUICK_RULE; TABLE_INDEX; CONTEXT_LINK,Travel
feretory-travel-checklist,MÖRK BORG CULT: FERETORY,7,5,Roads to Damnation,"Daily checklist, road events and one-off event replacement",Procedure,RESOLVED,—,5,1,5,Journey → Dawn → Road / Forage → encounter → Camp; rule:feretory.roads,"yes: Daily checklist, road events and one-off event replacement",yes,yes,"Calendar/weather/activity ordering, repeated forks, weather changes and tracking crossed-out events have usable Journey controls and source procedures. Replacements remain player-authored; no source fiction is invented.",None.,feretory:travel-checklist,,Travel; Solo
feretory-table-roadType,MÖRK BORG CULT: FERETORY,7,5,Roads to Damnation,What’s the Road Like?,Table,RESOLVED,—,2,1,2,Reference Desk → oracle:feretory.roadType → ROLL / TABLE / SOURCE,yes: What’s the Road Like?,yes,yes,"All table outcomes, dice and relevant effect text are present; canonical reference supports rolling or intentional full-table inspection. A completed table does not imply every surrounding scenario rule is covered.",None.,feretory:table-roadType,,Travel
feretory-table-roadEvent,MÖRK BORG CULT: FERETORY,7,5,Roads to Damnation,Events by the Road. Roll Daily,Table,RESOLVED,—,2,1,2,Reference Desk → oracle:feretory.roadEvent → ROLL / TABLE / SOURCE,yes: Events by the Road. Roll Daily,yes,yes,"All table outcomes, dice and relevant effect text are present; canonical reference supports rolling or intentional full-table inspection. A completed table does not imply every surrounding scenario rule is covered.",None.,feretory:table-roadEvent,,Travel
feretory-table-village,MÖRK BORG CULT: FERETORY,8,6,Roads to Damnation,The Village Is…,Table,RESOLVED,—,2,1,2,Reference Desk → oracle:feretory.village → ROLL / TABLE / SOURCE,yes: The Village Is…,yes,yes,"All table outcomes, dice and relevant effect text are present; canonical reference supports rolling or intentional full-table inspection. A completed table does not imply every surrounding scenario rule is covered.",None.,feretory:table-village,,Travel
feretory-table-forage,MÖRK BORG CULT: FERETORY,8,6,Roads to Damnation,Spending a Day Foraging,Table,RESOLVED,—,2,1,2,Reference Desk → oracle:feretory.forage → ROLL / TABLE / SOURCE,yes: Spending a Day Foraging,yes,yes,"All table outcomes, dice and relevant effect text are present; canonical reference supports rolling or intentional full-table inspection. A completed table does not imply every surrounding scenario rule is covered.",None.,feretory:table-forage,,Travel
feretory-table-leaveRoad,MÖRK BORG CULT: FERETORY,9,7,Roads to Damnation,"Leaving the Road, After Half a Day’s Journey, You Encounter…",Table,RESOLVED,—,2,1,2,Reference Desk → oracle:feretory.leaveRoad → ROLL / TABLE / SOURCE,"yes: Leaving the Road, After Half a Day’s Journey, You Encounter…",yes,yes,"All table outcomes, dice and relevant effect text are present; canonical reference supports rolling or intentional full-table inspection. A completed table does not imply every surrounding scenario rule is covered.",None.,feretory:table-leaveRoad,,Travel
feretory-table-campsite,MÖRK BORG CULT: FERETORY,9,7,Roads to Damnation,Nightly Campsite Events,Table,RESOLVED,—,2,1,2,Reference Desk → oracle:feretory.campsite → ROLL / TABLE / SOURCE,yes: Nightly Campsite Events,yes,yes,"All table outcomes, dice and relevant effect text are present; canonical reference supports rolling or intentional full-table inspection. A completed table does not imply every surrounding scenario rule is covered.",None.,feretory:table-campsite,,Travel
feretory-epk-hunting-rules,MÖRK BORG CULT: FERETORY,12,10,Eat Prey Kill,"Hunting test, quantities, edible yield and optional mundane-prey dice",Procedure,PARTIAL,P2,4,3,12,rule:feretory.hunting-procedure / procedure:workbench.epk,indirect: hunting; Eat Prey Kill,partial,yes,"The quick rule covers Presence, regional d6, failure mishap, parenthesized quantity and HP-based rations. It omits the printed optional d8/d10/d12 with 7+ mundane prey. No need to automate the optional rule, but the in-app hunting reference is incomplete.",Add the short optional wider-die clause to hunting SOURCE/rule detail and link each canonical regional table.,feretory:epk-hunting-rules,QUICK_RULE; RESULT_LINK,Travel; Monster
feretory-table-huntingMishaps,MÖRK BORG CULT: FERETORY,12,10,Eat Prey Kill,Hunting Mishaps,Table,RESOLVED,—,2,1,2,Reference Desk → oracle:feretory.huntingMishaps → ROLL / TABLE / SOURCE,yes: Hunting Mishaps,yes,yes,"All table outcomes, dice and relevant effect text are present; canonical reference supports rolling or intentional full-table inspection. A completed table does not imply every surrounding scenario rule is covered.",None.,feretory:table-huntingMishaps,,Travel; Monster
feretory-table-bellyOfBeast,MÖRK BORG CULT: FERETORY,12,10,Eat Prey Kill,"In the Belly of the Beast, You Find...",Table,RESOLVED,—,2,1,2,Reference Desk → oracle:feretory.bellyOfBeast → ROLL / TABLE / SOURCE,"yes: In the Belly of the Beast, You Find...",yes,yes,"All table outcomes, dice and relevant effect text are present; canonical reference supports rolling or intentional full-table inspection. A completed table does not imply every surrounding scenario rule is covered.",None.,feretory:table-bellyOfBeast,,Travel; Monster
feretory-creature-antideer,MÖRK BORG CULT: FERETORY,14,12,Eat Prey Kill,Antideer,Creature,RESOLVED,—,3,1,3,Reference Desk → creature:feretory:feretory.epk.antideer,yes: Antideer,yes,n/a,"Fixed source identity, printed stat values, attack and printed special/description mechanics are usable through direct creature lookup. No unprinted attack or armor was inferred.",None.,feretory:creature-antideer,,Monster; Travel
feretory-creature-flayed-vultures,MÖRK BORG CULT: FERETORY,14,12,Eat Prey Kill,Flayed Vultures,Creature,RESOLVED,—,3,1,3,Reference Desk → creature:feretory:feretory.epk.flayed-vultures,yes: Flayed Vultures,yes,n/a,"Fixed source identity, printed stat values, attack and printed special/description mechanics are usable through direct creature lookup. No unprinted attack or armor was inferred.",None.,feretory:creature-flayed-vultures,,Monster; Travel
feretory-creature-ratbit,MÖRK BORG CULT: FERETORY,14,12,Eat Prey Kill,Ratbit,Creature,RESOLVED,—,3,1,3,Reference Desk → creature:feretory:feretory.epk.ratbit,yes: Ratbit,yes,n/a,"Fixed source identity, printed stat values, attack and printed special/description mechanics are usable through direct creature lookup. No unprinted attack or armor was inferred.",None.,feretory:creature-ratbit,,Monster; Travel
feretory-creature-feral-horses,MÖRK BORG CULT: FERETORY,14,12,Eat Prey Kill,Feral Horses,Creature,RESOLVED,—,3,1,3,Reference Desk → creature:feretory:feretory.epk.feral-horses,yes: Feral Horses,yes,n/a,"Fixed source identity, printed stat values, attack and printed special/description mechanics are usable through direct creature lookup. No unprinted attack or armor was inferred.",None.,feretory:creature-feral-horses,,Monster; Travel
feretory-creature-steppe-wolfe,MÖRK BORG CULT: FERETORY,14,12,Eat Prey Kill,Steppe Wolfe,Creature,RESOLVED,—,3,1,3,Reference Desk → creature:feretory:feretory.epk.steppe-wolfe,yes: Steppe Wolfe,yes,n/a,"Fixed source identity, printed stat values, attack and printed special/description mechanics are usable through direct creature lookup. No unprinted attack or armor was inferred.",None.,feretory:creature-steppe-wolfe,,Monster; Travel
feretory-creature-tusked-bison,MÖRK BORG CULT: FERETORY,14,12,Eat Prey Kill,Tusked Bison,Creature,RESOLVED,—,3,1,3,Reference Desk → creature:feretory:feretory.epk.tusked-bison,yes: Tusked Bison,yes,n/a,"Fixed source identity, printed stat values, attack and printed special/description mechanics are usable through direct creature lookup. No unprinted attack or armor was inferred.",None.,feretory:creature-tusked-bison,,Monster; Travel
feretory-creature-skelelk,MÖRK BORG CULT: FERETORY,15,13,Eat Prey Kill,Skelelk,Creature,RESOLVED,—,3,1,3,Reference Desk → creature:feretory:feretory.epk.skelelk,yes: Skelelk,yes,n/a,"Fixed source identity, printed stat values, attack and printed special/description mechanics are usable through direct creature lookup. No unprinted attack or armor was inferred.",None.,feretory:creature-skelelk,,Monster; Travel
feretory-creature-dredgehog,MÖRK BORG CULT: FERETORY,15,13,Eat Prey Kill,Dredgehog,Creature,RESOLVED,—,3,1,3,Reference Desk → creature:feretory:feretory.epk.dredgehog,yes: Dredgehog,yes,n/a,"Fixed source identity, printed stat values, attack and printed special/description mechanics are usable through direct creature lookup. No unprinted attack or armor was inferred.",None.,feretory:creature-dredgehog,,Monster; Travel
feretory-creature-carrion-owls,MÖRK BORG CULT: FERETORY,15,13,Eat Prey Kill,Carrion Owls,Creature,RESOLVED,—,3,1,3,Reference Desk → creature:feretory:feretory.epk.carrion-owls,yes: Carrion Owls,yes,n/a,"Fixed source identity, printed stat values, attack and printed special/description mechanics are usable through direct creature lookup. No unprinted attack or armor was inferred.",None.,feretory:creature-carrion-owls,,Monster; Travel
feretory-creature-throat-cutting-warbler,MÖRK BORG CULT: FERETORY,15,13,Eat Prey Kill,Throat-Cutting Warbler,Creature,RESOLVED,—,3,1,3,Reference Desk → creature:feretory:feretory.epk.throat-cutting-warbler,yes: Throat-Cutting Warbler,yes,n/a,"Fixed source identity, printed stat values, attack and printed special/description mechanics are usable through direct creature lookup. No unprinted attack or armor was inferred.",None.,feretory:creature-throat-cutting-warbler,,Monster; Travel
feretory-creature-mulch-squirrels,MÖRK BORG CULT: FERETORY,15,13,Eat Prey Kill,Mulch-Squirrels,Creature,RESOLVED,—,3,1,3,Reference Desk → creature:feretory:feretory.epk.mulch-squirrels,yes: Mulch-Squirrels,yes,n/a,"Fixed source identity, printed stat values, attack and printed special/description mechanics are usable through direct creature lookup. No unprinted attack or armor was inferred.",None.,feretory:creature-mulch-squirrels,,Monster; Travel
feretory-creature-howler-bears,MÖRK BORG CULT: FERETORY,15,13,Eat Prey Kill,Howler Bears,Creature,RESOLVED,—,3,1,3,Reference Desk → creature:feretory:feretory.epk.howler-bears,yes: Howler Bears,yes,n/a,"Fixed source identity, printed stat values, attack and printed special/description mechanics are usable through direct creature lookup. No unprinted attack or armor was inferred.",None.,feretory:creature-howler-bears,,Monster; Travel
feretory-creature-giant-skull-moth,MÖRK BORG CULT: FERETORY,16,14,Eat Prey Kill,Giant Skull Moth,Creature,RESOLVED,—,3,1,3,Reference Desk → creature:feretory:feretory.epk.giant-skull-moth,yes: Giant Skull Moth,yes,n/a,"Fixed source identity, printed stat values, attack and printed special/description mechanics are usable through direct creature lookup. No unprinted attack or armor was inferred.",None.,feretory:creature-giant-skull-moth,,Monster; Travel
feretory-creature-twice-grown-corpse-flies,MÖRK BORG CULT: FERETORY,16,14,Eat Prey Kill,Twice-Grown Corpse Flies,Creature,RESOLVED,—,3,1,3,Reference Desk → creature:feretory:feretory.epk.twice-grown-corpse-flies,yes: Twice-Grown Corpse Flies,yes,n/a,"Fixed source identity, printed stat values, attack and printed special/description mechanics are usable through direct creature lookup. No unprinted attack or armor was inferred.",None.,creature:twice-grown-corpse-fly,,Monster; Travel
feretory-creature-unbred-mutts,MÖRK BORG CULT: FERETORY,16,14,Eat Prey Kill,Unbred Mutts,Creature,RESOLVED,—,3,1,3,Reference Desk → creature:feretory:feretory.epk.unbred-mutts,yes: Unbred Mutts,yes,n/a,"Fixed source identity, printed stat values, attack and printed special/description mechanics are usable through direct creature lookup. No unprinted attack or armor was inferred.",None.,creature:unbred-mutt,,Monster; Travel
feretory-creature-grim-toothed-squirrel,MÖRK BORG CULT: FERETORY,16,14,Eat Prey Kill,Grim-Toothed Squirrel,Creature,RESOLVED,—,3,1,3,Reference Desk → creature:feretory:feretory.epk.grim-toothed-squirrel,yes: Grim-Toothed Squirrel,yes,n/a,"Fixed source identity, printed stat values, attack and printed special/description mechanics are usable through direct creature lookup. No unprinted attack or armor was inferred.",None.,feretory:creature-grim-toothed-squirrel,,Monster; Travel
feretory-creature-meatroach,MÖRK BORG CULT: FERETORY,16,14,Eat Prey Kill,Meatroach,Creature,RESOLVED,—,3,1,3,Reference Desk → creature:feretory:feretory.epk.meatroach,yes: Meatroach,yes,n/a,"Fixed source identity, printed stat values, attack and printed special/description mechanics are usable through direct creature lookup. No unprinted attack or armor was inferred.",None.,feretory:creature-meatroach,,Monster; Travel
feretory-creature-half-billed-raven,MÖRK BORG CULT: FERETORY,16,14,Eat Prey Kill,Half-Billed Raven,Creature,RESOLVED,—,3,1,3,Reference Desk → creature:feretory:feretory.epk.half-billed-raven,yes: Half-Billed Raven,yes,n/a,"Fixed source identity, printed stat values, attack and printed special/description mechanics are usable through direct creature lookup. No unprinted attack or armor was inferred.",None.,creature:half-billed-raven,,Monster; Travel
feretory-creature-uncommon-rats,MÖRK BORG CULT: FERETORY,17,15,Eat Prey Kill,Uncommon Rats,Creature,RESOLVED,—,3,1,3,Reference Desk → creature:feretory:feretory.epk.uncommon-rats,yes: Uncommon Rats,yes,n/a,"Fixed source identity, printed stat values, attack and printed special/description mechanics are usable through direct creature lookup. No unprinted attack or armor was inferred.",None.,feretory:creature-uncommon-rats,,Monster; Travel
feretory-creature-cellar-crabs,MÖRK BORG CULT: FERETORY,17,15,Eat Prey Kill,Cellar Crabs,Creature,RESOLVED,—,3,1,3,Reference Desk → creature:feretory:feretory.epk.cellar-crabs,yes: Cellar Crabs,yes,n/a,"Fixed source identity, printed stat values, attack and printed special/description mechanics are usable through direct creature lookup. No unprinted attack or armor was inferred.",None.,feretory:creature-cellar-crabs,,Monster; Travel
feretory-creature-nameless-tameless-strays,MÖRK BORG CULT: FERETORY,17,15,Eat Prey Kill,Nameless & Tameless Strays,Creature,RESOLVED,—,3,1,3,Reference Desk → creature:feretory:feretory.epk.nameless-tameless-strays,yes: Nameless & Tameless Strays,yes,n/a,"Fixed source identity, printed stat values, attack and printed special/description mechanics are usable through direct creature lookup. No unprinted attack or armor was inferred.",None.,feretory:creature-nameless-tameless-strays,,Monster; Travel
feretory-creature-straw-lion,MÖRK BORG CULT: FERETORY,17,15,Eat Prey Kill,Straw-Lion,Creature,RESOLVED,—,3,1,3,Reference Desk → creature:feretory:feretory.epk.straw-lion,yes: Straw-Lion,yes,n/a,"Fixed source identity, printed stat values, attack and printed special/description mechanics are usable through direct creature lookup. No unprinted attack or armor was inferred.",None.,feretory:creature-straw-lion,,Monster; Travel
feretory-creature-lentil-lice,MÖRK BORG CULT: FERETORY,17,15,Eat Prey Kill,Lentil Lice,Creature,RESOLVED,—,3,1,3,Reference Desk → creature:feretory:feretory.epk.lentil-lice,yes: Lentil Lice,yes,n/a,Source supplies no lice combat stats; withholding them is correct. The separate printed starved-peasant encounter is audited separately because participants metadata is not displayed.,None.,feretory:creature-lentil-lice,,Monster; Travel
feretory-creature-murder-gulls,MÖRK BORG CULT: FERETORY,17,15,Eat Prey Kill,Múrder Gulls,Creature,RESOLVED,—,3,1,3,Reference Desk → creature:feretory:feretory.epk.murder-gulls,yes: Múrder Gulls,yes,n/a,"Fixed source identity, printed stat values, attack and printed special/description mechanics are usable through direct creature lookup. No unprinted attack or armor was inferred.",None.,feretory:creature-murder-gulls,,Monster; Travel
feretory-creature-flail-horned-muskox,MÖRK BORG CULT: FERETORY,18,16,Eat Prey Kill,Flail-Horned Muskox,Creature,RESOLVED,—,3,1,3,Reference Desk → creature:feretory:feretory.epk.flail-horned-muskox,yes: Flail-Horned Muskox,yes,n/a,"Fixed source identity, printed stat values, attack and printed special/description mechanics are usable through direct creature lookup. No unprinted attack or armor was inferred.",None.,feretory:creature-flail-horned-muskox,,Monster; Travel
feretory-creature-tar-pelted-goats,MÖRK BORG CULT: FERETORY,18,16,Eat Prey Kill,Tar-Pelted Goats,Creature,RESOLVED,—,3,1,3,Reference Desk → creature:feretory:feretory.epk.tar-pelted-goats,yes: Tar-Pelted Goats,yes,n/a,"Fixed source identity, printed stat values, attack and printed special/description mechanics are usable through direct creature lookup. No unprinted attack or armor was inferred.",None.,feretory:creature-tar-pelted-goats,,Monster; Travel
feretory-creature-molar-bear,MÖRK BORG CULT: FERETORY,18,16,Eat Prey Kill,Molar Bear,Creature,RESOLVED,—,3,1,3,Reference Desk → creature:feretory:feretory.epk.molar-bear,yes: Molar Bear,yes,n/a,"Fixed source identity, printed stat values, attack and printed special/description mechanics are usable through direct creature lookup. No unprinted attack or armor was inferred.",None.,feretory:creature-molar-bear,,Monster; Travel
feretory-creature-megasloths,MÖRK BORG CULT: FERETORY,18,16,Eat Prey Kill,Megasloths,Creature,RESOLVED,—,3,1,3,Reference Desk → creature:feretory:feretory.epk.megasloths,yes: Megasloths,yes,n/a,"Fixed source identity, printed stat values, attack and printed special/description mechanics are usable through direct creature lookup. No unprinted attack or armor was inferred.",None.,feretory:creature-megasloths,,Monster; Travel
feretory-creature-blubber-gulls,MÖRK BORG CULT: FERETORY,18,16,Eat Prey Kill,Blubber Gulls,Creature,RESOLVED,—,3,1,3,Reference Desk → creature:feretory:feretory.epk.blubber-gulls,yes: Blubber Gulls,yes,n/a,"Fixed source identity, printed stat values, attack and printed special/description mechanics are usable through direct creature lookup. No unprinted attack or armor was inferred.",None.,feretory:creature-blubber-gulls,,Monster; Travel
feretory-creature-false-seal,MÖRK BORG CULT: FERETORY,18,16,Eat Prey Kill,False Seal,Creature,RESOLVED,—,3,1,3,Reference Desk → creature:feretory:feretory.epk.false-seal,yes: False Seal,yes,n/a,"Fixed source identity, printed stat values, attack and printed special/description mechanics are usable through direct creature lookup. No unprinted attack or armor was inferred.",None.,feretory:creature-false-seal,,Monster; Travel
feretory-creature-liar-bird,MÖRK BORG CULT: FERETORY,19,17,Eat Prey Kill,Liar-Bird,Creature,RESOLVED,—,3,1,3,Reference Desk → creature:feretory:feretory.epk.liar-bird,yes: Liar-Bird,yes,n/a,"Fixed source identity, printed stat values, attack and printed special/description mechanics are usable through direct creature lookup. No unprinted attack or armor was inferred.",None.,feretory:creature-liar-bird,,Monster; Travel
feretory-creature-three-thirds-pheasant,MÖRK BORG CULT: FERETORY,19,17,Eat Prey Kill,Three-Thirds-Pheasant,Creature,RESOLVED,—,3,1,3,Reference Desk → creature:feretory:feretory.epk.three-thirds-pheasant,yes: Three-Thirds-Pheasant,yes,n/a,"Fixed source identity, printed stat values, attack and printed special/description mechanics are usable through direct creature lookup. No unprinted attack or armor was inferred.",None.,feretory:creature-three-thirds-pheasant,,Monster; Travel
feretory-creature-feather-fox,MÖRK BORG CULT: FERETORY,19,17,Eat Prey Kill,Feather Fox,Creature,RESOLVED,—,3,1,3,Reference Desk → creature:feretory:feretory.epk.feather-fox,yes: Feather Fox,yes,n/a,"Fixed source identity, printed stat values, attack and printed special/description mechanics are usable through direct creature lookup. No unprinted attack or armor was inferred.",None.,feretory:creature-feather-fox,,Monster; Travel
feretory-creature-bautaboar,MÖRK BORG CULT: FERETORY,19,17,Eat Prey Kill,Bautaboar,Creature,RESOLVED,—,3,1,3,Reference Desk → creature:feretory:feretory.epk.bautaboar,yes: Bautaboar,yes,n/a,"Fixed source identity, printed stat values, attack and printed special/description mechanics are usable through direct creature lookup. No unprinted attack or armor was inferred.",None.,feretory:creature-bautaboar,,Monster; Travel
feretory-creature-schleswig-bogfeeder,MÖRK BORG CULT: FERETORY,19,17,Eat Prey Kill,Schleswig Bogfeeder,Creature,RESOLVED,—,3,1,3,Reference Desk → creature:feretory:feretory.epk.schleswig-bogfeeder,yes: Schleswig Bogfeeder,yes,n/a,"Fixed source identity, printed stat values, attack and printed special/description mechanics are usable through direct creature lookup. No unprinted attack or armor was inferred.",None.,feretory:creature-schleswig-bogfeeder,,Monster; Travel
feretory-creature-gold-crested-filth-crow,MÖRK BORG CULT: FERETORY,19,17,Eat Prey Kill,Gold-Crested Filth-Crow,Creature,RESOLVED,—,3,1,3,Reference Desk → creature:feretory:feretory.epk.gold-crested-filth-crow,yes: Gold-Crested Filth-Crow,yes,n/a,"Fixed source identity, printed stat values, attack and printed special/description mechanics are usable through direct creature lookup. No unprinted attack or armor was inferred.",None.,feretory:creature-gold-crested-filth-crow,,Monster; Travel
feretory-creature-cursed-trout,MÖRK BORG CULT: FERETORY,20,18,Eat Prey Kill,Cursed Trout,Creature,RESOLVED,—,3,1,3,Reference Desk → creature:feretory:feretory.epk.cursed-trout,yes: Cursed Trout,partial,n/a,"Source supplies an insomnia effect, no independent combat stats. The full effect is retained and readable. Blank stats are legitimate source absence, not an implementation gap.",None.,feretory:creature-cursed-trout,,Monster; Travel
feretory-creature-rusty-bass,MÖRK BORG CULT: FERETORY,20,18,Eat Prey Kill,Rusty Bass,Creature,RESOLVED,—,3,1,3,Reference Desk → creature:feretory:feretory.epk.rusty-bass,yes: Rusty Bass,partial,n/a,"Fixed source identity, printed stat values, attack and printed special/description mechanics are usable through direct creature lookup. No unprinted attack or armor was inferred.",None.,feretory:creature-rusty-bass,,Monster; Travel
feretory-creature-groan,MÖRK BORG CULT: FERETORY,20,18,Eat Prey Kill,Groan,Creature,RESOLVED,—,3,1,3,Reference Desk → creature:feretory:feretory.epk.groan,yes: Groan,partial,n/a,"Fixed source identity, printed stat values, attack and printed special/description mechanics are usable through direct creature lookup. No unprinted attack or armor was inferred.",None.,feretory:creature-groan,,Monster; Travel
feretory-creature-carcasswan,MÖRK BORG CULT: FERETORY,20,18,Eat Prey Kill,Carcasswan,Creature,PARTIAL,P2,3,4,12,Reference Desk → creature:feretory:feretory.epk.carcasswan,indirect: Carcasswan,partial,n/a,"Both lone and paired printed stat blocks are in record.variants, but loadMonsterPreset and Reference result omit variants and show an unavailable generic stat block. The source DOES supply these stats.",Expose the two labeled source variants from the existing record without substituting or rerolling them.,feretory:creature-carcasswan,MONSTER_REFERENCE,Monster; Travel
feretory-creature-unresting-duck,MÖRK BORG CULT: FERETORY,20,18,Eat Prey Kill,Unresting Duck,Creature,RESOLVED,—,3,1,3,Reference Desk → creature:feretory:feretory.epk.unresting-duck,yes: Unresting Duck,partial,n/a,"Fixed source identity, printed stat values, attack and printed special/description mechanics are usable through direct creature lookup. No unprinted attack or armor was inferred.",None.,feretory:creature-unresting-duck,,Monster; Travel
feretory-creature-sursturgeon,MÖRK BORG CULT: FERETORY,20,18,Eat Prey Kill,Sursturgeon,Creature,RESOLVED,—,3,1,3,Reference Desk → creature:feretory:feretory.epk.sursturgeon,yes: Sursturgeon,partial,n/a,"Fixed source identity, printed stat values, attack and printed special/description mechanics are usable through direct creature lookup. No unprinted attack or armor was inferred.",None.,feretory:creature-sursturgeon,,Monster; Travel
feretory-creature-phantom-rats,MÖRK BORG CULT: FERETORY,21,19,Eat Prey Kill,Phantom Rats,Creature,RESOLVED,—,3,1,3,Reference Desk → creature:feretory:feretory.epk.phantom-rats,yes: Phantom Rats,yes,n/a,"Fixed source identity, printed stat values, attack and printed special/description mechanics are usable through direct creature lookup. No unprinted attack or armor was inferred.",None.,feretory:creature-phantom-rats,,Monster; Travel
feretory-creature-grubstopper,MÖRK BORG CULT: FERETORY,21,19,Eat Prey Kill,Grubstopper,Creature,RESOLVED,—,3,1,3,Reference Desk → creature:feretory:feretory.epk.grubstopper,yes: Grubstopper,yes,n/a,"Fixed source identity, printed stat values, attack and printed special/description mechanics are usable through direct creature lookup. No unprinted attack or armor was inferred.",None.,feretory:creature-grubstopper,,Monster; Travel
feretory-creature-tomb-ape,MÖRK BORG CULT: FERETORY,21,19,Eat Prey Kill,Tomb Ape,Creature,RESOLVED,—,3,1,3,Reference Desk → creature:feretory:feretory.epk.tomb-ape,yes: Tomb Ape,yes,n/a,"Fixed source identity, printed stat values, attack and printed special/description mechanics are usable through direct creature lookup. No unprinted attack or armor was inferred.",None.,feretory:creature-tomb-ape,,Monster; Travel
feretory-creature-gravelings,MÖRK BORG CULT: FERETORY,21,19,Eat Prey Kill,Gravelings,Creature,RESOLVED,—,3,1,3,Reference Desk → creature:feretory:feretory.epk.gravelings,yes: Gravelings,yes,n/a,"Fixed source identity, printed stat values, attack and printed special/description mechanics are usable through direct creature lookup. No unprinted attack or armor was inferred.",None.,feretory:creature-gravelings,,Monster; Travel
feretory-creature-marrow-sparrow,MÖRK BORG CULT: FERETORY,21,19,Eat Prey Kill,Marrow Sparrow,Creature,RESOLVED,—,3,1,3,Reference Desk → creature:feretory:feretory.epk.marrow-sparrow,yes: Marrow Sparrow,yes,n/a,"Fixed source identity, printed stat values, attack and printed special/description mechanics are usable through direct creature lookup. No unprinted attack or armor was inferred.",None.,feretory:creature-marrow-sparrow,,Monster; Travel
feretory-creature-bonemare,MÖRK BORG CULT: FERETORY,21,19,Eat Prey Kill,Bonemare,Creature,RESOLVED,—,3,1,3,Reference Desk → creature:feretory:feretory.epk.bonemare,yes: Bonemare,yes,n/a,"Fixed source identity, printed stat values, attack and printed special/description mechanics are usable through direct creature lookup. No unprinted attack or armor was inferred.",None.,feretory:creature-bonemare,,Monster; Travel
feretory-creature-tunnel-sneak,MÖRK BORG CULT: FERETORY,22,20,Eat Prey Kill,Tunnel Sneak,Creature,RESOLVED,—,3,1,3,Reference Desk → creature:feretory:feretory.epk.tunnel-sneak,yes: Tunnel Sneak,partial,n/a,"Fixed source identity, printed stat values, attack and printed special/description mechanics are usable through direct creature lookup. No unprinted attack or armor was inferred.",None.,feretory:creature-tunnel-sneak,,Monster; Travel
feretory-creature-nephalix-monkeys,MÖRK BORG CULT: FERETORY,22,20,Eat Prey Kill,Nephalix Monkeys,Creature,RESOLVED,—,3,1,3,Reference Desk → creature:feretory:feretory.epk.nephalix-monkeys,yes: Nephalix Monkeys,partial,n/a,"Fixed source identity, printed stat values, attack and printed special/description mechanics are usable through direct creature lookup. No unprinted attack or armor was inferred.",None.,feretory:creature-nephalix-monkeys,,Monster; Travel
feretory-creature-weakwilld-whisperbird,MÖRK BORG CULT: FERETORY,22,20,Eat Prey Kill,Weakwill’d Whisperbird,Creature,RESOLVED,—,3,1,3,Reference Desk → creature:feretory:feretory.epk.weakwilld-whisperbird,yes: Weakwill’d Whisperbird,partial,n/a,"Fixed source identity, printed stat values, attack and printed special/description mechanics are usable through direct creature lookup. No unprinted attack or armor was inferred.",None.,feretory:creature-weakwilld-whisperbird,,Monster; Travel
feretory-creature-vierwinged-falchon,MÖRK BORG CULT: FERETORY,23,21,Eat Prey Kill,Vierwinged Falchon,Creature,RESOLVED,—,3,1,3,Reference Desk → creature:feretory:feretory.epk.vierwinged-falchon,yes: Vierwinged Falchon,partial,n/a,"Fixed source identity, printed stat values, attack and printed special/description mechanics are usable through direct creature lookup. No unprinted attack or armor was inferred.",None.,feretory:creature-vierwinged-falchon,,Monster; Travel
feretory-creature-uberwolf,MÖRK BORG CULT: FERETORY,23,21,Eat Prey Kill,Überwolf,Creature,RESOLVED,—,3,1,3,Reference Desk → creature:feretory:feretory.epk.uberwolf,yes: Überwolf,partial,n/a,"Fixed source identity, printed stat values, attack and printed special/description mechanics are usable through direct creature lookup. No unprinted attack or armor was inferred.",None.,feretory:creature-uberwolf,,Monster; Travel
feretory-creature-ragpie,MÖRK BORG CULT: FERETORY,23,21,Eat Prey Kill,Ragpie,Creature,RESOLVED,—,3,1,3,Reference Desk → creature:feretory:feretory.epk.ragpie,yes: Ragpie,partial,n/a,"Fixed source identity, printed stat values, attack and printed special/description mechanics are usable through direct creature lookup. No unprinted attack or armor was inferred.",None.,feretory:creature-ragpie,,Monster; Travel
feretory-epk-starved-peasants,MÖRK BORG CULT: FERETORY,17,15,Eat Prey Kill / Lentil Lice,Starved peasants,Creature,PARTIAL,P2,3,4,12,Lentil Lice → participants data currently omitted,indirect: Starved peasants; Lentil Lice,no,n/a,"Printed peasant stats are correctly separated from lice in record.participants, but neither direct reference nor creature result exposes that participant stat block.","Add a source participant link/compact stat block from the existing metadata, preserving d6 quantity and lice identity.",feretory:epk-starved-peasants,MONSTER_REFERENCE; RESULT_LINK,Monster; Travel
feretory-epk-farmers,MÖRK BORG CULT: FERETORY,19,17,Eat Prey Kill / Schleswig Bogfeeder,Farmers defending their pigs,Creature,PRESENT_BUT_INDIRECT,P2,2,2,4,Reference Desk → Schleswig Bogfeeder → Special,indirect: Schleswig Bogfeeder; farmers,no,n/a,"All quick stats and conditional weapon chance are visible inside Bogfeeder specialAbility, but farmers have no own lookup or contextual identity.",Index the existing nested encounter as an alias/sub-result; do not invent a separate general farmer.,feretory:epk-farmers,MONSTER_REFERENCE; SEARCH_ALIAS,Monster; Travel
feretory-epk-regular-wolf,MÖRK BORG CULT: FERETORY,23,21,Eat Prey Kill / Überwolf,Regular wolf accompanying Überwolf,Creature,PARTIAL,P2,3,4,12,Reference Desk → Überwolf (companion data omitted),indirect: Regular wolf; Überwolf,no,n/a,Printed companion stats are in record.companions/sourceNotes. Reference result omits both; only the larger Überwolf stats and follower-count prose are visible.,Expose the existing labeled companion block and quantity qualifier; do not use Überwolf stats for regular wolves.,feretory:epk-regular-wolf,MONSTER_REFERENCE; RESULT_LINK,Monster; Travel
feretory-epk-regional-access,MÖRK BORG CULT: FERETORY,14; 15; 16; 17; 18; 19; 20; 21; 22; 23,"12, 13, 14, 15, 16, 17, 18, 19, 20, 21",Eat Prey Kill,Nine regional d6 source tables → selected creature definition,Procedure,PRESENT_BUT_INDIRECT,P2,3,3,9,oracle:feretory.hunting.{region}; procedure:workbench.epk,indirect: Lake Onda; Bergen Chrypt; Eat Prey Kill,no,yes,"Nine canonical region tables exist, including Lake Onda and Bergen Chrypt. The generic table result is an identity, not the creature stat block; table related links do not route to each creature. The seven-region EPK tool is faster for its supported regions.","Link each rolled canonical creature ID to its current definition, including the source-only and variant cases.",feretory:epk-regional-access,RESULT_LINK; CONTEXT_LINK,Monster; Travel
feretory-table-flowerEffects,MÖRK BORG CULT: FERETORY,28,26,The Death Ziggurat,The Flowers’ Effects,Table,RESOLVED,—,2,1,2,Reference Desk → oracle:feretory.flowerEffects → ROLL / TABLE / SOURCE,yes: The Flowers’ Effects,no,yes,"All table outcomes, dice and relevant effect text are present; canonical reference supports rolling or intentional full-table inspection. A completed table does not imply every surrounding scenario rule is covered.",None.,feretory:table-flowerEffects,,Dungeon
feretory-table-ruinTypes,MÖRK BORG CULT: FERETORY,29,27,The Death Ziggurat,Ruin Types,Table,RESOLVED,—,2,1,2,Reference Desk → oracle:feretory.ruinTypes → ROLL / TABLE / SOURCE,yes: Ruin Types,no,yes,"All table outcomes, dice and relevant effect text are present; canonical reference supports rolling or intentional full-table inspection. A completed table does not imply every surrounding scenario rule is covered.",None.,feretory:table-ruinTypes,,Dungeon
feretory-table-minorTreasures,MÖRK BORG CULT: FERETORY,29,27,The Death Ziggurat,Minor Treasures,Table,RESOLVED,—,2,1,2,Reference Desk → oracle:feretory.minorTreasures → ROLL / TABLE / SOURCE,yes: Minor Treasures,no,yes,"All table outcomes, dice and relevant effect text are present; canonical reference supports rolling or intentional full-table inspection. A completed table does not imply every surrounding scenario rule is covered.",None.,feretory:table-minorTreasures,,Dungeon
feretory-table-majorTreasures,MÖRK BORG CULT: FERETORY,29,27,The Death Ziggurat,Major Treasures,Table,RESOLVED,—,2,1,2,Reference Desk → oracle:feretory.majorTreasures → ROLL / TABLE / SOURCE,yes: Major Treasures,no,yes,"All table outcomes, dice and relevant effect text are present; canonical reference supports rolling or intentional full-table inspection. A completed table does not imply every surrounding scenario rule is covered.",None.,feretory:table-majorTreasures,,Dungeon
feretory-table-searchingRuins,MÖRK BORG CULT: FERETORY,29,27,The Death Ziggurat,Searching the Ruins (15 Minutes),Table,RESOLVED,—,2,1,2,Reference Desk → oracle:feretory.searchingRuins → ROLL / TABLE / SOURCE,yes: Searching the Ruins (15 Minutes),no,yes,"All table outcomes, dice and relevant effect text are present; canonical reference supports rolling or intentional full-table inspection. A completed table does not imply every surrounding scenario rule is covered.",None.,feretory:table-searchingRuins,,Dungeon
feretory-table-ruinsRandomEvents,MÖRK BORG CULT: FERETORY,29,27,The Death Ziggurat,Random Events — Roll Once per Hex,Table,RESOLVED,—,2,1,2,Reference Desk → oracle:feretory.ruinsRandomEvents → ROLL / TABLE / SOURCE,yes: Random Events — Roll Once per Hex,no,yes,"All table outcomes, dice and relevant effect text are present; canonical reference supports rolling or intentional full-table inspection. A completed table does not imply every surrounding scenario rule is covered.",None.,feretory:table-ruinsRandomEvents,,Dungeon
feretory-ziggurat-procedure,MÖRK BORG CULT: FERETORY,27; 28; 29,"25, 26, 27",The Death Ziggurat,"Hex exploration, searching and conditional results",Procedure,PRESENT_BUT_INDIRECT,P2,2,3,6,Reference Desk → Searching the Ruins / Random Events → SOURCE,indirect: Death Ziggurat; Navigating the Ruins,no,yes,"One hex/15 minutes, per-hex events, search table and restricted d6/d10 event branches are split between tables/source notes. Secondary treasure and named creature results lack direct links; players must independently find them.",Add one concise scenario procedure reference linking the existing tables and named actors; preserve d6/d10 restricted event branches. Map and location prose remain PDF material.,feretory:ziggurat-procedure,PROCEDURE; RESULT_LINK,Dungeon
feretory-rot-priests,MÖRK BORG CULT: FERETORY,32,30,The Death Ziggurat,Rot Priests,Creature,MISSING,P2,2,5,10,No usable application reference,no: Rot Priests,no,n/a,Scenario supplies its own stat block and special combat rules; no definition exists in current creature data. Related event table mentions are only names.,Add the printed scenario-specific definition and link its event-table occurrences; never substitute the similarly named Core creature.,feretory:rot-priests,MONSTER_REFERENCE; RESULT_LINK,Dungeon; Monster
feretory-horn-beasts,MÖRK BORG CULT: FERETORY,32,30,The Death Ziggurat,Horn Beasts,Creature,MISSING,P2,2,5,10,No usable application reference,no: Horn Beasts,no,n/a,Scenario supplies its own stat block and special combat rules; no definition exists in current creature data. Related event table mentions are only names.,Add the printed scenario-specific definition and link its event-table occurrences; never substitute the similarly named Core creature.,feretory:horn-beasts,MONSTER_REFERENCE; RESULT_LINK,Dungeon; Monster
feretory-undead-death-ziggurat,MÖRK BORG CULT: FERETORY,32,30,The Death Ziggurat,Undead — Death Ziggurat,Creature,MISSING,P2,2,5,10,No usable application reference,no: Undead — Death Ziggurat,no,n/a,Scenario supplies its own stat block and special combat rules; no definition exists in current creature data. Related event table mentions are only names.,Add the printed scenario-specific definition and link its event-table occurrences; never substitute the similarly named Core creature.,feretory:undead-death-ziggurat,MONSTER_REFERENCE; RESULT_LINK,Dungeon; Monster
feretory-sarku,MÖRK BORG CULT: FERETORY,32,30,The Death Ziggurat,Sarku,Creature,MISSING,P2,2,5,10,No usable application reference,no: Sarku,no,n/a,Scenario supplies its own stat block and special combat rules; no definition exists in current creature data. Related event table mentions are only names.,Add the printed scenario-specific definition and link its event-table occurrences; never substitute the similarly named Core creature.,feretory:sarku,MONSTER_REFERENCE; RESULT_LINK,Dungeon; Monster
feretory-death-obsessed-cultist,MÖRK BORG CULT: FERETORY,33,31,The Death Ziggurat,Death-obsessed Cultist,Creature,MISSING,P2,2,5,10,No usable application reference,no: Death-obsessed Cultist,no,n/a,Scenario supplies its own stat block and special combat rules; no definition exists in current creature data. Related event table mentions are only names.,Add the printed scenario-specific definition and link its event-table occurrences; never substitute the similarly named Core creature.,feretory:death-obsessed-cultist,MONSTER_REFERENCE; RESULT_LINK,Dungeon; Monster
feretory-dread-ak-nh-demon-spawn,MÖRK BORG CULT: FERETORY,33,31,The Death Ziggurat,"Dread Akünh, Demon Spawn",Creature,MISSING,P2,2,5,10,No usable application reference,"no: Dread Akünh, Demon Spawn",no,n/a,Scenario supplies its own stat block and special combat rules; no definition exists in current creature data. Related event table mentions are only names.,Add the printed scenario-specific definition and link its event-table occurrences; never substitute the similarly named Core creature.,feretory:dread-ak-nh-demon-spawn,MONSTER_REFERENCE; RESULT_LINK,Dungeon; Monster
feretory-spiral-crown,MÖRK BORG CULT: FERETORY,30,28,The Death Ziggurat,Spiral Crown,Item,MISSING,P2,2,5,10,No usable application reference,no: Spiral Crown,no,n/a,"The artifact’s removal tests, three-attempt limit and drain/reversal effect are absent.",Add a concise scenario-bound reference and source link; retain discovery/location prose in the PDF.,feretory:spiral-crown,ITEM_REFERENCE,Dungeon
feretory-rot-priest-medallion,MÖRK BORG CULT: FERETORY,30; 32,"28, 30",The Death Ziggurat,Rot priest medallion,Item,MISSING,P2,2,5,10,No usable application reference,no: Rot priest medallion,no,n/a,The item that enables access to the Death Realm is not represented.,Add a concise scenario-bound reference and source link; retain discovery/location prose in the PDF.,feretory:rot-priest-medallion,ITEM_REFERENCE,Dungeon
feretory-akuenh-heart,MÖRK BORG CULT: FERETORY,30,28,The Death Ziggurat,Akünh’s separated heart and end condition,Rule,MISSING,P2,2,5,10,No usable application reference,no: Akünh’s separated heart and end condition,no,n/a,The heart-destruction consequence and immediate Misery trigger are absent from any usable quick reference.,Add a concise scenario-bound reference and source link; retain discovery/location prose in the PDF.,feretory:akuenh-heart,QUICK_RULE,Dungeon
feretory-table-itemsTrinkets,MÖRK BORG CULT: FERETORY,34,32,d100 Items & Trinkets,Items and Trinkets,Table,RESOLVED,—,2,1,2,Reference Desk → oracle:feretory.itemsTrinkets → ROLL / TABLE / SOURCE,yes: Items and Trinkets,no,yes,"All table outcomes, dice and relevant effect text are present; canonical reference supports rolling or intentional full-table inspection. A completed table does not imply every surrounding scenario rule is covered.",None.,feretory:table-itemsTrinkets,,Equipment; Dungeon
feretory-table-goblinGrinderHooks,MÖRK BORG CULT: FERETORY,38,36,The Goblin Grinder,Why Do the PCs Care About Any of This?,Table,RESOLVED,—,2,1,2,Reference Desk → oracle:feretory.goblinGrinderHooks → ROLL / TABLE / SOURCE,yes: Why Do the PCs Care About Any of This?,no,yes,"All table outcomes, dice and relevant effect text are present; canonical reference supports rolling or intentional full-table inspection. A completed table does not imply every surrounding scenario rule is covered.",None.,feretory:table-goblinGrinderHooks,,Dungeon
feretory-calumny-pearl,MÖRK BORG CULT: FERETORY,38,36,The Goblin Grinder,Calumny Pearl,Item,PRESENT_BUT_INDIRECT,P2,2,3,6,oracle:feretory.goblinGrinderHooks → TABLE → row 4,indirect: Calumny Pearl,no,yes,Its complete effect is retained in hook result 4; item name is not indexed separately.,Expose a named item alias opening that existing source entry.,feretory:calumny-pearl,ITEM_REFERENCE; SEARCH_ALIAS,Dungeon
feretory-qarg,MÖRK BORG CULT: FERETORY,39,37,The Goblin Grinder,Qarg,Creature,MISSING,P2,2,5,10,No usable application reference,no: Qarg,no,n/a,"Printed local stats and special/variant conditions are absent; generic Core goblins do not have the same morale, attacks or leader effects.",Add the exact scenario stat block/variant and link relevant local tables.,feretory:qarg,MONSTER_REFERENCE; RESULT_LINK,Dungeon; Monster; NPC
feretory-nagel-krat,MÖRK BORG CULT: FERETORY,39; 48,"37, 46",The Goblin Grinder,Nagel Krat,Creature,MISSING,P2,2,5,10,No usable application reference,no: Nagel Krat,no,n/a,"Printed local stats and special/variant conditions are absent; generic Core goblins do not have the same morale, attacks or leader effects.",Add the exact scenario stat block/variant and link relevant local tables.,feretory:nagel-krat,MONSTER_REFERENCE; RESULT_LINK,Dungeon; Monster; NPC
feretory-the-bastard,MÖRK BORG CULT: FERETORY,39; 48,"37, 46",The Goblin Grinder,The Bastard,Creature,MISSING,P2,2,5,10,No usable application reference,no: The Bastard,no,n/a,"Printed local stats and special/variant conditions are absent; generic Core goblins do not have the same morale, attacks or leader effects.",Add the exact scenario stat block/variant and link relevant local tables.,feretory:the-bastard,MONSTER_REFERENCE; RESULT_LINK,Dungeon; Monster; NPC
feretory-excited-cannon-goblins,MÖRK BORG CULT: FERETORY,45,43,The Goblin Grinder,Excited cannon goblins,Creature,MISSING,P2,2,5,10,No usable application reference,no: Excited cannon goblins,no,n/a,"Printed local stats and special/variant conditions are absent; generic Core goblins do not have the same morale, attacks or leader effects.",Add the exact scenario stat block/variant and link relevant local tables.,feretory:excited-cannon-goblins,MONSTER_REFERENCE; RESULT_LINK,Dungeon; Monster; NPC
feretory-archer-goblins-and-bucket-goblin,MÖRK BORG CULT: FERETORY,46,44,The Goblin Grinder,Archer goblins and bucket goblin,Creature,MISSING,P2,2,5,10,No usable application reference,no: Archer goblins and bucket goblin,no,n/a,"Printed local stats and special/variant conditions are absent; generic Core goblins do not have the same morale, attacks or leader effects.",Add the exact scenario stat block/variant and link relevant local tables.,feretory:archer-goblins-and-bucket-goblin,MONSTER_REFERENCE; RESULT_LINK,Dungeon; Monster; NPC
feretory-alchemical-ooze,MÖRK BORG CULT: FERETORY,47,45,The Goblin Grinder,Alchemical Ooze,Creature,MISSING,P2,2,5,10,No usable application reference,no: Alchemical Ooze,no,n/a,"Printed local stats and special/variant conditions are absent; generic Core goblins do not have the same morale, attacks or leader effects.",Add the exact scenario stat block/variant and link relevant local tables.,feretory:alchemical-ooze,MONSTER_REFERENCE; RESULT_LINK,Dungeon; Monster; NPC
feretory-fresh-goblins,MÖRK BORG CULT: FERETORY,48,46,The Goblin Grinder,Fresh Goblins,Creature,MISSING,P2,2,5,10,No usable application reference,no: Fresh Goblins,no,n/a,"Printed local stats and special/variant conditions are absent; generic Core goblins do not have the same morale, attacks or leader effects.",Add the exact scenario stat block/variant and link relevant local tables.,feretory:fresh-goblins,MONSTER_REFERENCE; RESULT_LINK,Dungeon; Monster; NPC
feretory-goblin-cure,MÖRK BORG CULT: FERETORY,41,39,The Goblin Grinder / Medickal Shoppe,Goblin Cure,Item,MISSING,P2,2,5,10,No usable application reference,no: Goblin Cure,no,n/a,The named purchasable item has an explicit price and operational benefit/risk in the source; no usable item effect exists in the installed data.,"Add a compact item reference with its exact price, effect, duration and risk; keep the vendor setting in PDF.",feretory:goblin-cure,ITEM_REFERENCE,Equipment; City
feretory-flash-powder,MÖRK BORG CULT: FERETORY,41,39,The Goblin Grinder / Medickal Shoppe,Flash Powder,Item,MISSING,P2,2,5,10,No usable application reference,no: Flash Powder,no,n/a,The named purchasable item has an explicit price and operational benefit/risk in the source; no usable item effect exists in the installed data.,"Add a compact item reference with its exact price, effect, duration and risk; keep the vendor setting in PDF.",feretory:flash-powder,ITEM_REFERENCE,Equipment; City
feretory-healing-tincture,MÖRK BORG CULT: FERETORY,41,39,The Goblin Grinder / Medickal Shoppe,Healing Tincture,Item,MISSING,P2,2,5,10,No usable application reference,no: Healing Tincture,no,n/a,The named purchasable item has an explicit price and operational benefit/risk in the source; no usable item effect exists in the installed data.,"Add a compact item reference with its exact price, effect, duration and risk; keep the vendor setting in PDF.",feretory:healing-tincture,ITEM_REFERENCE,Equipment; City
feretory-invigorating-elixir,MÖRK BORG CULT: FERETORY,41,39,The Goblin Grinder / Medickal Shoppe,Invigorating Elixir,Item,MISSING,P2,2,5,10,No usable application reference,no: Invigorating Elixir,no,n/a,The named purchasable item has an explicit price and operational benefit/risk in the source; no usable item effect exists in the installed data.,"Add a compact item reference with its exact price, effect, duration and risk; keep the vendor setting in PDF.",feretory:invigorating-elixir,ITEM_REFERENCE,Equipment; City
feretory-urvan-remedy,MÖRK BORG CULT: FERETORY,45,43,The Goblin Grinder / Basement,Urvan’s alchemical pain remedy,Item,MISSING,P2,2,4,8,No usable application reference,no: Urvan’s alchemical pain remedy,no,n/a,The healing amount and temporary Presence penalty are absent.,Add the short source effect as a scenario item reference.,feretory:urvan-remedy,ITEM_REFERENCE,Equipment; Dungeon
feretory-cannon-hazard,MÖRK BORG CULT: FERETORY,42; 44; 45,"40, 42, 43",The Goblin Grinder,"Cannon fuse, warning test and firing consequences",Rule,MISSING,P2,2,4,8,No usable application reference,"no: Cannon fuse, warning test and firing consequences",no,n/a,"The one-minute countdown, warning test, line-of-fire death and alarm consequences have no in-app quick rule.",Add a source-bound local hazard/procedure reminder; do not create a general campaign simulator.,feretory:cannon-hazard,QUICK_RULE,Dungeon
feretory-oil-fire,MÖRK BORG CULT: FERETORY,46,44,The Goblin Grinder,Oil coating and fire damage,Rule,MISSING,P2,2,4,8,No usable application reference,no: Oil coating and fire damage,no,n/a,The added flame damage and action to remove oil are absent.,Add a source-bound local hazard/procedure reminder; do not create a general campaign simulator.,feretory:oil-fire,QUICK_RULE,Dungeon
feretory-grinder-operation,MÖRK BORG CULT: FERETORY,42; 45; 47; 48,"40, 43, 45, 46",The Goblin Grinder,Goblin Grinder activation and escalation,Rule,MISSING,P2,2,4,8,No usable application reference,no: Goblin Grinder activation and escalation,no,n/a,"The per-delay creation rule, final goblin count and two-action activation requirements are absent.",Add a source-bound local hazard/procedure reminder; do not create a general campaign simulator.,feretory:grinder-operation,QUICK_RULE,Dungeon
feretory-table-lickLiquid,MÖRK BORG CULT: FERETORY,44,42,The Goblin Grinder,Lick the Liquid,Table,RESOLVED,—,2,1,2,Reference Desk → oracle:feretory.lickLiquid → ROLL / TABLE / SOURCE,yes: Lick the Liquid,no,yes,"All table outcomes, dice and relevant effect text are present; canonical reference supports rolling or intentional full-table inspection. A completed table does not imply every surrounding scenario rule is covered.",None.,feretory:table-lickLiquid,,Dungeon
feretory-table-alchemyTables,MÖRK BORG CULT: FERETORY,47,45,The Goblin Grinder,Alchemy Tables,Table,RESOLVED,—,2,1,2,Reference Desk → oracle:feretory.alchemyTables → ROLL / TABLE / SOURCE,yes: Alchemy Tables,no,yes,"All table outcomes, dice and relevant effect text are present; canonical reference supports rolling or intentional full-table inspection. A completed table does not imply every surrounding scenario rule is covered.",None.,feretory:table-alchemyTables,,Dungeon
feretory-alchemy-trigger,MÖRK BORG CULT: FERETORY,47,45,The Goblin Grinder / Laboratory,Alchemy-table trigger and ooze exception,Procedure,RESOLVED,—,2,2,4,oracle:feretory.alchemyTables → SOURCE,yes: Alchemy-table trigger and ooze exception,no,yes,Each-round d6 1–2 trigger and ooze exception are present in table sourceNote; d4 effects are complete. Manual handling is sufficient; no automatic multi-step roller is required for coverage.,None.,feretory:alchemy-trigger,,Dungeon
feretory-relic-11,MÖRK BORG CULT: FERETORY,50,48,The Tenebrous Reliquary,Mercy’s Bane,Item,PRESENT_BUT_INDIRECT,P2,3,3,9,oracle:feretory.tenebrousReliquary → TABLE → 11,indirect: Mercy’s Bane; Tenebrous Reliquary,no,yes,"Complete source item effect is retained in the canonical d66 row. Universal reference search does not index entry text, so the user must know the collection and locate the row; random generation is not retrieval.","Index the existing named source row as an item alias, opening/highlighting it without duplicating its text.",feretory:relic-11,ITEM_REFERENCE; SEARCH_ALIAS; RESULT_LINK,Equipment; Powers
feretory-relic-12,MÖRK BORG CULT: FERETORY,50,48,The Tenebrous Reliquary,Opium Hook,Item,PRESENT_BUT_INDIRECT,P2,3,3,9,oracle:feretory.tenebrousReliquary → TABLE → 12,indirect: Opium Hook; Tenebrous Reliquary,no,yes,"Complete source item effect is retained in the canonical d66 row. Universal reference search does not index entry text, so the user must know the collection and locate the row; random generation is not retrieval.","Index the existing named source row as an item alias, opening/highlighting it without duplicating its text.",feretory:relic-12,ITEM_REFERENCE; SEARCH_ALIAS; RESULT_LINK,Equipment; Powers
feretory-relic-13,MÖRK BORG CULT: FERETORY,50,48,The Tenebrous Reliquary,Plasmatic Idol,Item,PRESENT_BUT_INDIRECT,P2,3,3,9,oracle:feretory.tenebrousReliquary → TABLE → 13,indirect: Plasmatic Idol; Tenebrous Reliquary,no,yes,"Complete source item effect is retained in the canonical d66 row. Universal reference search does not index entry text, so the user must know the collection and locate the row; random generation is not retrieval.","Index the existing named source row as an item alias, opening/highlighting it without duplicating its text.",feretory:relic-13,ITEM_REFERENCE; SEARCH_ALIAS; RESULT_LINK,Equipment; Powers
feretory-relic-14,MÖRK BORG CULT: FERETORY,50,48,The Tenebrous Reliquary,Ripper’s Blade,Item,PRESENT_BUT_INDIRECT,P2,3,3,9,oracle:feretory.tenebrousReliquary → TABLE → 14,indirect: Ripper’s Blade; Tenebrous Reliquary,no,yes,"Complete source item effect is retained in the canonical d66 row. Universal reference search does not index entry text, so the user must know the collection and locate the row; random generation is not retrieval.","Index the existing named source row as an item alias, opening/highlighting it without duplicating its text.",feretory:relic-14,ITEM_REFERENCE; SEARCH_ALIAS; RESULT_LINK,Equipment; Powers
feretory-relic-15,MÖRK BORG CULT: FERETORY,50,48,The Tenebrous Reliquary,Roses of Winter,Item,PRESENT_BUT_INDIRECT,P2,3,3,9,oracle:feretory.tenebrousReliquary → TABLE → 15,indirect: Roses of Winter; Tenebrous Reliquary,no,yes,"Complete source item effect is retained in the canonical d66 row. Universal reference search does not index entry text, so the user must know the collection and locate the row; random generation is not retrieval.","Index the existing named source row as an item alias, opening/highlighting it without duplicating its text.",feretory:relic-15,ITEM_REFERENCE; SEARCH_ALIAS; RESULT_LINK,Equipment; Powers
feretory-relic-16,MÖRK BORG CULT: FERETORY,50,48,The Tenebrous Reliquary,Spine of God,Item,PRESENT_BUT_INDIRECT,P2,3,3,9,oracle:feretory.tenebrousReliquary → TABLE → 16,indirect: Spine of God; Tenebrous Reliquary,no,yes,"Complete source item effect is retained in the canonical d66 row. Universal reference search does not index entry text, so the user must know the collection and locate the row; random generation is not retrieval.","Index the existing named source row as an item alias, opening/highlighting it without duplicating its text.",feretory:relic-16,ITEM_REFERENCE; SEARCH_ALIAS; RESULT_LINK,Equipment; Powers
feretory-relic-21,MÖRK BORG CULT: FERETORY,51,49,The Tenebrous Reliquary,Snort Dagger,Item,PRESENT_BUT_INDIRECT,P2,3,3,9,oracle:feretory.tenebrousReliquary → TABLE → 21,indirect: Snort Dagger; Tenebrous Reliquary,no,yes,"Complete source item effect is retained in the canonical d66 row. Universal reference search does not index entry text, so the user must know the collection and locate the row; random generation is not retrieval.","Index the existing named source row as an item alias, opening/highlighting it without duplicating its text.",feretory:relic-21,ITEM_REFERENCE; SEARCH_ALIAS; RESULT_LINK,Equipment; Powers
feretory-relic-22,MÖRK BORG CULT: FERETORY,51,49,The Tenebrous Reliquary,Stone Magnet,Item,PRESENT_BUT_INDIRECT,P2,3,3,9,oracle:feretory.tenebrousReliquary → TABLE → 22,indirect: Stone Magnet; Tenebrous Reliquary,no,yes,"Complete source item effect is retained in the canonical d66 row. Universal reference search does not index entry text, so the user must know the collection and locate the row; random generation is not retrieval.","Index the existing named source row as an item alias, opening/highlighting it without duplicating its text.",feretory:relic-22,ITEM_REFERENCE; SEARCH_ALIAS; RESULT_LINK,Equipment; Powers
feretory-relic-23,MÖRK BORG CULT: FERETORY,51,49,The Tenebrous Reliquary,Tentacles of Zen,Item,PRESENT_BUT_INDIRECT,P2,3,3,9,oracle:feretory.tenebrousReliquary → TABLE → 23,indirect: Tentacles of Zen; Tenebrous Reliquary,no,yes,"Complete source item effect is retained in the canonical d66 row. Universal reference search does not index entry text, so the user must know the collection and locate the row; random generation is not retrieval.","Index the existing named source row as an item alias, opening/highlighting it without duplicating its text.",feretory:relic-23,ITEM_REFERENCE; SEARCH_ALIAS; RESULT_LINK,Equipment; Powers
feretory-relic-24,MÖRK BORG CULT: FERETORY,51,49,The Tenebrous Reliquary,Tyrant's Tongue,Item,PRESENT_BUT_INDIRECT,P2,3,3,9,oracle:feretory.tenebrousReliquary → TABLE → 24,indirect: Tyrant's Tongue; Tenebrous Reliquary,no,yes,"Complete source item effect is retained in the canonical d66 row. Universal reference search does not index entry text, so the user must know the collection and locate the row; random generation is not retrieval.","Index the existing named source row as an item alias, opening/highlighting it without duplicating its text.",feretory:relic-24,ITEM_REFERENCE; SEARCH_ALIAS; RESULT_LINK,Equipment; Powers
feretory-relic-25,MÖRK BORG CULT: FERETORY,51,49,The Tenebrous Reliquary,Veil of Blood,Item,PRESENT_BUT_INDIRECT,P2,3,3,9,oracle:feretory.tenebrousReliquary → TABLE → 25,indirect: Veil of Blood; Tenebrous Reliquary,no,yes,"Complete source item effect is retained in the canonical d66 row. Universal reference search does not index entry text, so the user must know the collection and locate the row; random generation is not retrieval.","Index the existing named source row as an item alias, opening/highlighting it without duplicating its text.",feretory:relic-25,ITEM_REFERENCE; SEARCH_ALIAS; RESULT_LINK,Equipment; Powers
feretory-relic-26,MÖRK BORG CULT: FERETORY,51,49,The Tenebrous Reliquary,Voodoo Fire,Item,PRESENT_BUT_INDIRECT,P2,3,3,9,oracle:feretory.tenebrousReliquary → TABLE → 26,indirect: Voodoo Fire; Tenebrous Reliquary,no,yes,"Complete source item effect is retained in the canonical d66 row. Universal reference search does not index entry text, so the user must know the collection and locate the row; random generation is not retrieval.","Index the existing named source row as an item alias, opening/highlighting it without duplicating its text.",feretory:relic-26,ITEM_REFERENCE; SEARCH_ALIAS; RESULT_LINK,Equipment; Powers
feretory-relic-31,MÖRK BORG CULT: FERETORY,52,50,The Tenebrous Reliquary,Volt Thrower,Item,PRESENT_BUT_INDIRECT,P2,3,3,9,oracle:feretory.tenebrousReliquary → TABLE → 31,indirect: Volt Thrower; Tenebrous Reliquary,no,yes,"Complete source item effect is retained in the canonical d66 row. Universal reference search does not index entry text, so the user must know the collection and locate the row; random generation is not retrieval.","Index the existing named source row as an item alias, opening/highlighting it without duplicating its text.",feretory:relic-31,ITEM_REFERENCE; SEARCH_ALIAS; RESULT_LINK,Equipment; Powers
feretory-relic-32,MÖRK BORG CULT: FERETORY,52,50,The Tenebrous Reliquary,The War Starter,Item,PRESENT_BUT_INDIRECT,P2,3,3,9,oracle:feretory.tenebrousReliquary → TABLE → 32,indirect: The War Starter; Tenebrous Reliquary,no,yes,"Complete source item effect is retained in the canonical d66 row. Universal reference search does not index entry text, so the user must know the collection and locate the row; random generation is not retrieval.","Index the existing named source row as an item alias, opening/highlighting it without duplicating its text.",feretory:relic-32,ITEM_REFERENCE; SEARCH_ALIAS; RESULT_LINK,Equipment; Powers
feretory-relic-33,MÖRK BORG CULT: FERETORY,52,50,The Tenebrous Reliquary,Zodiac Lung,Item,PRESENT_BUT_INDIRECT,P2,3,3,9,oracle:feretory.tenebrousReliquary → TABLE → 33,indirect: Zodiac Lung; Tenebrous Reliquary,no,yes,"Complete source item effect is retained in the canonical d66 row. Universal reference search does not index entry text, so the user must know the collection and locate the row; random generation is not retrieval.","Index the existing named source row as an item alias, opening/highlighting it without duplicating its text.",feretory:relic-33,ITEM_REFERENCE; SEARCH_ALIAS; RESULT_LINK,Equipment; Powers
feretory-relic-34,MÖRK BORG CULT: FERETORY,52,50,The Tenebrous Reliquary,Cup of Peace,Item,PRESENT_BUT_INDIRECT,P2,3,3,9,oracle:feretory.tenebrousReliquary → TABLE → 34,indirect: Cup of Peace; Tenebrous Reliquary,no,yes,"Complete source item effect is retained in the canonical d66 row. Universal reference search does not index entry text, so the user must know the collection and locate the row; random generation is not retrieval.","Index the existing named source row as an item alias, opening/highlighting it without duplicating its text.",feretory:relic-34,ITEM_REFERENCE; SEARCH_ALIAS; RESULT_LINK,Equipment; Powers
feretory-relic-35,MÖRK BORG CULT: FERETORY,52,50,The Tenebrous Reliquary,Dust of Paradise,Item,PRESENT_BUT_INDIRECT,P2,3,3,9,oracle:feretory.tenebrousReliquary → TABLE → 35,indirect: Dust of Paradise; Tenebrous Reliquary,no,yes,"Complete source item effect is retained in the canonical d66 row. Universal reference search does not index entry text, so the user must know the collection and locate the row; random generation is not retrieval.","Index the existing named source row as an item alias, opening/highlighting it without duplicating its text.",feretory:relic-35,ITEM_REFERENCE; SEARCH_ALIAS; RESULT_LINK,Equipment; Powers
feretory-relic-36,MÖRK BORG CULT: FERETORY,52,50,The Tenebrous Reliquary,Ebony Tears,Item,PRESENT_BUT_INDIRECT,P2,3,3,9,oracle:feretory.tenebrousReliquary → TABLE → 36,indirect: Ebony Tears; Tenebrous Reliquary,no,yes,"Complete source item effect is retained in the canonical d66 row. Universal reference search does not index entry text, so the user must know the collection and locate the row; random generation is not retrieval.","Index the existing named source row as an item alias, opening/highlighting it without duplicating its text.",feretory:relic-36,ITEM_REFERENCE; SEARCH_ALIAS; RESULT_LINK,Equipment; Powers
feretory-relic-41,MÖRK BORG CULT: FERETORY,53,51,The Tenebrous Reliquary,Eye of Horus,Item,PRESENT_BUT_INDIRECT,P2,3,3,9,oracle:feretory.tenebrousReliquary → TABLE → 41,indirect: Eye of Horus; Tenebrous Reliquary,no,yes,"Complete source item effect is retained in the canonical d66 row. Universal reference search does not index entry text, so the user must know the collection and locate the row; random generation is not retrieval.","Index the existing named source row as an item alias, opening/highlighting it without duplicating its text.",feretory:relic-41,ITEM_REFERENCE; SEARCH_ALIAS; RESULT_LINK,Equipment; Powers
feretory-relic-42,MÖRK BORG CULT: FERETORY,53,51,The Tenebrous Reliquary,Finger Paintings of the Insane,Item,PRESENT_BUT_INDIRECT,P2,3,3,9,oracle:feretory.tenebrousReliquary → TABLE → 42,indirect: Finger Paintings of the Insane; Tenebrous Reliquary,no,yes,"Complete source item effect is retained in the canonical d66 row. Universal reference search does not index entry text, so the user must know the collection and locate the row; random generation is not retrieval.","Index the existing named source row as an item alias, opening/highlighting it without duplicating its text.",feretory:relic-42,ITEM_REFERENCE; SEARCH_ALIAS; RESULT_LINK,Equipment; Powers
feretory-relic-43,MÖRK BORG CULT: FERETORY,53,51,The Tenebrous Reliquary,Flower of Disease,Item,PRESENT_BUT_INDIRECT,P2,3,3,9,oracle:feretory.tenebrousReliquary → TABLE → 43,indirect: Flower of Disease; Tenebrous Reliquary,no,yes,"Complete source item effect is retained in the canonical d66 row. Universal reference search does not index entry text, so the user must know the collection and locate the row; random generation is not retrieval.","Index the existing named source row as an item alias, opening/highlighting it without duplicating its text.",feretory:relic-43,ITEM_REFERENCE; SEARCH_ALIAS; RESULT_LINK,Equipment; Powers
feretory-relic-44,MÖRK BORG CULT: FERETORY,53,51,The Tenebrous Reliquary,Foehammer,Item,PRESENT_BUT_INDIRECT,P2,3,3,9,oracle:feretory.tenebrousReliquary → TABLE → 44,indirect: Foehammer; Tenebrous Reliquary,no,yes,"Complete source item effect is retained in the canonical d66 row. Universal reference search does not index entry text, so the user must know the collection and locate the row; random generation is not retrieval.","Index the existing named source row as an item alias, opening/highlighting it without duplicating its text.",feretory:relic-44,ITEM_REFERENCE; SEARCH_ALIAS; RESULT_LINK,Equipment; Powers
feretory-relic-45,MÖRK BORG CULT: FERETORY,53,51,The Tenebrous Reliquary,Cauldron of Lies,Item,PRESENT_BUT_INDIRECT,P2,3,3,9,oracle:feretory.tenebrousReliquary → TABLE → 45,indirect: Cauldron of Lies; Tenebrous Reliquary,no,yes,"Complete source item effect is retained in the canonical d66 row. Universal reference search does not index entry text, so the user must know the collection and locate the row; random generation is not retrieval.","Index the existing named source row as an item alias, opening/highlighting it without duplicating its text.",feretory:relic-45,ITEM_REFERENCE; SEARCH_ALIAS; RESULT_LINK,Equipment; Powers
feretory-relic-46,MÖRK BORG CULT: FERETORY,53,51,The Tenebrous Reliquary,Cursed Tongue of the Naga,Item,PRESENT_BUT_INDIRECT,P2,3,3,9,oracle:feretory.tenebrousReliquary → TABLE → 46,indirect: Cursed Tongue of the Naga; Tenebrous Reliquary,no,yes,"Complete source item effect is retained in the canonical d66 row. Universal reference search does not index entry text, so the user must know the collection and locate the row; random generation is not retrieval.","Index the existing named source row as an item alias, opening/highlighting it without duplicating its text.",feretory:relic-46,ITEM_REFERENCE; SEARCH_ALIAS; RESULT_LINK,Equipment; Powers
feretory-relic-51,MÖRK BORG CULT: FERETORY,54,52,The Tenebrous Reliquary,Chaos Blade,Item,PRESENT_BUT_INDIRECT,P2,3,3,9,oracle:feretory.tenebrousReliquary → TABLE → 51,indirect: Chaos Blade; Tenebrous Reliquary,no,yes,"Complete source item effect is retained in the canonical d66 row. Universal reference search does not index entry text, so the user must know the collection and locate the row; random generation is not retrieval.","Index the existing named source row as an item alias, opening/highlighting it without duplicating its text.",feretory:relic-51,ITEM_REFERENCE; SEARCH_ALIAS; RESULT_LINK,Equipment; Powers
feretory-relic-52,MÖRK BORG CULT: FERETORY,54,52,The Tenebrous Reliquary,Chains of Death,Item,PRESENT_BUT_INDIRECT,P2,3,3,9,oracle:feretory.tenebrousReliquary → TABLE → 52,indirect: Chains of Death; Tenebrous Reliquary,no,yes,"Complete source item effect is retained in the canonical d66 row. Universal reference search does not index entry text, so the user must know the collection and locate the row; random generation is not retrieval.","Index the existing named source row as an item alias, opening/highlighting it without duplicating its text.",feretory:relic-52,ITEM_REFERENCE; SEARCH_ALIAS; RESULT_LINK,Equipment; Powers
feretory-relic-53,MÖRK BORG CULT: FERETORY,54,52,The Tenebrous Reliquary,Claw of the Sloth,Item,PRESENT_BUT_INDIRECT,P2,3,3,9,oracle:feretory.tenebrousReliquary → TABLE → 53,indirect: Claw of the Sloth; Tenebrous Reliquary,no,yes,"Complete source item effect is retained in the canonical d66 row. Universal reference search does not index entry text, so the user must know the collection and locate the row; random generation is not retrieval.","Index the existing named source row as an item alias, opening/highlighting it without duplicating its text.",feretory:relic-53,ITEM_REFERENCE; SEARCH_ALIAS; RESULT_LINK,Equipment; Powers
feretory-relic-54,MÖRK BORG CULT: FERETORY,54,52,The Tenebrous Reliquary,Blood of the Serpents,Item,PRESENT_BUT_INDIRECT,P2,3,3,9,oracle:feretory.tenebrousReliquary → TABLE → 54,indirect: Blood of the Serpents; Tenebrous Reliquary,no,yes,"Complete source item effect is retained in the canonical d66 row. Universal reference search does not index entry text, so the user must know the collection and locate the row; random generation is not retrieval.","Index the existing named source row as an item alias, opening/highlighting it without duplicating its text.",feretory:relic-54,ITEM_REFERENCE; SEARCH_ALIAS; RESULT_LINK,Equipment; Powers
feretory-relic-55,MÖRK BORG CULT: FERETORY,54,52,The Tenebrous Reliquary,Crown of Burning Stars,Item,PRESENT_BUT_INDIRECT,P2,3,3,9,oracle:feretory.tenebrousReliquary → TABLE → 55,indirect: Crown of Burning Stars; Tenebrous Reliquary,no,yes,"Complete source item effect is retained in the canonical d66 row. Universal reference search does not index entry text, so the user must know the collection and locate the row; random generation is not retrieval.","Index the existing named source row as an item alias, opening/highlighting it without duplicating its text.",feretory:relic-55,ITEM_REFERENCE; SEARCH_ALIAS; RESULT_LINK,Equipment; Powers
feretory-relic-56,MÖRK BORG CULT: FERETORY,54,52,The Tenebrous Reliquary,Book of Oblivion,Item,PRESENT_BUT_INDIRECT,P2,3,3,9,oracle:feretory.tenebrousReliquary → TABLE → 56,indirect: Book of Oblivion; Tenebrous Reliquary,no,yes,"Complete source item effect is retained in the canonical d66 row. Universal reference search does not index entry text, so the user must know the collection and locate the row; random generation is not retrieval.","Index the existing named source row as an item alias, opening/highlighting it without duplicating its text.",feretory:relic-56,ITEM_REFERENCE; SEARCH_ALIAS; RESULT_LINK,Equipment; Powers
feretory-relic-61,MÖRK BORG CULT: FERETORY,55,53,The Tenebrous Reliquary,Antlers of Lightning,Item,PRESENT_BUT_INDIRECT,P2,3,3,9,oracle:feretory.tenebrousReliquary → TABLE → 61,indirect: Antlers of Lightning; Tenebrous Reliquary,no,yes,"Complete source item effect is retained in the canonical d66 row. Universal reference search does not index entry text, so the user must know the collection and locate the row; random generation is not retrieval.","Index the existing named source row as an item alias, opening/highlighting it without duplicating its text.",feretory:relic-61,ITEM_REFERENCE; SEARCH_ALIAS; RESULT_LINK,Equipment; Powers
feretory-relic-62,MÖRK BORG CULT: FERETORY,55,53,The Tenebrous Reliquary,Eyes and Teeth,Item,PRESENT_BUT_INDIRECT,P2,3,3,9,oracle:feretory.tenebrousReliquary → TABLE → 62,indirect: Eyes and Teeth; Tenebrous Reliquary,no,yes,"Complete source item effect is retained in the canonical d66 row. Universal reference search does not index entry text, so the user must know the collection and locate the row; random generation is not retrieval.","Index the existing named source row as an item alias, opening/highlighting it without duplicating its text.",feretory:relic-62,ITEM_REFERENCE; SEARCH_ALIAS; RESULT_LINK,Equipment; Powers
feretory-relic-63,MÖRK BORG CULT: FERETORY,55,53,The Tenebrous Reliquary,Black Candles,Item,PRESENT_BUT_INDIRECT,P2,3,3,9,oracle:feretory.tenebrousReliquary → TABLE → 63,indirect: Black Candles; Tenebrous Reliquary,no,yes,"Complete source item effect is retained in the canonical d66 row. Universal reference search does not index entry text, so the user must know the collection and locate the row; random generation is not retrieval.","Index the existing named source row as an item alias, opening/highlighting it without duplicating its text.",feretory:relic-63,ITEM_REFERENCE; SEARCH_ALIAS; RESULT_LINK,Equipment; Powers
feretory-relic-64,MÖRK BORG CULT: FERETORY,55,53,The Tenebrous Reliquary,Robe of Bones,Item,PRESENT_BUT_INDIRECT,P2,3,3,9,oracle:feretory.tenebrousReliquary → TABLE → 64,indirect: Robe of Bones; Tenebrous Reliquary,no,yes,"Complete source item effect is retained in the canonical d66 row. Universal reference search does not index entry text, so the user must know the collection and locate the row; random generation is not retrieval.","Index the existing named source row as an item alias, opening/highlighting it without duplicating its text.",feretory:relic-64,ITEM_REFERENCE; SEARCH_ALIAS; RESULT_LINK,Equipment; Powers
feretory-relic-65,MÖRK BORG CULT: FERETORY,55,53,The Tenebrous Reliquary,Ash of the Mind,Item,PRESENT_BUT_INDIRECT,P2,3,3,9,oracle:feretory.tenebrousReliquary → TABLE → 65,indirect: Ash of the Mind; Tenebrous Reliquary,no,yes,"Complete source item effect is retained in the canonical d66 row. Universal reference search does not index entry text, so the user must know the collection and locate the row; random generation is not retrieval.","Index the existing named source row as an item alias, opening/highlighting it without duplicating its text.",feretory:relic-65,ITEM_REFERENCE; SEARCH_ALIAS; RESULT_LINK,Equipment; Powers
feretory-relic-66,MÖRK BORG CULT: FERETORY,55,53,The Tenebrous Reliquary,Bowels of a Baby Killer,Item,PRESENT_BUT_INDIRECT,P2,3,3,9,oracle:feretory.tenebrousReliquary → TABLE → 66,indirect: Bowels of a Baby Killer; Tenebrous Reliquary,no,yes,"Complete source item effect is retained in the canonical d66 row. Universal reference search does not index entry text, so the user must know the collection and locate the row; random generation is not retrieval.","Index the existing named source row as an item alias, opening/highlighting it without duplicating its text.",feretory:relic-66,ITEM_REFERENCE; SEARCH_ALIAS; RESULT_LINK,Equipment; Powers
feretory-table-selectMenu,MÖRK BORG CULT: FERETORY,56,54,Grey Galth Inn,Would You Prefer the Select Menu? (4s),Table,RESOLVED,—,2,1,2,Reference Desk → oracle:feretory.selectMenu → ROLL / TABLE / SOURCE,yes: Would You Prefer the Select Menu? (4s),yes,yes,"All table outcomes, dice and relevant effect text are present; canonical reference supports rolling or intentional full-table inspection. A completed table does not imply every surrounding scenario rule is covered.",None.,feretory:table-selectMenu,,City; NPC
feretory-table-cheapMenu,MÖRK BORG CULT: FERETORY,56,54,Grey Galth Inn,"Ah, I See, You Lack Funds. (2s)",Table,RESOLVED,—,2,1,2,Reference Desk → oracle:feretory.cheapMenu → ROLL / TABLE / SOURCE,"yes: Ah, I See, You Lack Funds. (2s)",yes,yes,"All table outcomes, dice and relevant effect text are present; canonical reference supports rolling or intentional full-table inspection. A completed table does not imply every surrounding scenario rule is covered.",None.,feretory:table-cheapMenu,,City; NPC
feretory-table-innkeeperTwitch,MÖRK BORG CULT: FERETORY,56,54,Grey Galth Inn,Why Is the Innkeeper Twitching?,Table,RESOLVED,—,2,1,2,Reference Desk → oracle:feretory.innkeeperTwitch → ROLL / TABLE / SOURCE,yes: Why Is the Innkeeper Twitching?,yes,yes,"All table outcomes, dice and relevant effect text are present; canonical reference supports rolling or intentional full-table inspection. A completed table does not imply every surrounding scenario rule is covered.",None.,feretory:table-innkeeperTwitch,,City; NPC
feretory-table-patronTraits,MÖRK BORG CULT: FERETORY,56,54,Grey Galth Inn,Patron Traits,Table,RESOLVED,—,2,1,2,Reference Desk → oracle:feretory.patronTraits → ROLL / TABLE / SOURCE,yes: Patron Traits,yes,yes,"All table outcomes, dice and relevant effect text are present; canonical reference supports rolling or intentional full-table inspection. A completed table does not imply every surrounding scenario rule is covered.",None.,feretory:table-patronTraits,,City; NPC
feretory-table-moreLostSouls,MÖRK BORG CULT: FERETORY,57,55,Grey Galth Inn,Even More Lost Souls,Table,RESOLVED,—,2,1,2,Reference Desk → oracle:feretory.moreLostSouls → ROLL / TABLE / SOURCE,yes: Even More Lost Souls,yes,yes,"All table outcomes, dice and relevant effect text are present; canonical reference supports rolling or intentional full-table inspection. A completed table does not imply every surrounding scenario rule is covered.",None.,feretory:table-moreLostSouls,,City; NPC
feretory-three-dead-skulls,MÖRK BORG CULT: FERETORY,57,55,Grey Galth Inn,Three Dead Skulls complete betting/payout rules,Procedure,PARTIAL,P2,3,5,15,rule:feretory.three-dead-skulls,indirect: Three Dead Skulls; gambling,yes,n/a,"Current quick reference explicitly stops short of payouts, coward reroll, cheating/fight/death consequences and prizes, directing the user to printed55. A basic 3d6 button is not a playable gambling procedure.",Add the compact printed combination/payout matrix and complete side conditions as a static rule. Automation is optional and must follow verified die pictures.,feretory:three-dead-skulls,QUICK_RULE; TABLE_INDEX,City
feretory-gambling-dreg,MÖRK BORG CULT: FERETORY,57,55,Grey Galth Inn,Gambling Dreg,Creature,MISSING,P2,2,5,10,No usable application reference,no: Gambling Dreg,no,n/a,"Full source stat block and, for the rat, lethal bite/feed/abandonment mechanics are absent. The inn reference is not a stat reference.",Add the named inn creature and link it from the gambling rule.,feretory:gambling-dreg,MONSTER_REFERENCE; RESULT_LINK,City; Monster
feretory-hardy-tame-rat,MÖRK BORG CULT: FERETORY,57,55,Grey Galth Inn,Hardy Tame Rat,Creature,MISSING,P2,2,5,10,No usable application reference,no: Hardy Tame Rat,no,n/a,"Full source stat block and, for the rat, lethal bite/feed/abandonment mechanics are absent. The inn reference is not a stat reference.",Add the named inn creature and link it from the gambling rule.,feretory:hardy-tame-rat,MONSTER_REFERENCE; RESULT_LINK,City; Monster
feretory-class-cursed-skinwalker,MÖRK BORG CULT: FERETORY,58,56,Supplement character class,Cursed Skinwalker,Class,PRESENT_BUT_INDIRECT,P2,3,3,9,Characters → New → class selection → generated sheet → 직업 능력,indirect: Cursed Skinwalker,partial,yes,"Source creation formulas, permitted equipment, class rules and complete feature results exist in the class manifest/canonical tables and generated Character sheet. Universal lookup returns fragment tables, not a complete class reference; viewing an unchosen class requires generation/selection context.",Expose a read-only class reference from the existing manifest with links to all features; retain the normal Character generator.,feretory:class-cursed-skinwalker,CLASS_REFERENCE; SEARCH_ALIAS,Character
feretory-class-pale-one,MÖRK BORG CULT: FERETORY,60,58,Supplement character class,Pale One,Class,PRESENT_BUT_INDIRECT,P2,3,3,9,Characters → New → class selection → generated sheet → 직업 능력,indirect: Pale One,partial,yes,"Source creation formulas, permitted equipment, class rules and complete feature results exist in the class manifest/canonical tables and generated Character sheet. Universal lookup returns fragment tables, not a complete class reference; viewing an unchosen class requires generation/selection context.",Expose a read-only class reference from the existing manifest with links to all features; retain the normal Character generator.,feretory:class-pale-one,CLASS_REFERENCE; SEARCH_ALIAS,Character
feretory-class-dead-gods-prophet,MÖRK BORG CULT: FERETORY,62,60,Supplement character class,Dead God’s Prophet,Class,PRESENT_BUT_INDIRECT,P2,3,3,9,Characters → New → class selection → generated sheet → 직업 능력,indirect: Dead God’s Prophet,partial,yes,"Source creation formulas, permitted equipment, class rules and complete feature results exist in the class manifest/canonical tables and generated Character sheet. Universal lookup returns fragment tables, not a complete class reference; viewing an unchosen class requires generation/selection context.",Expose a read-only class reference from the existing manifest with links to all features; retain the normal Character generator.,feretory:class-dead-gods-prophet,CLASS_REFERENCE; SEARCH_ALIAS,Character
feretory-class-forlorn-philosopher,MÖRK BORG CULT: FERETORY,64; 65; 66,"62, 63, fold",Supplement character class,Forlorn Philosopher,Class,PRESENT_BUT_INDIRECT,P2,3,3,9,Characters → New → class selection → generated sheet → 직업 능력,indirect: Forlorn Philosopher,partial,yes,"Source creation formulas, permitted equipment, class rules and complete feature results exist in the class manifest/canonical tables and generated Character sheet. Universal lookup returns fragment tables, not a complete class reference; viewing an unchosen class requires generation/selection context.",Expose a read-only class reference from the existing manifest with links to all features; retain the normal Character generator.,feretory:class-forlorn-philosopher,CLASS_REFERENCE; SEARCH_ALIAS,Character
heretic-class-sacrilegious-songbird,MÖRK BORG CULT: HERETIC,12,10,Supplement character class,Sacrilegious Songbird,Class,PRESENT_BUT_INDIRECT,P2,3,3,9,Characters → New → class selection → generated sheet → 직업 능력,indirect: Sacrilegious Songbird,partial,yes,"Source creation formulas, permitted equipment, class rules and complete feature results exist in the class manifest/canonical tables and generated Character sheet. Universal lookup returns fragment tables, not a complete class reference; viewing an unchosen class requires generation/selection context.",Expose a read-only class reference from the existing manifest with links to all features; retain the normal Character generator.,heretic:class-sacrilegious-songbird,CLASS_REFERENCE; SEARCH_ALIAS,Character
heretic-class-shedding-vicar,MÖRK BORG CULT: HERETIC,14,12,Supplement character class,Shedding Vicar,Class,PRESENT_BUT_INDIRECT,P2,3,3,9,Characters → New → class selection → generated sheet → 직업 능력,indirect: Shedding Vicar,partial,yes,"Source creation formulas, permitted equipment, class rules and complete feature results exist in the class manifest/canonical tables and generated Character sheet. Universal lookup returns fragment tables, not a complete class reference; viewing an unchosen class requires generation/selection context.",Expose a read-only class reference from the existing manifest with links to all features; retain the normal Character generator.,heretic:class-shedding-vicar,CLASS_REFERENCE; SEARCH_ALIAS,Character
feretory-table-skinwalkerFirstDied,MÖRK BORG CULT: FERETORY,58,56,Supplement class tables,Cursed Skinwalker — First Died,Table,RESOLVED,—,2,1,2,Reference Desk → oracle:feretory.skinwalkerFirstDied → ROLL / TABLE / SOURCE,yes: Cursed Skinwalker — First Died,yes,yes,"All table outcomes, dice and relevant effect text are present; canonical reference supports rolling or intentional full-table inspection. A completed table does not imply every surrounding scenario rule is covered.",None.,feretory:table-skinwalkerFirstDied,,Character
feretory-table-skinwalkerShapes,MÖRK BORG CULT: FERETORY,58,56,Supplement class tables,Cursed Skinwalker — Creature Shapes,Table,RESOLVED,—,2,1,2,Reference Desk → oracle:feretory.skinwalkerShapes → ROLL / TABLE / SOURCE,yes: Cursed Skinwalker — Creature Shapes,yes,yes,"All table outcomes, dice and relevant effect text are present; canonical reference supports rolling or intentional full-table inspection. A completed table does not imply every surrounding scenario rule is covered.",None.,feretory:table-skinwalkerShapes,,Character
feretory-table-paleOneOrigins,MÖRK BORG CULT: FERETORY,60,58,Supplement class tables,Pale One — Unspoken Origins,Table,RESOLVED,—,2,1,2,Reference Desk → oracle:feretory.paleOneOrigins → ROLL / TABLE / SOURCE,yes: Pale One — Unspoken Origins,yes,yes,"All table outcomes, dice and relevant effect text are present; canonical reference supports rolling or intentional full-table inspection. A completed table does not imply every surrounding scenario rule is covered.",None.,feretory:table-paleOneOrigins,,Character
feretory-table-paleOneBlessings,MÖRK BORG CULT: FERETORY,60,58,Supplement class tables,Pale One Blessings,Table,RESOLVED,—,2,1,2,Reference Desk → oracle:feretory.paleOneBlessings → ROLL / TABLE / SOURCE,yes: Pale One Blessings,yes,yes,"All table outcomes, dice and relevant effect text are present; canonical reference supports rolling or intentional full-table inspection. A completed table does not imply every surrounding scenario rule is covered.",None.,feretory:table-paleOneBlessings,,Character
feretory-table-deadGodGifts,MÖRK BORG CULT: FERETORY,62,60,Supplement class tables,Dead God’s Prophet — Two Gifts,Table,RESOLVED,—,2,1,2,Reference Desk → oracle:feretory.deadGodGifts → ROLL / TABLE / SOURCE,yes: Dead God’s Prophet — Two Gifts,yes,yes,"All table outcomes, dice and relevant effect text are present; canonical reference supports rolling or intentional full-table inspection. A completed table does not imply every surrounding scenario rule is covered.",None.,feretory:table-deadGodGifts,,Character
feretory-table-philosopherDejection,MÖRK BORG CULT: FERETORY,64,62,Supplement class tables,Forlorn Philosopher — The Roots of Your Dejection?,Table,RESOLVED,—,2,1,2,Reference Desk → oracle:feretory.philosopherDejection → ROLL / TABLE / SOURCE,yes: Forlorn Philosopher — The Roots of Your Dejection?,yes,yes,"All table outcomes, dice and relevant effect text are present; canonical reference supports rolling or intentional full-table inspection. A completed table does not imply every surrounding scenario rule is covered.",None.,feretory:table-philosopherDejection,,Character
feretory-table-philosopherRoots,MÖRK BORG CULT: FERETORY,65,Unnumbered fold / cover,Supplement class tables,The Dejection of Your Roots,Table,RESOLVED,—,2,1,2,Reference Desk → oracle:feretory.philosopherRoots → ROLL / TABLE / SOURCE,yes: The Dejection of Your Roots,yes,yes,"All table outcomes, dice and relevant effect text are present; canonical reference supports rolling or intentional full-table inspection. A completed table does not imply every surrounding scenario rule is covered.",None.,feretory:table-philosopherRoots,,Character
feretory-table-philosopherItem,MÖRK BORG CULT: FERETORY,64,62,Supplement class tables,Forlorn Philosopher — You Begin With One,Table,RESOLVED,—,2,1,2,Reference Desk → oracle:feretory.philosopherItem → ROLL / TABLE / SOURCE,yes: Forlorn Philosopher — You Begin With One,yes,yes,"All table outcomes, dice and relevant effect text are present; canonical reference supports rolling or intentional full-table inspection. A completed table does not imply every surrounding scenario rule is covered.",None.,feretory:table-philosopherItem,,Character
feretory-pale-one-name-three-independent-d20-columns,MÖRK BORG CULT: FERETORY,60,58,Supplement class names,Pale One name: three independent d20 columns,Procedure,RESOLVED,—,2,1,2,Characters → class generation; Reference → component tables,yes: Pale One name: three independent d20 columns,yes,yes,The printed multi-column name process is retained in class generation and the canonical component tables; it does not sum three dice into one index.,None.,feretory:pale-one-name-three-independent-d20-columns,,Character
feretory-dead-god-name-three-independent-d10-columns,MÖRK BORG CULT: FERETORY,62,60,Supplement class names,Dead god name: three independent d10 columns,Procedure,RESOLVED,—,2,1,2,Characters → class generation; Reference → component tables,yes: Dead god name: three independent d10 columns,yes,yes,The printed multi-column name process is retained in class generation and the canonical component tables; it does not sum three dice into one index.,None.,feretory:dead-god-name-three-independent-d10-columns,,Character
feretory-ochre-1,MÖRK BORG CULT: FERETORY,66,Inside back cover; no printed page number visible,The Tablets of Ochre Obscurity,Dream Theory,Power,PRESENT_BUT_INDIRECT,P2,3,3,9,oracle:feretory.ochreTablets → TABLE → 1,indirect: Dream Theory; Ochre Tablets,no,yes,"Full individual effect exists in reference-only canonical table, including numerical effects and exceptions; no direct named Power result exists in search.",Index each canonical named tablet entry; retain manual selection because this page supplies no general die expression.,feretory:ochre-1,POWER_REFERENCE; SEARCH_ALIAS,Character; Equipment; Powers
feretory-ochre-2,MÖRK BORG CULT: FERETORY,66,Inside back cover; no printed page number visible,The Tablets of Ochre Obscurity,Total Matter Comprehension,Power,PRESENT_BUT_INDIRECT,P2,3,3,9,oracle:feretory.ochreTablets → TABLE → 2,indirect: Total Matter Comprehension; Ochre Tablets,no,yes,"Full individual effect exists in reference-only canonical table, including numerical effects and exceptions; no direct named Power result exists in search.",Index each canonical named tablet entry; retain manual selection because this page supplies no general die expression.,feretory:ochre-2,POWER_REFERENCE; SEARCH_ALIAS,Character; Equipment; Powers
feretory-ochre-3,MÖRK BORG CULT: FERETORY,66,Inside back cover; no printed page number visible,The Tablets of Ochre Obscurity,Ping the Shared Subconscious,Power,PRESENT_BUT_INDIRECT,P2,3,3,9,oracle:feretory.ochreTablets → TABLE → 3,indirect: Ping the Shared Subconscious; Ochre Tablets,no,yes,"Full individual effect exists in reference-only canonical table, including numerical effects and exceptions; no direct named Power result exists in search.",Index each canonical named tablet entry; retain manual selection because this page supplies no general die expression.,feretory:ochre-3,POWER_REFERENCE; SEARCH_ALIAS,Character; Equipment; Powers
feretory-ochre-4,MÖRK BORG CULT: FERETORY,66,Inside back cover; no printed page number visible,The Tablets of Ochre Obscurity,Logical Prognostication,Power,PRESENT_BUT_INDIRECT,P2,3,3,9,oracle:feretory.ochreTablets → TABLE → 4,indirect: Logical Prognostication; Ochre Tablets,no,yes,"Full individual effect exists in reference-only canonical table, including numerical effects and exceptions; no direct named Power result exists in search.",Index each canonical named tablet entry; retain manual selection because this page supplies no general die expression.,feretory:ochre-4,POWER_REFERENCE; SEARCH_ALIAS,Character; Equipment; Powers
feretory-ochre-5,MÖRK BORG CULT: FERETORY,66,Inside back cover; no printed page number visible,The Tablets of Ochre Obscurity,Carno-Organic Speleophagy,Power,PRESENT_BUT_INDIRECT,P2,3,3,9,oracle:feretory.ochreTablets → TABLE → 5,indirect: Carno-Organic Speleophagy; Ochre Tablets,no,yes,"Full individual effect exists in reference-only canonical table, including numerical effects and exceptions; no direct named Power result exists in search.",Index each canonical named tablet entry; retain manual selection because this page supplies no general die expression.,feretory:ochre-5,POWER_REFERENCE; SEARCH_ALIAS,Character; Equipment; Powers
feretory-ochre-6,MÖRK BORG CULT: FERETORY,66,Inside back cover; no printed page number visible,The Tablets of Ochre Obscurity,Time-Locked Pneumotoxin,Power,PRESENT_BUT_INDIRECT,P2,3,3,9,oracle:feretory.ochreTablets → TABLE → 6,indirect: Time-Locked Pneumotoxin; Ochre Tablets,no,yes,"Full individual effect exists in reference-only canonical table, including numerical effects and exceptions; no direct named Power result exists in search.",Index each canonical named tablet entry; retain manual selection because this page supplies no general die expression.,feretory:ochre-6,POWER_REFERENCE; SEARCH_ALIAS,Character; Equipment; Powers
feretory-ochre-7,MÖRK BORG CULT: FERETORY,66,Inside back cover; no printed page number visible,The Tablets of Ochre Obscurity,Induced Irrelevance,Power,PRESENT_BUT_INDIRECT,P2,3,3,9,oracle:feretory.ochreTablets → TABLE → 7,indirect: Induced Irrelevance; Ochre Tablets,no,yes,"Full individual effect exists in reference-only canonical table, including numerical effects and exceptions; no direct named Power result exists in search.",Index each canonical named tablet entry; retain manual selection because this page supplies no general die expression.,feretory:ochre-7,POWER_REFERENCE; SEARCH_ALIAS,Character; Equipment; Powers
feretory-ochre-8,MÖRK BORG CULT: FERETORY,66,Inside back cover; no printed page number visible,The Tablets of Ochre Obscurity,Structural Cryo-condensation (Freezing Moon),Power,PRESENT_BUT_INDIRECT,P2,3,3,9,oracle:feretory.ochreTablets → TABLE → 8,indirect: Structural Cryo-condensation (Freezing Moon); Ochre Tablets,no,yes,"Full individual effect exists in reference-only canonical table, including numerical effects and exceptions; no direct named Power result exists in search.",Index each canonical named tablet entry; retain manual selection because this page supplies no general die expression.,feretory:ochre-8,POWER_REFERENCE; SEARCH_ALIAS,Character; Equipment; Powers
feretory-ochre-9,MÖRK BORG CULT: FERETORY,66,Inside back cover; no printed page number visible,The Tablets of Ochre Obscurity,Meta-Alchemy,Power,PRESENT_BUT_INDIRECT,P2,3,3,9,oracle:feretory.ochreTablets → TABLE → 9,indirect: Meta-Alchemy; Ochre Tablets,no,yes,"Full individual effect exists in reference-only canonical table, including numerical effects and exceptions; no direct named Power result exists in search.",Index each canonical named tablet entry; retain manual selection because this page supplies no general die expression.,feretory:ochre-9,POWER_REFERENCE; SEARCH_ALIAS,Character; Equipment; Powers
feretory-ochre-10,MÖRK BORG CULT: FERETORY,66,Inside back cover; no printed page number visible,The Tablets of Ochre Obscurity,Memetic Cognitive Palpitation,Power,PRESENT_BUT_INDIRECT,P2,3,3,9,oracle:feretory.ochreTablets → TABLE → 10,indirect: Memetic Cognitive Palpitation; Ochre Tablets,no,yes,"Full individual effect exists in reference-only canonical table, including numerical effects and exceptions; no direct named Power result exists in search.",Index each canonical named tablet entry; retain manual selection because this page supplies no general die expression.,feretory:ochre-10,POWER_REFERENCE; SEARCH_ALIAS,Character; Equipment; Powers
feretory-ochre-usage,MÖRK BORG CULT: FERETORY,66,Inside back cover; no printed page number visible,The Tablets of Ochre Obscurity,"Tablet price, carrying, breakage, use eligibility and casting",Rule,PARTIAL,P2,4,4,16,oracle:feretory.ochreTablets / Character class rules (incomplete),indirect: Ochre Tablets; tablet casting,no,yes,"General tablet rules are absent from the table reference. A generated Philosopher playerRules result includes size/breakage/scroll-use only; the price and Presence+3-or-Philosopher restriction reside in internal class rules, not a general usable reference.",Add one shared usage rule and link it from each tablet and Philosopher; do not replace the English effect with a summary.,feretory:ochre-usage,QUICK_RULE; POWER_REFERENCE; RESULT_LINK,Character; Powers; Equipment
feretory-table-blackSaltWindIntensity,MÖRK BORG CULT: FERETORY,68,Unnumbered fold / cover,The Black Salt,The Black Salt Wind — Wind Strength,Table,RESOLVED,—,2,1,2,Reference Desk → oracle:feretory.blackSaltWindIntensity → ROLL / TABLE / SOURCE,yes: The Black Salt Wind — Wind Strength,no,yes,"All table outcomes, dice and relevant effect text are present; canonical reference supports rolling or intentional full-table inspection. A completed table does not imply every surrounding scenario rule is covered.",None.,feretory:table-blackSaltWindIntensity,,Travel; Dungeon
feretory-table-saltSuffering,MÖRK BORG CULT: FERETORY,68,Unnumbered fold / cover,The Black Salt,The Salt-Suffering — Consequences of a Failed Test,Table,RESOLVED,—,2,1,2,Reference Desk → oracle:feretory.saltSuffering → ROLL / TABLE / SOURCE,yes: The Salt-Suffering — Consequences of a Failed Test,no,yes,"All table outcomes, dice and relevant effect text are present; canonical reference supports rolling or intentional full-table inspection. A completed table does not imply every surrounding scenario rule is covered.",None.,feretory:table-saltSuffering,,Travel; Dungeon
feretory-black-salt-chain,MÖRK BORG CULT: FERETORY,68,Back cover,The Black Salt,Wind → Toughness → failed-test suffering,Procedure,PRESENT_BUT_INDIRECT,P2,2,3,6,oracle:feretory.blackSaltWindIntensity → SOURCE; search Salt-Suffering,indirect: Black Salt; Salt-Suffering,no,yes,"All wind DRs and suffering results, including result11 follow-up, are present. They are independent references without direct wind-to-consequence linkage; sourceNote supplies the trigger.",Add related canonical links in both directions and a small optional procedure reminder; keep the Toughness decision manual.,feretory:black-salt-chain,RESULT_LINK; CONTEXT_LINK,Travel; Dungeon
heretic-table-cultName0,MÖRK BORG CULT: HERETIC,2,Unnumbered fold / cover,Seeds of a Cvlt,Seeds of a Cvlt — Its Name: First Column,Table,RESOLVED,—,2,1,2,Reference Desk → oracle:heretic.cultName0 → ROLL / TABLE / SOURCE,yes: Seeds of a Cvlt — Its Name: First Column,no,yes,"All table outcomes, dice and relevant effect text are present; canonical reference supports rolling or intentional full-table inspection. A completed table does not imply every surrounding scenario rule is covered.",None.,heretic:table-cultName0,,NPC; Dungeon
heretic-table-cultName1,MÖRK BORG CULT: HERETIC,2,Unnumbered fold / cover,Seeds of a Cvlt,Seeds of a Cvlt — Its Name: Second Column,Table,RESOLVED,—,2,1,2,Reference Desk → oracle:heretic.cultName1 → ROLL / TABLE / SOURCE,yes: Seeds of a Cvlt — Its Name: Second Column,no,yes,"All table outcomes, dice and relevant effect text are present; canonical reference supports rolling or intentional full-table inspection. A completed table does not imply every surrounding scenario rule is covered.",None.,heretic:table-cultName1,,NPC; Dungeon
heretic-table-cultKeyMember0,MÖRK BORG CULT: HERETIC,2,Unnumbered fold / cover,Seeds of a Cvlt,Seeds of a Cvlt — Key Member: First Column,Table,RESOLVED,—,2,1,2,Reference Desk → oracle:heretic.cultKeyMember0 → ROLL / TABLE / SOURCE,yes: Seeds of a Cvlt — Key Member: First Column,no,yes,"All table outcomes, dice and relevant effect text are present; canonical reference supports rolling or intentional full-table inspection. A completed table does not imply every surrounding scenario rule is covered.",None.,heretic:table-cultKeyMember0,,NPC; Dungeon
heretic-table-cultKeyMember1,MÖRK BORG CULT: HERETIC,2,Unnumbered fold / cover,Seeds of a Cvlt,Seeds of a Cvlt — Key Member: Second Column,Table,RESOLVED,—,2,1,2,Reference Desk → oracle:heretic.cultKeyMember1 → ROLL / TABLE / SOURCE,yes: Seeds of a Cvlt — Key Member: Second Column,no,yes,"All table outcomes, dice and relevant effect text are present; canonical reference supports rolling or intentional full-table inspection. A completed table does not imply every surrounding scenario rule is covered.",None.,heretic:table-cultKeyMember1,,NPC; Dungeon
heretic-table-cultKeyMember2,MÖRK BORG CULT: HERETIC,2,Unnumbered fold / cover,Seeds of a Cvlt,Seeds of a Cvlt — Key Member: Third Column,Table,RESOLVED,—,2,1,2,Reference Desk → oracle:heretic.cultKeyMember2 → ROLL / TABLE / SOURCE,yes: Seeds of a Cvlt — Key Member: Third Column,no,yes,"All table outcomes, dice and relevant effect text are present; canonical reference supports rolling or intentional full-table inspection. A completed table does not imply every surrounding scenario rule is covered.",None.,heretic:table-cultKeyMember2,,NPC; Dungeon
heretic-table-cultStatus,MÖRK BORG CULT: HERETIC,2,Unnumbered fold / cover,Seeds of a Cvlt,Seeds of a Cvlt — The Cult Is…,Table,RESOLVED,—,2,1,2,Reference Desk → oracle:heretic.cultStatus → ROLL / TABLE / SOURCE,yes: Seeds of a Cvlt — The Cult Is…,no,yes,"All table outcomes, dice and relevant effect text are present; canonical reference supports rolling or intentional full-table inspection. A completed table does not imply every surrounding scenario rule is covered.",None.,heretic:table-cultStatus,,NPC; Dungeon
heretic-table-cultHeadquarters,MÖRK BORG CULT: HERETIC,2,Unnumbered fold / cover,Seeds of a Cvlt,Seeds of a Cvlt — Headquarters,Table,RESOLVED,—,2,1,2,Reference Desk → oracle:heretic.cultHeadquarters → ROLL / TABLE / SOURCE,yes: Seeds of a Cvlt — Headquarters,no,yes,"All table outcomes, dice and relevant effect text are present; canonical reference supports rolling or intentional full-table inspection. A completed table does not imply every surrounding scenario rule is covered.",None.,heretic:table-cultHeadquarters,,NPC; Dungeon
heretic-table-cultDoctrine,MÖRK BORG CULT: HERETIC,3,Unnumbered fold / cover,Seeds of a Cvlt,"Seeds of a Cvlt — In Order to Reach the Shimmering Fields, One Must…",Table,RESOLVED,—,2,1,2,Reference Desk → oracle:heretic.cultDoctrine → ROLL / TABLE / SOURCE,"yes: Seeds of a Cvlt — In Order to Reach the Shimmering Fields, One Must…",no,yes,"All table outcomes, dice and relevant effect text are present; canonical reference supports rolling or intentional full-table inspection. A completed table does not imply every surrounding scenario rule is covered.",None.,heretic:table-cultDoctrine,,NPC; Dungeon
heretic-table-cultHates,MÖRK BORG CULT: HERETIC,3,Unnumbered fold / cover,Seeds of a Cvlt,Seeds of a Cvlt — They Truly Hate…,Table,RESOLVED,—,2,1,2,Reference Desk → oracle:heretic.cultHates → ROLL / TABLE / SOURCE,yes: Seeds of a Cvlt — They Truly Hate…,no,yes,"All table outcomes, dice and relevant effect text are present; canonical reference supports rolling or intentional full-table inspection. A completed table does not imply every surrounding scenario rule is covered.",None.,heretic:table-cultHates,,NPC; Dungeon
heretic-cult-column-procedure,MÖRK BORG CULT: HERETIC,2; 3,"First fold, unnumbered",Seeds of a Cvlt,Two-column name and three-column member procedure,Procedure,PRESENT_BUT_INDIRECT,P2,2,3,6,Reference → individual cult tables,indirect: Two-column name and three-column member procedure,no,yes,All source columns are canonical tables but there is no grouped Seeds of a Cvlt reference procedure to preserve the printed independent-column selections in one inspection.,Add a compact grouped source reference linking the existing columns; no faction management feature is needed.,heretic:cult-column-procedure,PROCEDURE; CONTEXT_LINK,NPC; Dungeon
heretic-table-unheroicFeats,MÖRK BORG CULT: HERETIC,6; 7; 8; 9; 10; 11,4,Unheroic Feats,Unheroic Feats,Table,RESOLVED,—,2,1,2,Reference Desk → oracle:heretic.unheroicFeats → ROLL / TABLE / SOURCE,yes: Unheroic Feats,no,yes,"All table outcomes, dice and relevant effect text are present; canonical reference supports rolling or intentional full-table inspection. A completed table does not imply every surrounding scenario rule is covered.",None.,heretic:table-unheroicFeats,,Character; Combat
heretic-feat-eligibility,MÖRK BORG CULT: HERETIC,6,4,Unheroic Feats,Optional advancement and feat acquisition,Rule,RESOLVED,—,3,1,3,rule:heretic.feat-eligibility,yes: Optional advancement and feat acquisition,yes,yes,"Classless eligibility, maximum three and GM choice/random/narrative options are present as a concise rule linked to the complete feat table.",None.,heretic:feat-eligibility,,Character
heretic-feat-named-lookup,MÖRK BORG CULT: HERETIC,6; 7; 8; 9; 10; 11,"4, 5, 6, 7, 8, 9",Unheroic Feats,Retrieve a particular feat by its printed name,Aid,PRESENT_BUT_INDIRECT,P2,3,3,9,oracle:heretic.unheroicFeats → TABLE,indirect: Party Chef; Outback Survivalist; Bloodied Knuckles,no,yes,"All36 feat effects are complete table rows, but exact feat names such as Party Chef/Outback Survivalist are not indexed; user must know Unheroic Feats and scan the table.",Add aliases opening/highlighting existing feat rows; no automatic advancement system required.,heretic:feat-named-lookup,SEARCH_ALIAS; RESULT_LINK,Character; Travel; Combat
heretic-table-songbird-deal,MÖRK BORG CULT: HERETIC,12,10,Supplement class tables,Sacrilegious Songbird — A Deal Was Struck,Table,RESOLVED,—,2,1,2,Reference Desk → oracle:heretic.songbird.deal → ROLL / TABLE / SOURCE,yes: Sacrilegious Songbird — A Deal Was Struck,yes,yes,"All table outcomes, dice and relevant effect text are present; canonical reference supports rolling or intentional full-table inspection. A completed table does not imply every surrounding scenario rule is covered.",None.,heretic:table-songbird-deal,,Character
heretic-table-songbird-instruments,MÖRK BORG CULT: HERETIC,12,10,Supplement class tables,Sacrilegious Songbird — Accursed Instruments,Table,RESOLVED,—,2,1,2,Reference Desk → oracle:heretic.songbird.instruments → ROLL / TABLE / SOURCE,yes: Sacrilegious Songbird — Accursed Instruments,yes,yes,"All table outcomes, dice and relevant effect text are present; canonical reference supports rolling or intentional full-table inspection. A completed table does not imply every surrounding scenario rule is covered.",None.,heretic:table-songbird-instruments,,Character
heretic-table-songbird-spinalHusk,MÖRK BORG CULT: HERETIC,12,10,Supplement class tables,Spinal Husk — Drum Effect,Table,RESOLVED,—,2,1,2,Reference Desk → oracle:heretic.songbird.spinalHusk → ROLL / TABLE / SOURCE,yes: Spinal Husk — Drum Effect,yes,yes,"All table outcomes, dice and relevant effect text are present; canonical reference supports rolling or intentional full-table inspection. A completed table does not imply every surrounding scenario rule is covered.",None.,heretic:table-songbird-spinalHusk,,Character
heretic-table-vicar-firstPeel-who,MÖRK BORG CULT: HERETIC,14,12,Supplement class tables,Shedding Vicar — Your First Peel: Who?,Table,RESOLVED,—,2,1,2,Reference Desk → oracle:heretic.vicar.firstPeel.who → ROLL / TABLE / SOURCE,yes: Shedding Vicar — Your First Peel: Who?,yes,yes,"All table outcomes, dice and relevant effect text are present; canonical reference supports rolling or intentional full-table inspection. A completed table does not imply every surrounding scenario rule is covered.",None.,heretic:table-vicar-firstPeel-who,,Character
heretic-table-vicar-firstPeel-what,MÖRK BORG CULT: HERETIC,14,12,Supplement class tables,Shedding Vicar — Your First Peel: What and Why?,Table,RESOLVED,—,2,1,2,Reference Desk → oracle:heretic.vicar.firstPeel.what → ROLL / TABLE / SOURCE,yes: Shedding Vicar — Your First Peel: What and Why?,yes,yes,"All table outcomes, dice and relevant effect text are present; canonical reference supports rolling or intentional full-table inspection. A completed table does not imply every surrounding scenario rule is covered.",None.,heretic:table-vicar-firstPeel-what,,Character
heretic-table-vicar-blessings,MÖRK BORG CULT: HERETIC,14,12,Supplement class tables,Shedding Vicar — Blessings,Table,RESOLVED,—,2,1,2,Reference Desk → oracle:heretic.vicar.blessings → ROLL / TABLE / SOURCE,yes: Shedding Vicar — Blessings,yes,yes,"All table outcomes, dice and relevant effect text are present; canonical reference supports rolling or intentional full-table inspection. A completed table does not imply every surrounding scenario rule is covered.",None.,heretic:table-vicar-blessings,,Character
heretic-table-vicar-bloodEagle,MÖRK BORG CULT: HERETIC,14,12,Supplement class tables,Blood Eagle — Attack / Capture,Table,RESOLVED,—,2,1,2,Reference Desk → oracle:heretic.vicar.bloodEagle → ROLL / TABLE / SOURCE,yes: Blood Eagle — Attack / Capture,yes,yes,"All table outcomes, dice and relevant effect text are present; canonical reference supports rolling or intentional full-table inspection. A completed table does not imply every surrounding scenario rule is covered.",None.,heretic:table-vicar-bloodEagle,,Character
heretic-table-gravesRandomEncounter,MÖRK BORG CULT: HERETIC,22,20,Graves Left Wanting,Graves Left Wanting — Random Encounter,Table,RESOLVED,—,2,1,2,Reference Desk → oracle:heretic.gravesRandomEncounter → ROLL / TABLE / SOURCE,yes: Graves Left Wanting — Random Encounter,no,yes,"All table outcomes, dice and relevant effect text are present; canonical reference supports rolling or intentional full-table inspection. A completed table does not imply every surrounding scenario rule is covered.",None.,heretic:table-gravesRandomEncounter,,Dungeon
heretic-table-gravesSensoryStrangeness,MÖRK BORG CULT: HERETIC,22,20,Graves Left Wanting,Graves Left Wanting — Sensory Strangeness,Table,RESOLVED,—,2,1,2,Reference Desk → oracle:heretic.gravesSensoryStrangeness → ROLL / TABLE / SOURCE,yes: Graves Left Wanting — Sensory Strangeness,no,yes,"All table outcomes, dice and relevant effect text are present; canonical reference supports rolling or intentional full-table inspection. A completed table does not imply every surrounding scenario rule is covered.",None.,heretic:table-gravesSensoryStrangeness,,Dungeon
heretic-table-gravesTrails,MÖRK BORG CULT: HERETIC,22,20,Graves Left Wanting,Graves Left Wanting — Walking the Trails…,Table,RESOLVED,—,2,1,2,Reference Desk → oracle:heretic.gravesTrails → ROLL / TABLE / SOURCE,yes: Graves Left Wanting — Walking the Trails…,no,yes,"All table outcomes, dice and relevant effect text are present; canonical reference supports rolling or intentional full-table inspection. A completed table does not imply every surrounding scenario rule is covered.",None.,heretic:table-gravesTrails,,Dungeon
heretic-table-gravesLootBodies,MÖRK BORG CULT: HERETIC,24,22,Graves Left Wanting,Graves Left Wanting — Loot the Bodies,Table,RESOLVED,—,2,1,2,Reference Desk → oracle:heretic.gravesLootBodies → ROLL / TABLE / SOURCE,yes: Graves Left Wanting — Loot the Bodies,no,yes,"All table outcomes, dice and relevant effect text are present; canonical reference supports rolling or intentional full-table inspection. A completed table does not imply every surrounding scenario rule is covered.",None.,heretic:table-gravesLootBodies,,Dungeon
heretic-table-gravesUrn,MÖRK BORG CULT: HERETIC,27,25,Graves Left Wanting,Graves Left Wanting — Open an Urn,Table,RESOLVED,—,2,1,2,Reference Desk → oracle:heretic.gravesUrn → ROLL / TABLE / SOURCE,yes: Graves Left Wanting — Open an Urn,no,yes,"All table outcomes, dice and relevant effect text are present; canonical reference supports rolling or intentional full-table inspection. A completed table does not imply every surrounding scenario rule is covered.",None.,heretic:table-gravesUrn,,Dungeon
heretic-table-gravesUnkeyStrongbox,MÖRK BORG CULT: HERETIC,25,23,Graves Left Wanting,"Graves Left Wanting — Strongbox, Unlocked by Unkey",Table,RESOLVED,—,2,1,2,Reference Desk → oracle:heretic.gravesUnkeyStrongbox → ROLL / TABLE / SOURCE,"yes: Graves Left Wanting — Strongbox, Unlocked by Unkey",no,yes,"All table outcomes, dice and relevant effect text are present; canonical reference supports rolling or intentional full-table inspection. A completed table does not imply every surrounding scenario rule is covered.",None.,heretic:table-gravesUnkeyStrongbox,,Dungeon
heretic-table-gravesKnowledge,MÖRK BORG CULT: HERETIC,22,20,Graves Left Wanting,Graves Left Wanting — What You Know About Graven-Tosk,Table,PARTIAL,P2,2,3,6,Reference Desk → oracle:heretic.gravesKnowledge → ROLL / TABLE / SOURCE,indirect: Graves Left Wanting — What You Know About Graven-Tosk,no,yes,"Every claim has source truth/false/maybe metadata, but Reference reading/table view show only entry.text. The GM cannot distinguish the printed reliability without another source view/PDF.",Display the existing reliability metadata in an intentional rule/table result detail; keep original claims unchanged.,heretic:table-gravesKnowledge,TABLE_VIEW; QUICK_RULE,Dungeon
heretic-graves-travel,MÖRK BORG CULT: HERETIC,22,20,Graves Left Wanting,"15-minute travel, encounter and fourth-location exit rule",Procedure,PARTIAL,P2,3,4,12,oracle:heretic.gravesTrails / oracle:heretic.gravesRandomEncounter,"indirect: 15-minute travel, encounter and fourth-location exit rule",no,yes,"Trail and encounter tables exist, but their source-defined sequencing and all-four-locations → Undertaker’s Hut rule are missing. Generic dungeon crawl does not implement this scenario procedure.",Add a static concise procedure card with links to trails/encounters and the exit condition; no scenario state machine needed.,heretic:graves-travel,PROCEDURE; RESULT_LINK,Dungeon
heretic-graves-encounter-actors,MÖRK BORG CULT: HERETIC,22,20,Graves Left Wanting,Encounter result → named creature stat block,Procedure,PRESENT_BUT_INDIRECT,P2,3,3,9,oracle:heretic.gravesRandomEncounter → second search for monster,indirect: Encounter result → named creature stat block,no,yes,"Five printed encounter creatures have valid reference records, but the oracle result stores monster/quantity metadata without clickable creature routing. The user must search the name again.",Link named canonical creature references from the existing encounter metadata.,heretic:graves-encounter-actors,RESULT_LINK,Dungeon; Monster
heretic-creature-the-bone-bowyer,MÖRK BORG CULT: HERETIC,60,58,The Bone Bowyer,The Bone Bowyer,Creature,RESOLVED,—,3,1,3,Reference Desk → creature:heretic:60:the-bone-bowyer,yes: The Bone Bowyer,no,n/a,"Printed stat values, attacks and operational special rules are present and readable in the direct creature result.",None.,heretic:creature-the-bone-bowyer,,Monster; Dungeon
heretic-creature-borg-bitor,MÖRK BORG CULT: HERETIC,62; 63,60,Borg Bitor,Borg Bitor,Creature,RESOLVED,—,3,1,3,Reference Desk → creature:heretic:62:borg-bitor,yes: Borg Bitor,no,n/a,"Printed stat values, attacks and operational special rules are present and readable in the direct creature result. Additional PDF63 Devil’s Glue detection/escape/countdown penalties are retained; trade valuations are audited separately.",None.,heretic:creature-borg-bitor,,Monster; Dungeon
heretic-creature-rotten-nurse,MÖRK BORG CULT: HERETIC,64,62,Rotten Nurse,Rotten Nurse,Creature,PARTIAL,P2,3,5,15,library.creatures → record stored but not exposed,indirect: Rotten Nurse,no,n/a,"Full source Mental Torture Prison mechanics are stored, but hp:null is filtered from Reference and Monster presets. The source intentionally has no conventional HP; treating it as unusable loses a complete encounter.",Make verified non-numeric-stat source creatures inspectable without manufacturing HP/armor; render its existing specialAbility.,heretic:creature-rotten-nurse,MONSTER_REFERENCE,Monster; Dungeon
heretic-creature-half-billed-raven,MÖRK BORG CULT: HERETIC,23,21,Graves Left Wanting,Half-Billed Raven,Creature,RESOLVED,—,3,1,3,Reference Desk → creature:heretic:23:half-billed-raven,yes: Half-Billed Raven,no,n/a,"Printed stat values, attacks and operational special rules are present and readable in the direct creature result.",None.,creature:half-billed-raven,,Monster; Dungeon
heretic-creature-rotted-skeleton,MÖRK BORG CULT: HERETIC,23,21,Graves Left Wanting,Rotted Skeleton,Creature,RESOLVED,—,3,1,3,Reference Desk → creature:heretic:23:rotted-skeleton,yes: Rotted Skeleton,no,n/a,"Printed stat values, attacks and operational special rules are present and readable in the direct creature result.",None.,heretic:creature-rotted-skeleton,,Monster; Dungeon
heretic-creature-widow-wraith,MÖRK BORG CULT: HERETIC,23,21,Graves Left Wanting,Widow-Wraith,Creature,RESOLVED,—,3,1,3,Reference Desk → creature:heretic:23:widow-wraith,yes: Widow-Wraith,no,n/a,"Printed stat values, attacks and operational special rules are present and readable in the direct creature result.",None.,heretic:creature-widow-wraith,,Monster; Dungeon
heretic-creature-unbred-mutt,MÖRK BORG CULT: HERETIC,23,21,Graves Left Wanting,Unbred Mutt,Creature,RESOLVED,—,3,1,3,Reference Desk → creature:heretic:23:unbred-mutt,yes: Unbred Mutt,no,n/a,"Printed stat values, attacks and operational special rules are present and readable in the direct creature result.",None.,creature:unbred-mutt,,Monster; Dungeon
heretic-creature-hungry-zombie,MÖRK BORG CULT: HERETIC,23,21,Graves Left Wanting,Hungry Zombie,Creature,RESOLVED,—,3,1,3,Reference Desk → creature:heretic:23:hungry-zombie,yes: Hungry Zombie,no,n/a,"Printed stat values, attacks and operational special rules are present and readable in the direct creature result.",None.,heretic:creature-hungry-zombie,,Monster; Dungeon
heretic-creature-fogbound-skeleton,MÖRK BORG CULT: HERETIC,25,23,Graves Left Wanting: Colander Room,Fogbound Skeleton,Creature,RESOLVED,—,3,1,3,Reference Desk → creature:heretic:25:fogbound-skeleton,yes: Fogbound Skeleton,no,n/a,"Printed stat values, attacks and operational special rules are present and readable in the direct creature result.",None.,heretic:creature-fogbound-skeleton,,Monster; Dungeon
heretic-creature-twice-grown-corpse-fly,MÖRK BORG CULT: HERETIC,27,25,Graves Left Wanting: Catacomb Corridor,Twice-Grown Corpse Fly,Creature,RESOLVED,—,3,1,3,Reference Desk → creature:heretic:27:twice-grown-corpse-fly,yes: Twice-Grown Corpse Fly,no,n/a,"Printed stat values, attacks and operational special rules are present and readable in the direct creature result.",None.,creature:twice-grown-corpse-fly,,Monster; Dungeon
heretic-creature-the-bertaker,MÖRK BORG CULT: HERETIC,33,31,Graves Left Wanting: Undertaker’s Hut,The Übertaker,Creature,RESOLVED,—,3,1,3,Reference Desk → creature:heretic:33:the-ubertaker,yes: The Übertaker,no,n/a,"Printed stat values, attacks and operational special rules are present and readable in the direct creature result. Its d4 action table and loot-scroll effect are rendered with the definition.",None.,heretic:creature-the-bertaker,,Monster; Dungeon
heretic-creature-ratbadger,MÖRK BORG CULT: HERETIC,34,32,Bloat: Vestibule,Ratbadger,Creature,RESOLVED,—,3,1,3,Reference Desk → creature:heretic:34:ratbadger,yes: Ratbadger,no,n/a,"Printed stat values, attacks and operational special rules are present and readable in the direct creature result.",None.,heretic:creature-ratbadger,,Monster; Dungeon
heretic-creature-fleshy-automaton,MÖRK BORG CULT: HERETIC,34,32,Bloat,Fleshy Automaton,Creature,RESOLVED,—,3,1,3,Reference Desk → creature:heretic:34:fleshy-automaton,yes: Fleshy Automaton,no,n/a,"Printed stat values, attacks and operational special rules are present and readable in the direct creature result.",None.,heretic:creature-fleshy-automaton,,Monster; Dungeon
heretic-creature-silas,MÖRK BORG CULT: HERETIC,35,33,Bloat: The Fattened King,Silas,Creature,RESOLVED,—,3,1,3,Reference Desk → creature:heretic:35:silas,yes: Silas,no,n/a,"Printed stat values, attacks and operational special rules are present and readable in the direct creature result.",None.,heretic:creature-silas,,Monster; Dungeon
heretic-creature-toothless-hag,MÖRK BORG CULT: HERETIC,66,"Last fold, unnumbered",Nurse the Rot: Rotrium,Toothless Hag,Creature,RESOLVED,—,3,1,3,Reference Desk → creature:heretic:66:toothless-hag,yes: Toothless Hag,no,n/a,"Printed stat values, attacks and operational special rules are present and readable in the direct creature result.",None.,heretic:creature-toothless-hag,,Monster; Dungeon
heretic-creature-old-dormant-sludger,MÖRK BORG CULT: HERETIC,66,"Last fold, unnumbered",Nurse the Rot: Guard Room,"Old, Dormant Sludger",Creature,RESOLVED,—,3,1,3,Reference Desk → creature:heretic:66:old-dormant-sludger,"yes: Old, Dormant Sludger",no,n/a,"Printed stat values, attacks and operational special rules are present and readable in the direct creature result.",None.,heretic:creature-old-dormant-sludger,,Monster; Dungeon
heretic-creature-weak-k-b-lth,MÖRK BORG CULT: HERETIC,67,"Last fold, unnumbered",Nurse the Rot,Weak Kôbôlth,Creature,RESOLVED,—,3,1,3,Reference Desk → creature:heretic:67:weak-kobolth,yes: Weak Kôbôlth,no,n/a,"Printed stat values, attacks and operational special rules are present and readable in the direct creature result.",None.,heretic:creature-weak-k-b-lth,,Monster; Dungeon
heretic-outcast-mikhael,MÖRK BORG CULT: HERETIC,40,38,The Merchant,Mikhael,Creature,PARTIAL,P2,3,5,15,library.outcasts → stored data only,indirect: Mikhael,no,n/a,"The supplied data includes a complete named outcast stat block, special/behavior and possessions where printed. Reference registry and preset list read creatures only; no usable outcast lookup exposes this record.","Index existing outcasts as source NPC/creature references and include possession metadata, retaining their specific identity.",heretic:outcast-mikhael,MONSTER_REFERENCE; SEARCH_ALIAS,NPC; Dungeon; City
heretic-outcast-the-roach-herder,MÖRK BORG CULT: HERETIC,29,27,Graves Left Wanting,The Roach Herder,Creature,PARTIAL,P2,2,5,10,library.outcasts → stored data only,indirect: The Roach Herder,no,n/a,"The supplied data includes a complete named outcast stat block, special/behavior and possessions where printed. Reference registry and preset list read creatures only; no usable outcast lookup exposes this record.","Index existing outcasts as source NPC/creature references and include possession metadata, retaining their specific identity.",heretic:outcast-the-roach-herder,MONSTER_REFERENCE; SEARCH_ALIAS,NPC; Dungeon; City
heretic-outcast-stein,MÖRK BORG CULT: HERETIC,32,30,Graves Left Wanting: Undertaker’s Hut,Stein,Creature,PARTIAL,P2,2,5,10,library.outcasts → stored data only,indirect: Stein,no,n/a,"The supplied data includes a complete named outcast stat block, special/behavior and possessions where printed. Reference registry and preset list read creatures only; no usable outcast lookup exposes this record.","Index existing outcasts as source NPC/creature references and include possession metadata, retaining their specific identity.",heretic:outcast-stein,MONSTER_REFERENCE; SEARCH_ALIAS,NPC; Dungeon; City
heretic-outcast-benzen,MÖRK BORG CULT: HERETIC,32,30,Graves Left Wanting: Undertaker’s Hut,Benzen,Creature,PARTIAL,P2,2,5,10,library.outcasts → stored data only,indirect: Benzen,no,n/a,"The supplied data includes a complete named outcast stat block, special/behavior and possessions where printed. Reference registry and preset list read creatures only; no usable outcast lookup exposes this record.","Index existing outcasts as source NPC/creature references and include possession metadata, retaining their specific identity.",heretic:outcast-benzen,MONSTER_REFERENCE; SEARCH_ALIAS,NPC; Dungeon; City
heretic-outcast-arga,MÖRK BORG CULT: HERETIC,32,30,Graves Left Wanting: Undertaker’s Hut,Arga,Creature,PARTIAL,P2,2,5,10,library.outcasts → stored data only,indirect: Arga,no,n/a,"The supplied data includes a complete named outcast stat block, special/behavior and possessions where printed. Reference registry and preset list read creatures only; no usable outcast lookup exposes this record.","Index existing outcasts as source NPC/creature references and include possession metadata, retaining their specific identity.",heretic:outcast-arga,MONSTER_REFERENCE; SEARCH_ALIAS,NPC; Dungeon; City
heretic-erhard-opening,MÖRK BORG CULT: HERETIC,24,22,Graves Left Wanting,Opening Erhard’s sarcophagus,Rule,MISSING,P2,2,4,8,No usable application reference,no: Opening Erhard’s sarcophagus,no,n/a,"Strength threshold, assistant adjustment and damage on failure are absent.",Add one short scenario-bound hazard reference; leave keyed prose/map in the PDF.,heretic:erhard-opening,QUICK_RULE,Dungeon
heretic-maus-acid,MÖRK BORG CULT: HERETIC,26,24,Graves Left Wanting,Maus’ acid pools,Rule,MISSING,P2,2,4,8,No usable application reference,no: Maus’ acid pools,no,n/a,Per-round flesh damage and the bone exception are absent.,Add one short scenario-bound hazard reference; leave keyed prose/map in the PDF.,heretic:maus-acid,QUICK_RULE,Dungeon
heretic-origin-fountain-hazard,MÖRK BORG CULT: HERETIC,27,25,Graves Left Wanting,Origin Fountain crossing and aging,Rule,MISSING,P2,2,4,8,No usable application reference,no: Origin Fountain crossing and aging,no,n/a,Separate access tests and permanent ability-loss consequence are absent.,Add one short scenario-bound hazard reference; leave keyed prose/map in the PDF.,heretic:origin-fountain-hazard,QUICK_RULE,Dungeon
heretic-sewer-currents,MÖRK BORG CULT: HERETIC,30,28,Graves Left Wanting,Shadow King’s Sewer currents,Rule,MISSING,P2,2,4,8,No usable application reference,no: Shadow King’s Sewer currents,no,n/a,"Contact test, sweep-away and drowning danger are absent.",Add one short scenario-bound hazard reference; leave keyed prose/map in the PDF.,heretic:sewer-currents,QUICK_RULE,Dungeon
heretic-skeleton-unkey,MÖRK BORG CULT: HERETIC,25,23,Graves Left Wanting,The Skeleton Unkey,Item,MISSING,P2,2,5,10,No usable application reference,no: The Skeleton Unkey,no,n/a,Source gives a named usable effect; current tables include neighboring random results but not this item rule.,"Add a named item reference with the printed effect, access restrictions and source link.",heretic:skeleton-unkey,ITEM_REFERENCE,Equipment; Dungeon
heretic-roseate-baritona,MÖRK BORG CULT: HERETIC,26,24,Graves Left Wanting,The Roseate Baritona / Corrupted Horn of Roses,Item,MISSING,P2,2,5,10,No usable application reference,no: The Roseate Baritona / Corrupted Horn of Roses,no,n/a,Source gives a named usable effect; current tables include neighboring random results but not this item rule.,"Add a named item reference with the printed effect, access restrictions and source link.",heretic:roseate-baritona,ITEM_REFERENCE,Equipment; Dungeon
heretic-nostalgia-gruel,MÖRK BORG CULT: HERETIC,27,25,Graves Left Wanting,Nostalgia Gruel,Item,MISSING,P2,2,5,10,No usable application reference,no: Nostalgia Gruel,no,n/a,Source gives a named usable effect; current tables include neighboring random results but not this item rule.,"Add a named item reference with the printed effect, access restrictions and source link.",heretic:nostalgia-gruel,ITEM_REFERENCE,Equipment; Dungeon
heretic-behold-power-scroll,MÖRK BORG CULT: HERETIC,33,31,Graves Left Wanting,Behold the Power — torn Übertaker robes,Power,PRESENT_BUT_INDIRECT,P2,2,3,6,The Übertaker → Loot,indirect: Behold the Power,no,n/a,"Complete spell effect is rendered as Übertaker loot, but its Power name resolves primarily to the boss action/table instead of a loot-scroll reference.","Link the existing loot text as its own Power alias, preserving distinction from the boss’s next-attack action.",heretic:behold-power-scroll,POWER_REFERENCE; RESULT_LINK,Powers; Dungeon
heretic-animated-waste,MÖRK BORG CULT: HERETIC,35,33,A Gluttonous Dungeon / Bloat,Animated waste,Creature,MISSING,P2,2,5,10,No usable application reference,no: Animated waste,no,n/a,"Source defines a no-HP creature with acid attack, cannot-be-killed/dissipation rule and ambient penalty. No record exists; a numeric-HP requirement must not exclude it.",Add a source creature with absent HP and its literal dissipation/effect rules.,heretic:animated-waste,MONSTER_REFERENCE,Dungeon; Monster
heretic-gourmands-cutlery,MÖRK BORG CULT: HERETIC,34,32,A Gluttonous Dungeon / Bloat,The Gourmand’s Cutlery,Item,MISSING,P2,2,4,8,No usable application reference,no: The Gourmand’s Cutlery,no,n/a,"Eat-anything, compulsory hunger and automaton command function are missing from item lookup; Silas stats alone do not cover it.",Add the compact scenario-specific effect with original source provenance.,heretic:gourmands-cutlery,ITEM_REFERENCE,Dungeon
heretic-tongue-knife,MÖRK BORG CULT: HERETIC,35,33,A Gluttonous Dungeon / Bloat,Tongue-shaped knife,Item,MISSING,P2,2,4,8,No usable application reference,no: Tongue-shaped knife,no,n/a,The damage and mandatory eat/drink-within-hour consequence are missing.,Add the compact scenario-specific effect with original source provenance.,heretic:tongue-knife,ITEM_REFERENCE,Dungeon
heretic-bloat-tripwire,MÖRK BORG CULT: HERETIC,34; 35,"32, 33",A Gluttonous Dungeon / Bloat,Moldy-curtain tripwire,Rule,MISSING,P2,2,4,8,No usable application reference,no: Moldy-curtain tripwire,no,n/a,Describe-search/Presence detection and falling-block damage are missing.,Add the compact scenario-specific effect with original source provenance.,heretic:bloat-tripwire,QUICK_RULE,Dungeon
heretic-bloat-statue,MÖRK BORG CULT: HERETIC,35,33,A Gluttonous Dungeon / Bloat,Chapel of Filth statue compulsion,Rule,MISSING,P2,2,4,8,No usable application reference,no: Chapel of Filth statue compulsion,no,n/a,The Presence test and offering-self-for-dinner consequence are absent.,Add the compact scenario-specific effect with original source provenance.,heretic:bloat-statue,QUICK_RULE,Dungeon
heretic-table-curses,MÖRK BORG CULT: HERETIC,36,34,You Are Cursed,You Are Cursed — What Now?,Table,RESOLVED,—,2,1,2,Reference Desk → oracle:heretic.curses → ROLL / TABLE / SOURCE,yes: You Are Cursed — What Now?,no,yes,"All table outcomes, dice and relevant effect text are present; canonical reference supports rolling or intentional full-table inspection. A completed table does not imply every surrounding scenario rule is covered.",None.,heretic:table-curses,,Solo; Character
heretic-table-curseHelper,MÖRK BORG CULT: HERETIC,37,35,You Are Cursed,You Are Cursed — They Say One Can Help You. Who?,Table,RESOLVED,—,2,1,2,Reference Desk → oracle:heretic.curseHelper → ROLL / TABLE / SOURCE,yes: You Are Cursed — They Say One Can Help You. Who?,no,yes,"All table outcomes, dice and relevant effect text are present; canonical reference supports rolling or intentional full-table inspection. A completed table does not imply every surrounding scenario rule is covered.",None.,heretic:table-curseHelper,,Solo; Character
heretic-table-curseKnowledgePrice,MÖRK BORG CULT: HERETIC,37,35,You Are Cursed,You Are Cursed — What Is the Price for This Knowledge?,Table,RESOLVED,—,2,1,2,Reference Desk → oracle:heretic.curseKnowledgePrice → ROLL / TABLE / SOURCE,yes: You Are Cursed — What Is the Price for This Knowledge?,no,yes,"All table outcomes, dice and relevant effect text are present; canonical reference supports rolling or intentional full-table inspection. A completed table does not imply every surrounding scenario rule is covered.",None.,heretic:table-curseKnowledgePrice,,Solo; Character
heretic-table-curseCure,MÖRK BORG CULT: HERETIC,37,35,You Are Cursed,So How Do I Get Rid of This?,Table,SOURCE_UNAVAILABLE,P2,2,3,6,Reference Desk → oracle:heretic.curseCure → ROLL / TABLE / SOURCE,indirect: So How Do I Get Rid of This?,no,yes,"Result12 ends mid-sentence at the physical lower page edge of the supplied PDF. The application retains the visible fragment and source warning. This is an incomplete supplied source, not an invented fallback or a missing import.","Obtain a complete authorized copy of this one source row, or retain its explicit unavailable suffix; do not guess the ending.",heretic:table-curseCure,SOURCE_MISSING,Solo; Character
heretic-table-merchant-soulPrice,MÖRK BORG CULT: HERETIC,40,38,The Merchant,The Merchant — Cost of a Portion of Your Soul,Table,RESOLVED,—,2,1,2,Reference Desk → oracle:heretic.merchant.soulPrice → ROLL / TABLE / SOURCE,yes: The Merchant — Cost of a Portion of Your Soul,no,yes,"All table outcomes, dice and relevant effect text are present; canonical reference supports rolling or intentional full-table inspection. A completed table does not imply every surrounding scenario rule is covered.",None.,heretic:table-merchant-soulPrice,,City; Equipment
heretic-merchant-trade,MÖRK BORG CULT: HERETIC,40,38,The Merchant,Buying/selling for soul and daily regional stock,Procedure,PRESENT_BUT_INDIRECT,P2,3,3,9,oracle:heretic.merchant.soulPrice → SOURCE; regional stock tables,indirect: Mikhael; Merchant; soul price,no,yes,"Regional stock, buy-cost table and reversed sell gain are all available across source notes; there is no compact Mikhael trade reference or links among the four stock tables and price rule. Mikhael actor itself is separately unexposed.","Group existing stock/price references and expose the buy-versus-sell distinction, including the wagon/basic equipment note.",heretic:merchant-trade,PROCEDURE; CONTEXT_LINK; RESULT_LINK,City; Equipment
heretic-merchant-tveland-1,MÖRK BORG CULT: HERETIC,42,40,The Merchant / tveland,Stone Dagger,Item,PRESENT_BUT_INDIRECT,P2,3,3,9,oracle:heretic.merchant.stock.tveland → TABLE → 1,indirect: Stone Dagger; Merchant tveland,no,yes,The full source effect (including Chip’s actual stats where applicable) is in the canonical stock row. Exact item names are not indexed; retrieving a specific purchase requires knowing the region/stock table.,"Index a named alias opening the existing row, with a soul-price link. Do not duplicate the source payload.",heretic:merchant-tveland-1,ITEM_REFERENCE; SEARCH_ALIAS; RESULT_LINK,Equipment; City
heretic-merchant-tveland-2,MÖRK BORG CULT: HERETIC,42,40,The Merchant / tveland,Tongue of a False Prophet,Item,PRESENT_BUT_INDIRECT,P2,3,3,9,oracle:heretic.merchant.stock.tveland → TABLE → 2,indirect: Tongue of a False Prophet; Merchant tveland,no,yes,The full source effect (including Chip’s actual stats where applicable) is in the canonical stock row. Exact item names are not indexed; retrieving a specific purchase requires knowing the region/stock table.,"Index a named alias opening the existing row, with a soul-price link. Do not duplicate the source payload.",heretic:merchant-tveland-2,ITEM_REFERENCE; SEARCH_ALIAS; RESULT_LINK,Equipment; City
heretic-merchant-tveland-3,MÖRK BORG CULT: HERETIC,42,40,The Merchant / tveland,Two-headed Silver Ring,Item,PRESENT_BUT_INDIRECT,P2,3,3,9,oracle:heretic.merchant.stock.tveland → TABLE → 3,indirect: Two-headed Silver Ring; Merchant tveland,no,yes,The full source effect (including Chip’s actual stats where applicable) is in the canonical stock row. Exact item names are not indexed; retrieving a specific purchase requires knowing the region/stock table.,"Index a named alias opening the existing row, with a soul-price link. Do not duplicate the source payload.",heretic:merchant-tveland-3,ITEM_REFERENCE; SEARCH_ALIAS; RESULT_LINK,Equipment; City
heretic-merchant-tveland-4,MÖRK BORG CULT: HERETIC,42,40,The Merchant / tveland,Vial of Goblin Ichor,Item,PRESENT_BUT_INDIRECT,P2,3,3,9,oracle:heretic.merchant.stock.tveland → TABLE → 4,indirect: Vial of Goblin Ichor; Merchant tveland,no,yes,The full source effect (including Chip’s actual stats where applicable) is in the canonical stock row. Exact item names are not indexed; retrieving a specific purchase requires knowing the region/stock table.,"Index a named alias opening the existing row, with a soul-price link. Do not duplicate the source payload.",heretic:merchant-tveland-4,ITEM_REFERENCE; SEARCH_ALIAS; RESULT_LINK,Equipment; City
heretic-merchant-tveland-5,MÖRK BORG CULT: HERETIC,42,40,The Merchant / tveland,Wickhead Brain,Item,PRESENT_BUT_INDIRECT,P2,3,3,9,oracle:heretic.merchant.stock.tveland → TABLE → 5,indirect: Wickhead Brain; Merchant tveland,no,yes,The full source effect (including Chip’s actual stats where applicable) is in the canonical stock row. Exact item names are not indexed; retrieving a specific purchase requires knowing the region/stock table.,"Index a named alias opening the existing row, with a soul-price link. Do not duplicate the source payload.",heretic:merchant-tveland-5,ITEM_REFERENCE; SEARCH_ALIAS; RESULT_LINK,Equipment; City
heretic-merchant-tveland-6,MÖRK BORG CULT: HERETIC,42,40,The Merchant / tveland,Galgenbeck Deathmask,Item,PRESENT_BUT_INDIRECT,P2,3,3,9,oracle:heretic.merchant.stock.tveland → TABLE → 6,indirect: Galgenbeck Deathmask; Merchant tveland,no,yes,The full source effect (including Chip’s actual stats where applicable) is in the canonical stock row. Exact item names are not indexed; retrieving a specific purchase requires knowing the region/stock table.,"Index a named alias opening the existing row, with a soul-price link. Do not duplicate the source payload.",heretic:merchant-tveland-6,ITEM_REFERENCE; SEARCH_ALIAS; RESULT_LINK,Equipment; City
heretic-merchant-wastland-1,MÖRK BORG CULT: HERETIC,43,41,The Merchant / wastland,Pouch of Valley Vapors,Item,PRESENT_BUT_INDIRECT,P2,3,3,9,oracle:heretic.merchant.stock.wastland → TABLE → 1,indirect: Pouch of Valley Vapors; Merchant wastland,no,yes,The full source effect (including Chip’s actual stats where applicable) is in the canonical stock row. Exact item names are not indexed; retrieving a specific purchase requires knowing the region/stock table.,"Index a named alias opening the existing row, with a soul-price link. Do not duplicate the source payload.",heretic:merchant-wastland-1,ITEM_REFERENCE; SEARCH_ALIAS; RESULT_LINK,Equipment; City
heretic-merchant-wastland-2,MÖRK BORG CULT: HERETIC,43,41,The Merchant / wastland,Jar of Troll Piss,Item,PRESENT_BUT_INDIRECT,P2,3,3,9,oracle:heretic.merchant.stock.wastland → TABLE → 2,indirect: Jar of Troll Piss; Merchant wastland,no,yes,The full source effect (including Chip’s actual stats where applicable) is in the canonical stock row. Exact item names are not indexed; retrieving a specific purchase requires knowing the region/stock table.,"Index a named alias opening the existing row, with a soul-price link. Do not duplicate the source payload.",heretic:merchant-wastland-2,ITEM_REFERENCE; SEARCH_ALIAS; RESULT_LINK,Equipment; City
heretic-merchant-wastland-3,MÖRK BORG CULT: HERETIC,43,41,The Merchant / wastland,Fine but Gaudy Clothing,Item,PRESENT_BUT_INDIRECT,P2,3,3,9,oracle:heretic.merchant.stock.wastland → TABLE → 3,indirect: Fine but Gaudy Clothing; Merchant wastland,no,yes,The full source effect (including Chip’s actual stats where applicable) is in the canonical stock row. Exact item names are not indexed; retrieving a specific purchase requires knowing the region/stock table.,"Index a named alias opening the existing row, with a soul-price link. Do not duplicate the source payload.",heretic:merchant-wastland-3,ITEM_REFERENCE; SEARCH_ALIAS; RESULT_LINK,Equipment; City
heretic-merchant-wastland-4,MÖRK BORG CULT: HERETIC,43,41,The Merchant / wastland,Pilgrim’s Compass,Item,PRESENT_BUT_INDIRECT,P2,3,3,9,oracle:heretic.merchant.stock.wastland → TABLE → 4,indirect: Pilgrim’s Compass; Merchant wastland,no,yes,The full source effect (including Chip’s actual stats where applicable) is in the canonical stock row. Exact item names are not indexed; retrieving a specific purchase requires knowing the region/stock table.,"Index a named alias opening the existing row, with a soul-price link. Do not duplicate the source payload.",heretic:merchant-wastland-4,ITEM_REFERENCE; SEARCH_ALIAS; RESULT_LINK,Equipment; City
heretic-merchant-wastland-5,MÖRK BORG CULT: HERETIC,43,41,The Merchant / wastland,Peasant’s Kuksa,Item,PRESENT_BUT_INDIRECT,P2,3,3,9,oracle:heretic.merchant.stock.wastland → TABLE → 5,indirect: Peasant’s Kuksa; Merchant wastland,no,yes,The full source effect (including Chip’s actual stats where applicable) is in the canonical stock row. Exact item names are not indexed; retrieving a specific purchase requires knowing the region/stock table.,"Index a named alias opening the existing row, with a soul-price link. Do not duplicate the source payload.",heretic:merchant-wastland-5,ITEM_REFERENCE; SEARCH_ALIAS; RESULT_LINK,Equipment; City
heretic-merchant-wastland-6,MÖRK BORG CULT: HERETIC,43,41,The Merchant / wastland,Lucky Fishing Spear,Item,PRESENT_BUT_INDIRECT,P2,3,3,9,oracle:heretic.merchant.stock.wastland → TABLE → 6,indirect: Lucky Fishing Spear; Merchant wastland,no,yes,The full source effect (including Chip’s actual stats where applicable) is in the canonical stock row. Exact item names are not indexed; retrieving a specific purchase requires knowing the region/stock table.,"Index a named alias opening the existing row, with a soul-price link. Do not duplicate the source payload.",heretic:merchant-wastland-6,ITEM_REFERENCE; SEARCH_ALIAS; RESULT_LINK,Equipment; City
heretic-merchant-kergus-1,MÖRK BORG CULT: HERETIC,44,42,The Merchant / kergus,Vibrant Red Ribbon,Item,PRESENT_BUT_INDIRECT,P2,3,3,9,oracle:heretic.merchant.stock.kergus → TABLE → 1,indirect: Vibrant Red Ribbon; Merchant kergus,no,yes,The full source effect (including Chip’s actual stats where applicable) is in the canonical stock row. Exact item names are not indexed; retrieving a specific purchase requires knowing the region/stock table.,"Index a named alias opening the existing row, with a soul-price link. Do not duplicate the source payload.",heretic:merchant-kergus-1,ITEM_REFERENCE; SEARCH_ALIAS; RESULT_LINK,Equipment; City
heretic-merchant-kergus-2,MÖRK BORG CULT: HERETIC,44,42,The Merchant / kergus,Vial of Glowing Blue Blood,Item,PRESENT_BUT_INDIRECT,P2,3,3,9,oracle:heretic.merchant.stock.kergus → TABLE → 2,indirect: Vial of Glowing Blue Blood; Merchant kergus,no,yes,The full source effect (including Chip’s actual stats where applicable) is in the canonical stock row. Exact item names are not indexed; retrieving a specific purchase requires knowing the region/stock table.,"Index a named alias opening the existing row, with a soul-price link. Do not duplicate the source payload.",heretic:merchant-kergus-2,ITEM_REFERENCE; SEARCH_ALIAS; RESULT_LINK,Equipment; City
heretic-merchant-kergus-3,MÖRK BORG CULT: HERETIC,44,42,The Merchant / kergus,Gleaming Golden Scalpel,Item,PRESENT_BUT_INDIRECT,P2,3,3,9,oracle:heretic.merchant.stock.kergus → TABLE → 3,indirect: Gleaming Golden Scalpel; Merchant kergus,no,yes,The full source effect (including Chip’s actual stats where applicable) is in the canonical stock row. Exact item names are not indexed; retrieving a specific purchase requires knowing the region/stock table.,"Index a named alias opening the existing row, with a soul-price link. Do not duplicate the source payload.",heretic:merchant-kergus-3,ITEM_REFERENCE; SEARCH_ALIAS; RESULT_LINK,Equipment; City
heretic-merchant-kergus-4,MÖRK BORG CULT: HERETIC,44,42,The Merchant / kergus,Pleasing Green Cloak,Item,PRESENT_BUT_INDIRECT,P2,3,3,9,oracle:heretic.merchant.stock.kergus → TABLE → 4,indirect: Pleasing Green Cloak; Merchant kergus,no,yes,The full source effect (including Chip’s actual stats where applicable) is in the canonical stock row. Exact item names are not indexed; retrieving a specific purchase requires knowing the region/stock table.,"Index a named alias opening the existing row, with a soul-price link. Do not duplicate the source payload.",heretic:merchant-kergus-4,ITEM_REFERENCE; SEARCH_ALIAS; RESULT_LINK,Equipment; City
heretic-merchant-kergus-5,MÖRK BORG CULT: HERETIC,44,42,The Merchant / kergus,"One-eyed, One-legged, One-winged Gull",Item,PRESENT_BUT_INDIRECT,P2,3,3,9,oracle:heretic.merchant.stock.kergus → TABLE → 5,"indirect: One-eyed, One-legged, One-winged Gull; Merchant kergus",no,yes,The full source effect (including Chip’s actual stats where applicable) is in the canonical stock row. Exact item names are not indexed; retrieving a specific purchase requires knowing the region/stock table.,"Index a named alias opening the existing row, with a soul-price link. Do not duplicate the source payload.",heretic:merchant-kergus-5,ITEM_REFERENCE; SEARCH_ALIAS; RESULT_LINK,Equipment; City
heretic-merchant-kergus-6,MÖRK BORG CULT: HERETIC,44,42,The Merchant / kergus,Bright Yellow Flower,Item,PRESENT_BUT_INDIRECT,P2,3,3,9,oracle:heretic.merchant.stock.kergus → TABLE → 6,indirect: Bright Yellow Flower; Merchant kergus,no,yes,The full source effect (including Chip’s actual stats where applicable) is in the canonical stock row. Exact item names are not indexed; retrieving a specific purchase requires knowing the region/stock table.,"Index a named alias opening the existing row, with a soul-price link. Do not duplicate the source payload.",heretic:merchant-kergus-6,ITEM_REFERENCE; SEARCH_ALIAS; RESULT_LINK,Equipment; City
heretic-merchant-grift-1,MÖRK BORG CULT: HERETIC,45,43,The Merchant / grift,Little Poppet,Item,PRESENT_BUT_INDIRECT,P2,3,3,9,oracle:heretic.merchant.stock.grift → TABLE → 1,indirect: Little Poppet; Merchant grift,no,yes,The full source effect (including Chip’s actual stats where applicable) is in the canonical stock row. Exact item names are not indexed; retrieving a specific purchase requires knowing the region/stock table.,"Index a named alias opening the existing row, with a soul-price link. Do not duplicate the source payload.",heretic:merchant-grift-1,ITEM_REFERENCE; SEARCH_ALIAS; RESULT_LINK,Equipment; City
heretic-merchant-grift-2,MÖRK BORG CULT: HERETIC,45,43,The Merchant / grift,Key Retrieved from the Múr,Item,PRESENT_BUT_INDIRECT,P2,3,3,9,oracle:heretic.merchant.stock.grift → TABLE → 2,indirect: Key Retrieved from the Múr; Merchant grift,no,yes,The full source effect (including Chip’s actual stats where applicable) is in the canonical stock row. Exact item names are not indexed; retrieving a specific purchase requires knowing the region/stock table.,"Index a named alias opening the existing row, with a soul-price link. Do not duplicate the source payload.",heretic:merchant-grift-2,ITEM_REFERENCE; SEARCH_ALIAS; RESULT_LINK,Equipment; City
heretic-merchant-grift-3,MÖRK BORG CULT: HERETIC,45,43,The Merchant / grift,Chip the Rat,Creature,PRESENT_BUT_INDIRECT,P2,3,3,9,oracle:heretic.merchant.stock.grift → TABLE → 3,indirect: Chip the Rat; Merchant grift,no,yes,The full source effect (including Chip’s actual stats where applicable) is in the canonical stock row. Exact item names are not indexed; retrieving a specific purchase requires knowing the region/stock table.,"Index a named alias opening the existing row, with a soul-price link. Do not duplicate the source payload.",heretic:merchant-grift-3,ITEM_REFERENCE; SEARCH_ALIAS; RESULT_LINK,Equipment; City
heretic-merchant-grift-4,MÖRK BORG CULT: HERETIC,45,43,The Merchant / grift,Sorrowful Music Box,Item,PRESENT_BUT_INDIRECT,P2,3,3,9,oracle:heretic.merchant.stock.grift → TABLE → 4,indirect: Sorrowful Music Box; Merchant grift,no,yes,The full source effect (including Chip’s actual stats where applicable) is in the canonical stock row. Exact item names are not indexed; retrieving a specific purchase requires knowing the region/stock table.,"Index a named alias opening the existing row, with a soul-price link. Do not duplicate the source payload.",heretic:merchant-grift-4,ITEM_REFERENCE; SEARCH_ALIAS; RESULT_LINK,Equipment; City
heretic-merchant-grift-5,MÖRK BORG CULT: HERETIC,45,43,The Merchant / grift,Hangman’s Rope,Item,PRESENT_BUT_INDIRECT,P2,3,3,9,oracle:heretic.merchant.stock.grift → TABLE → 5,indirect: Hangman’s Rope; Merchant grift,no,yes,The full source effect (including Chip’s actual stats where applicable) is in the canonical stock row. Exact item names are not indexed; retrieving a specific purchase requires knowing the region/stock table.,"Index a named alias opening the existing row, with a soul-price link. Do not duplicate the source payload.",heretic:merchant-grift-5,ITEM_REFERENCE; SEARCH_ALIAS; RESULT_LINK,Equipment; City
heretic-merchant-grift-6,MÖRK BORG CULT: HERETIC,45,43,The Merchant / grift,Giant’s Chisel,Item,PRESENT_BUT_INDIRECT,P2,3,3,9,oracle:heretic.merchant.stock.grift → TABLE → 6,indirect: Giant’s Chisel; Merchant grift,no,yes,The full source effect (including Chip’s actual stats where applicable) is in the canonical stock row. Exact item names are not indexed; retrieving a specific purchase requires knowing the region/stock table.,"Index a named alias opening the existing row, with a soul-price link. Do not duplicate the source payload.",heretic:merchant-grift-6,ITEM_REFERENCE; SEARCH_ALIAS; RESULT_LINK,Equipment; City
heretic-blackpowder-rule,MÖRK BORG CULT: HERETIC,46,44,Blackpowder Weapons for the Rich and Foolhardy,"Blackpowder attack, armor, reload and noise rules",Rule,MISSING,P1,4,5,20,No usable application reference,no: blackpowder; firearms; reload; BWFTRAF,no,n/a,"The complete general blackpowder rules are absent from quick references and source tables. An AITC firearms mention is not this rule: source defines Presence DR14, ignored armor, reload limitations/time and noise consequences.",Add a source-specific quick rule linked to a static weapon/ammunition list; no combat simulator needed.,heretic:blackpowder-rule,QUICK_RULE; CONTEXT_LINK,Equipment; Combat
heretic-blackpowder-pistolet,MÖRK BORG CULT: HERETIC,46,44,Blackpowder Weapons for the Rich and Foolhardy,Pistolet,Item,MISSING,P2,3,5,15,No usable application reference,no: Pistolet,no,n/a,"Named weapon has printed damage/price and, where applicable, load, carry, multi-target or blast rules. No usable source item record exists. Generic Core equipment cannot substitute.","Add one named item reference from this page, linked to the shared blackpowder rule.",heretic:blackpowder-pistolet,ITEM_REFERENCE; SEARCH_ALIAS,Equipment; Combat
heretic-blackpowder-culverin,MÖRK BORG CULT: HERETIC,46,44,Blackpowder Weapons for the Rich and Foolhardy,Culverin,Item,MISSING,P2,3,5,15,No usable application reference,no: Culverin,no,n/a,"Named weapon has printed damage/price and, where applicable, load, carry, multi-target or blast rules. No usable source item record exists. Generic Core equipment cannot substitute.","Add one named item reference from this page, linked to the shared blackpowder rule.",heretic:blackpowder-culverin,ITEM_REFERENCE; SEARCH_ALIAS,Equipment; Combat
heretic-blackpowder-arquebus,MÖRK BORG CULT: HERETIC,46,44,Blackpowder Weapons for the Rich and Foolhardy,Arquebus,Item,MISSING,P2,3,5,15,No usable application reference,no: Arquebus,no,n/a,"Named weapon has printed damage/price and, where applicable, load, carry, multi-target or blast rules. No usable source item record exists. Generic Core equipment cannot substitute.","Add one named item reference from this page, linked to the shared blackpowder rule.",heretic:blackpowder-arquebus,ITEM_REFERENCE; SEARCH_ALIAS,Equipment; Combat
heretic-blackpowder-dragon,MÖRK BORG CULT: HERETIC,46,44,Blackpowder Weapons for the Rich and Foolhardy,Dragon,Item,MISSING,P2,3,5,15,No usable application reference,no: Dragon,no,n/a,"Named weapon has printed damage/price and, where applicable, load, carry, multi-target or blast rules. No usable source item record exists. Generic Core equipment cannot substitute.","Add one named item reference from this page, linked to the shared blackpowder rule.",heretic:blackpowder-dragon,ITEM_REFERENCE; SEARCH_ALIAS,Equipment; Combat
heretic-blackpowder-basilisk-gun,MÖRK BORG CULT: HERETIC,46,44,Blackpowder Weapons for the Rich and Foolhardy,Basilisk Gun,Item,MISSING,P2,3,5,15,No usable application reference,no: Basilisk Gun,no,n/a,"Named weapon has printed damage/price and, where applicable, load, carry, multi-target or blast rules. No usable source item record exists. Generic Core equipment cannot substitute.","Add one named item reference from this page, linked to the shared blackpowder rule.",heretic:blackpowder-basilisk-gun,ITEM_REFERENCE; SEARCH_ALIAS,Equipment; Combat
heretic-blackpowder-blunderbuss,MÖRK BORG CULT: HERETIC,46,44,Blackpowder Weapons for the Rich and Foolhardy,Blunderbuss,Item,MISSING,P2,3,5,15,No usable application reference,no: Blunderbuss,no,n/a,"Named weapon has printed damage/price and, where applicable, load, carry, multi-target or blast rules. No usable source item record exists. Generic Core equipment cannot substitute.","Add one named item reference from this page, linked to the shared blackpowder rule.",heretic:blackpowder-blunderbuss,ITEM_REFERENCE; SEARCH_ALIAS,Equipment; Combat
heretic-blackpowder-heavy-arquebus,MÖRK BORG CULT: HERETIC,46,44,Blackpowder Weapons for the Rich and Foolhardy,Heavy Arquebus,Item,MISSING,P2,3,5,15,No usable application reference,no: Heavy Arquebus,no,n/a,"Named weapon has printed damage/price and, where applicable, load, carry, multi-target or blast rules. No usable source item record exists. Generic Core equipment cannot substitute.","Add one named item reference from this page, linked to the shared blackpowder rule.",heretic:blackpowder-heavy-arquebus,ITEM_REFERENCE; SEARCH_ALIAS,Equipment; Combat
heretic-blackpowder-pepperbox-pistolet,MÖRK BORG CULT: HERETIC,46,44,Blackpowder Weapons for the Rich and Foolhardy,Pepperbox Pistolet,Item,MISSING,P2,3,5,15,No usable application reference,no: Pepperbox Pistolet,no,n/a,"Named weapon has printed damage/price and, where applicable, load, carry, multi-target or blast rules. No usable source item record exists. Generic Core equipment cannot substitute.","Add one named item reference from this page, linked to the shared blackpowder rule.",heretic:blackpowder-pepperbox-pistolet,ITEM_REFERENCE; SEARCH_ALIAS,Equipment; Combat
heretic-blackpowder-blackpowder-bomb,MÖRK BORG CULT: HERETIC,46,44,Blackpowder Weapons for the Rich and Foolhardy,Blackpowder Bomb,Item,MISSING,P2,3,5,15,No usable application reference,no: Blackpowder Bomb,no,n/a,"Named weapon has printed damage/price and, where applicable, load, carry, multi-target or blast rules. No usable source item record exists. Generic Core equipment cannot substitute.","Add one named item reference from this page, linked to the shared blackpowder rule.",heretic:blackpowder-blackpowder-bomb,ITEM_REFERENCE; SEARCH_ALIAS,Equipment; Combat
heretic-blackpowder-ribauldequin,MÖRK BORG CULT: HERETIC,46,44,Blackpowder Weapons for the Rich and Foolhardy,Ribauldequin,Item,MISSING,P2,3,5,15,No usable application reference,no: Ribauldequin,no,n/a,"Named weapon has printed damage/price and, where applicable, load, carry, multi-target or blast rules. No usable source item record exists. Generic Core equipment cannot substitute.","Add one named item reference from this page, linked to the shared blackpowder rule.",heretic:blackpowder-ribauldequin,ITEM_REFERENCE; SEARCH_ALIAS,Equipment; Combat
heretic-blackpowder-cannon,MÖRK BORG CULT: HERETIC,46,44,Blackpowder Weapons for the Rich and Foolhardy,Cannon,Item,MISSING,P2,3,5,15,No usable application reference,no: Cannon,no,n/a,"Named weapon has printed damage/price and, where applicable, load, carry, multi-target or blast rules. No usable source item record exists. Generic Core equipment cannot substitute.","Add one named item reference from this page, linked to the shared blackpowder rule.",heretic:blackpowder-cannon,ITEM_REFERENCE; SEARCH_ALIAS,Equipment; Combat
heretic-blackpowder-ammunition,MÖRK BORG CULT: HERETIC,46,44,Blackpowder Weapons for the Rich and Foolhardy,"Powdershot, basilisk-shot and cannon-shot prices",Table,MISSING,P2,3,4,12,No usable application reference,"no: Powdershot, basilisk-shot and cannon-shot prices",no,n/a,All three printed ammunition quantity/price rows are absent.,Include the three rows with the shared blackpowder equipment reference.,heretic:blackpowder-ammunition,TABLE_INDEX; ITEM_REFERENCE,Equipment
heretic-table-swampWitch-rumors,MÖRK BORG CULT: HERETIC,48,46,Sepulchre of the Swamp Witch,Sepulchre of the Swamp Witch — You Also Heard…,Table,RESOLVED,—,2,1,2,Reference Desk → oracle:heretic.swampWitch.rumors → ROLL / TABLE / SOURCE,yes: Sepulchre of the Swamp Witch — You Also Heard…,no,yes,"All table outcomes, dice and relevant effect text are present; canonical reference supports rolling or intentional full-table inspection. A completed table does not imply every surrounding scenario rule is covered.",None.,heretic:table-swampWitch-rumors,,Dungeon
heretic-swamp-emerald-serpent,MÖRK BORG CULT: HERETIC,51,49,Sepulchre of the Swamp Witch,Emerald Serpent,Creature,MISSING,P2,2,5,10,No usable application reference,no: Emerald Serpent,no,n/a,The source provides a distinct complete stat block with conditional attacks/venom/powers/resurrection as applicable. Existing wishes/rumor names are not creature definitions.,Add the printed creature definition and link relevant scenario table results; preserve any intentionally unprinted Morale.,heretic:swamp-emerald-serpent,MONSTER_REFERENCE; RESULT_LINK,Dungeon; Monster
heretic-swamp-strange-serpent-drug-cultist,MÖRK BORG CULT: HERETIC,51,49,Sepulchre of the Swamp Witch,Strange Serpent Drug Cultist,Creature,MISSING,P2,2,5,10,No usable application reference,no: Strange Serpent Drug Cultist,no,n/a,The source provides a distinct complete stat block with conditional attacks/venom/powers/resurrection as applicable. Existing wishes/rumor names are not creature definitions.,Add the printed creature definition and link relevant scenario table results; preserve any intentionally unprinted Morale.,heretic:swamp-strange-serpent-drug-cultist,MONSTER_REFERENCE; RESULT_LINK,Dungeon; Monster
heretic-swamp-ueth-the-scalehunter,MÖRK BORG CULT: HERETIC,52,50,Sepulchre of the Swamp Witch,Ueth the Scalehunter,Creature,MISSING,P2,2,5,10,No usable application reference,no: Ueth the Scalehunter,no,n/a,The source provides a distinct complete stat block with conditional attacks/venom/powers/resurrection as applicable. Existing wishes/rumor names are not creature definitions.,Add the printed creature definition and link relevant scenario table results; preserve any intentionally unprinted Morale.,heretic:swamp-ueth-the-scalehunter,MONSTER_REFERENCE; RESULT_LINK,Dungeon; Monster
heretic-swamp-forked-tongue-devotee,MÖRK BORG CULT: HERETIC,54,52,Sepulchre of the Swamp Witch,Forked-Tongue Devotee,Creature,MISSING,P2,2,5,10,No usable application reference,no: Forked-Tongue Devotee,no,n/a,The source provides a distinct complete stat block with conditional attacks/venom/powers/resurrection as applicable. Existing wishes/rumor names are not creature definitions.,Add the printed creature definition and link relevant scenario table results; preserve any intentionally unprinted Morale.,heretic:swamp-forked-tongue-devotee,MONSTER_REFERENCE; RESULT_LINK,Dungeon; Monster
heretic-swamp-the-swamp-witch,MÖRK BORG CULT: HERETIC,57,55,Sepulchre of the Swamp Witch,The Swamp Witch,Creature,MISSING,P2,2,5,10,No usable application reference,no: The Swamp Witch,no,n/a,The source provides a distinct complete stat block with conditional attacks/venom/powers/resurrection as applicable. Existing wishes/rumor names are not creature definitions.,Add the printed creature definition and link relevant scenario table results; preserve any intentionally unprinted Morale.,heretic:swamp-the-swamp-witch,MONSTER_REFERENCE; RESULT_LINK,Dungeon; Monster
heretic-swamp-srolki,MÖRK BORG CULT: HERETIC,58,56,Sepulchre of the Swamp Witch,Srolki,Creature,MISSING,P2,2,5,10,No usable application reference,no: Srolki,no,n/a,The source provides a distinct complete stat block with conditional attacks/venom/powers/resurrection as applicable. Existing wishes/rumor names are not creature definitions.,Add the printed creature definition and link relevant scenario table results; preserve any intentionally unprinted Morale.,heretic:swamp-srolki,MONSTER_REFERENCE; RESULT_LINK,Dungeon; Monster
heretic-swamp-yaoxl,MÖRK BORG CULT: HERETIC,58,56,Sepulchre of the Swamp Witch,Yaoxl,Creature,MISSING,P2,2,5,10,No usable application reference,no: Yaoxl,no,n/a,The source provides a distinct complete stat block with conditional attacks/venom/powers/resurrection as applicable. Existing wishes/rumor names are not creature definitions.,Add the printed creature definition and link relevant scenario table results; preserve any intentionally unprinted Morale.,heretic:swamp-yaoxl,MONSTER_REFERENCE; RESULT_LINK,Dungeon; Monster
heretic-swamp-emerald-venom,MÖRK BORG CULT: HERETIC,50; 51,"48, 49",Sepulchre of the Swamp Witch,Emerald Venom and invisible passage rules,Rule,MISSING,P2,2,5,10,No usable application reference,no: Emerald Venom and invisible passage rules,no,n/a,"Duration, initiative/fumble penalties and perception/door conditions are absent.",Add the short literal source-specific reference; do not manufacture missing stats or generalize the scenario.,heretic:swamp-emerald-venom,QUICK_RULE,Dungeon; Equipment; Powers
heretic-swamp-slithering-strangulation,MÖRK BORG CULT: HERETIC,52,50,Sepulchre of the Swamp Witch,Slithering Strangulation,Power,MISSING,P2,2,5,10,No usable application reference,no: Slithering Strangulation,no,n/a,Named source scroll with count/duration/damage/retarget risk is entirely absent.,Add the short literal source-specific reference; do not manufacture missing stats or generalize the scenario.,heretic:swamp-slithering-strangulation,POWER_REFERENCE,Dungeon; Equipment; Powers
heretic-swamp-croaking-trident,MÖRK BORG CULT: HERETIC,55,53,Sepulchre of the Swamp Witch,The Croaking Trident,Item,MISSING,P2,2,5,10,No usable application reference,no: The Croaking Trident,no,n/a,Damage types and kill-count transformation thresholds are absent.,Add the short literal source-specific reference; do not manufacture missing stats or generalize the scenario.,heretic:swamp-croaking-trident,ITEM_REFERENCE,Dungeon; Equipment; Powers
heretic-swamp-lunar-zweihander,MÖRK BORG CULT: HERETIC,57,55,Sepulchre of the Swamp Witch,Lunar Zweihänder,Item,MISSING,P2,2,5,10,No usable application reference,no: Lunar Zweihänder,no,n/a,"Armor exception and radiance effect are absent; tied to source Swamp Witch weapon, not a generic two-handed sword.",Add the short literal source-specific reference; do not manufacture missing stats or generalize the scenario.,heretic:swamp-lunar-zweihander,ITEM_REFERENCE,Dungeon; Equipment; Powers
heretic-swamp-ranseur-maelstrom,MÖRK BORG CULT: HERETIC,58,56,Sepulchre of the Swamp Witch,Ranseur of the Maelström,Item,MISSING,P2,2,5,10,No usable application reference,no: Ranseur of the Maelström,no,n/a,Source weapon’s damage and life transfer are absent; Yaoxl name in wishes does not expose it.,Add the short literal source-specific reference; do not manufacture missing stats or generalize the scenario.,heretic:swamp-ranseur-maelstrom,ITEM_REFERENCE,Dungeon; Equipment; Powers
heretic-swamp-venomous-adders,MÖRK BORG CULT: HERETIC,55,53,Sepulchre of the Swamp Witch,Venomous adders guarding the Hidden Ferns,Rule,MISSING,P2,2,5,10,No usable application reference,no: Venomous adders guarding the Hidden Ferns,no,n/a,"Source describes an Agility hazard/conditional bite, not an independent HP statblock. The actual hazard is absent.",Add the short literal source-specific reference; do not manufacture missing stats or generalize the scenario.,heretic:swamp-venomous-adders,QUICK_RULE,Dungeon; Equipment; Powers
heretic-swamp-ethereal-snakes,MÖRK BORG CULT: HERETIC,52,50,Sepulchre of the Swamp Witch,Ethereal ceiling snakes,Rule,MISSING,P2,2,5,10,No usable application reference,no: Ethereal ceiling snakes,no,n/a,Two-attack damage-and-disappear response is absent; source supplies no full creature stats.,Add the short literal source-specific reference; do not manufacture missing stats or generalize the scenario.,heretic:swamp-ethereal-snakes,QUICK_RULE,Dungeon; Equipment; Powers
heretic-swamp-klopstock-ring,MÖRK BORG CULT: HERETIC,54,52,Sepulchre of the Swamp Witch,Klopstock ruby ring,Item,MISSING,P2,2,5,10,No usable application reference,no: Klopstock ruby ring,no,n/a,Source-specific ordinary sale value and named-heir return value are absent.,Add the short literal source-specific reference; do not manufacture missing stats or generalize the scenario.,heretic:swamp-klopstock-ring,ITEM_REFERENCE,Dungeon; Equipment; Powers
heretic-table-swampWitch-wishes,MÖRK BORG CULT: HERETIC,59,57,Sepulchre of the Swamp Witch,Sepulchre of the Swamp Witch — Wishes,Table,RESOLVED,—,2,1,2,Reference Desk → oracle:heretic.swampWitch.wishes → ROLL / TABLE / SOURCE,yes: Sepulchre of the Swamp Witch — Wishes,no,yes,"All table outcomes, dice and relevant effect text are present; canonical reference supports rolling or intentional full-table inspection. A completed table does not imply every surrounding scenario rule is covered.",None.,heretic:table-swampWitch-wishes,,Dungeon
heretic-wish-procedure,MÖRK BORG CULT: HERETIC,59,57,Sepulchre of the Swamp Witch,"Dead Root Altar wishes, willing sacrifice and Doom exception",Procedure,PARTIAL,P2,2,5,10,oracle:heretic.swampWitch.wishes → SOURCE (trigger only),"indirect: Dead Root Altar wishes, willing sacrifice and Doom exception",no,yes,Six aftermath results and the unwilling-only trigger note are present. The fixed willing-sacrifice damage/tests/witch arrival and the precise delay-of-Doom rule are not in the application; table existence alone cannot run this procedure.,"Add a short precondition/outcome rule linked to the existing d6 table, distinguishing the fixed willing branch from rollable aftermath.",heretic:wish-procedure,QUICK_RULE; PROCEDURE,Dungeon
heretic-bowyers-bow,MÖRK BORG CULT: HERETIC,60,58,The Bone Bowyer,The Bowyer’s Bow,Item,MISSING,P2,3,5,15,No usable application reference,no: The Bowyer’s Bow,no,n/a,"Creature record preserves its own attack but not the usable bow’s miss-retarget loop or immunity exception. This is a separate source item, not merely the creature weapon’s damage.",Add the named item’s full concise rule and link it from the Bone Bowyer result.,heretic:bowyers-bow,ITEM_REFERENCE; RESULT_LINK,Equipment; Monster
heretic-bowyer-services,MÖRK BORG CULT: HERETIC,60,58,The Bone Bowyer,Unsavory Services,Table,MISSING,P2,2,4,8,No usable application reference,no: Unsavory Services,no,n/a,"Six source commission prompts for obtaining a bow are absent. The source supplies a request list, no die instruction.",Add a non-rollable source option list under the Bowyer service/item reference.,heretic:bowyer-services,TABLE_INDEX; RESULT_LINK,NPC; Equipment
heretic-bitor-valuation,MÖRK BORG CULT: HERETIC,63,61,Borg Bitor,Borg Bitor trade valuations and intact black egg,Table,PRESENT_BUT_INDIRECT,P2,2,3,6,Monsters → load Borg Bitor preset → notes; direct Reference omits valuations,indirect: Borg Bitor; Devil’s Glue; Intact black egg,no,n/a,"Alive/glue/mandible/egg values exist in record.valuation and generated Monster notes. Direct Reference result omits notes, so these useful values are not available from ordinary lookup.",Expose a quiet trade-values disclosure from existing valuation metadata.,heretic:bitor-valuation,ITEM_REFERENCE; RESULT_LINK,Equipment; Monster
heretic-table-nurse-corridorNorth,MÖRK BORG CULT: HERETIC,66,Unnumbered fold / cover,Nurse the Rot,Nurse the Rot — Corridor North,Table,RESOLVED,—,2,1,2,Reference Desk → oracle:heretic.nurse.corridorNorth → ROLL / TABLE / SOURCE,yes: Nurse the Rot — Corridor North,no,yes,"All table outcomes, dice and relevant effect text are present; canonical reference supports rolling or intentional full-table inspection. A completed table does not imply every surrounding scenario rule is covered.",None.,heretic:table-nurse-corridorNorth,,Dungeon
heretic-nurse-alert,MÖRK BORG CULT: HERETIC,67,"Last fold, unnumbered",Nurse the Rot,Rotten Nurse alert and investigation procedure,Rule,MISSING,P2,2,4,8,No usable application reference,no: Rotten Nurse alert and investigation procedure,no,n/a,"Four alert triggers, destination d4+1 and ten-minute reroll are absent.",Add a concise scenario-local rule; preserve map/discovery detail in PDF.,heretic:nurse-alert,QUICK_RULE,Dungeon
heretic-nurse-corridor-east,MÖRK BORG CULT: HERETIC,67,"Last fold, unnumbered",Nurse the Rot,Corridor East well-spider hazard,Rule,MISSING,P2,2,4,8,No usable application reference,no: Corridor East well-spider hazard,no,n/a,The low Agility DR and instantly fatal caught consequence are absent; no separate monster HP is provided.,Add a concise scenario-local rule; preserve map/discovery detail in PDF.,heretic:nurse-corridor-east,QUICK_RULE,Dungeon
heretic-nurse-poisoned-coins,MÖRK BORG CULT: HERETIC,67,"Last fold, unnumbered",Nurse the Rot,Poisoned corpse coins,Rule,MISSING,P2,2,4,8,No usable application reference,no: Poisoned corpse coins,no,n/a,Amount and one-in-twenty fatal contact risk are absent.,Add a concise scenario-local rule; preserve map/discovery detail in PDF.,heretic:nurse-poisoned-coins,QUICK_RULE,Dungeon
heretic-nurse-nest-advancement,MÖRK BORG CULT: HERETIC,66,"Last fold, unnumbered",Nurse the Rot,Bitor Nest improvement and healing fungus,Rule,MISSING,P2,2,4,8,No usable application reference,no: Bitor Nest improvement and healing fungus,no,n/a,Source awards only ability/HP improvement on entry and a healing fungus amount; both quick rules are absent.,Add a concise scenario-local rule; preserve map/discovery detail in PDF.,heretic:nurse-nest-advancement,QUICK_RULE,Dungeon
heretic-nurse-bomb,MÖRK BORG CULT: HERETIC,67,"Last fold, unnumbered",Nurse the Rot,Bomb in Dim Room,Item,MISSING,P2,2,4,8,No usable application reference,no: Bomb in Dim Room,no,n/a,The source provides a compact bomb damage instruction. No source item reference exposes it.,Link to this local bomb text and distinguish its wording from the Blackpowder Bomb general entry.,heretic:nurse-bomb,ITEM_REFERENCE,Equipment; Dungeon
heretic-staff-awful-light,MÖRK BORG CULT: HERETIC,66,"Last fold, unnumbered",Nurse the Rot,Staff of Awful Light,Source reference,SOURCE_UNAVAILABLE,P3,1,2,2,No usable application reference,no: Staff of Awful Light,no,n/a,"The supplied adventure names the staff as the objective and locates it, but provides no effect or stat rule. No application omission can be inferred for mechanics the PDF never states.",Preserve the named objective/source link if desired; do not invent a Power or item effect.,heretic:staff-awful-light,SOURCE_MISSING,Dungeon
feretory-front-art,MÖRK BORG CULT: FERETORY,1; 4; 5; 10; 11; 13,Unnumbered / fold or cover; see page ledger,Visual / long-form source,"Covers, credits and chapter-opening artwork",Long-form,PDF_APPROPRIATE,—,—,—,—,Original supplied PDF,"n/a: Covers, credits and chapter-opening artwork",n/a,n/a,"Keeping scenario geography, scene-setting and artwork in the supplied PDF is appropriate. Quick stat blocks, named item effects and mechanical triggers on the same pages are audited as separate actionable rows.",None.,feretory:front-art,PDF_APPROPRIATE,Dungeon
feretory-ziggurat-long,MÖRK BORG CULT: FERETORY,24; 25; 26; 27; 28; 29; 30; 31; 32; 33,"22, 23, 24, 25, 26, 27, 28, 29, 30, 31",Visual / long-form source,"The Death Ziggurat map, premise and keyed location prose",Long-form,PDF_APPROPRIATE,—,—,—,—,Original supplied PDF,"n/a: The Death Ziggurat map, premise and keyed location prose",n/a,n/a,"Keeping scenario geography, scene-setting and artwork in the supplied PDF is appropriate. Quick stat blocks, named item effects and mechanical triggers on the same pages are audited as separate actionable rows.",None.,feretory:ziggurat-long,PDF_APPROPRIATE,Dungeon
feretory-grinder-long,MÖRK BORG CULT: FERETORY,35; 36; 37; 38; 39; 40; 41; 42; 43; 44; 45; 46; 47; 48,"33, 34, 35, 36, 37, 38, 39, 40, 41, 42, 43, 44, 45, 46",Visual / long-form source,"The Goblin Grinder premise, maps and keyed location prose",Long-form,PDF_APPROPRIATE,—,—,—,—,Original supplied PDF,"n/a: The Goblin Grinder premise, maps and keyed location prose",n/a,n/a,"Keeping scenario geography, scene-setting and artwork in the supplied PDF is appropriate. Quick stat blocks, named item effects and mechanical triggers on the same pages are audited as separate actionable rows.",None.,feretory:grinder-long,PDF_APPROPRIATE,Dungeon
feretory-reliquary-art,MÖRK BORG CULT: FERETORY,49,47,Visual / long-form source,Tenebrous Reliquary opening art and credits,Long-form,PDF_APPROPRIATE,—,—,—,—,Original supplied PDF,n/a: Tenebrous Reliquary opening art and credits,n/a,n/a,"Keeping scenario geography, scene-setting and artwork in the supplied PDF is appropriate. Quick stat blocks, named item effects and mechanical triggers on the same pages are audited as separate actionable rows.",None.,feretory:reliquary-art,PDF_APPROPRIATE,Dungeon
feretory-class-art,MÖRK BORG CULT: FERETORY,59; 61; 63; 67,Unnumbered / fold or cover; see page ledger,Visual / long-form source,Class illustrations and blank/low-text art folds,Long-form,PDF_APPROPRIATE,—,—,—,—,Original supplied PDF,n/a: Class illustrations and blank/low-text art folds,n/a,n/a,"Keeping scenario geography, scene-setting and artwork in the supplied PDF is appropriate. Quick stat blocks, named item effects and mechanical triggers on the same pages are audited as separate actionable rows.",None.,feretory:class-art,PDF_APPROPRIATE,Dungeon
heretic-front-art,MÖRK BORG CULT: HERETIC,1; 4; 5; 13; 15; 16; 17,Unnumbered / fold or cover; see page ledger,Visual / long-form source,"Cover, credits and class/chapter artwork",Long-form,PDF_APPROPRIATE,—,—,—,—,Original supplied PDF,"n/a: Cover, credits and class/chapter artwork",n/a,n/a,"Keeping scenario geography, scene-setting and artwork in the supplied PDF is appropriate. Quick stat blocks, named item effects and mechanical triggers on the same pages are audited as separate actionable rows.",None.,heretic:front-art,PDF_APPROPRIATE,Dungeon
heretic-graves-long,MÖRK BORG CULT: HERETIC,18; 19; 20; 21; 22; 23; 24; 25; 26; 27; 28; 29; 30; 31; 32; 33,"16, 17, 18, 19, 20, 21, 22, 23, 24, 25, 26, 27, 28, 29, 30, 31",Visual / long-form source,"Graves Left Wanting premise, keyed map and long-form location text",Long-form,PDF_APPROPRIATE,—,—,—,—,Original supplied PDF,"n/a: Graves Left Wanting premise, keyed map and long-form location text",n/a,n/a,"Keeping scenario geography, scene-setting and artwork in the supplied PDF is appropriate. Quick stat blocks, named item effects and mechanical triggers on the same pages are audited as separate actionable rows.",None.,heretic:graves-long,PDF_APPROPRIATE,Dungeon
heretic-bloat-long,MÖRK BORG CULT: HERETIC,34; 35,"32, 33",Visual / long-form source,Bloat map and long-form adventure structure,Long-form,PDF_APPROPRIATE,—,—,—,—,Original supplied PDF,n/a: Bloat map and long-form adventure structure,n/a,n/a,"Keeping scenario geography, scene-setting and artwork in the supplied PDF is appropriate. Quick stat blocks, named item effects and mechanical triggers on the same pages are audited as separate actionable rows.",None.,heretic:bloat-long,PDF_APPROPRIATE,Dungeon
heretic-merchant-long,MÖRK BORG CULT: HERETIC,38; 39; 40; 41,"36, 37, 38, 39",Visual / long-form source,Mikhael background and chapter artwork,Long-form,PDF_APPROPRIATE,—,—,—,—,Original supplied PDF,n/a: Mikhael background and chapter artwork,n/a,n/a,"Keeping scenario geography, scene-setting and artwork in the supplied PDF is appropriate. Quick stat blocks, named item effects and mechanical triggers on the same pages are audited as separate actionable rows.",None.,heretic:merchant-long,PDF_APPROPRIATE,Dungeon
heretic-swamp-long,MÖRK BORG CULT: HERETIC,47; 48; 49; 50; 51; 52; 53; 54; 55; 56; 57; 58; 59,"45, 46, 47, 48, 49, 50, 51, 52, 53, 54, 55, 56, 57",Visual / long-form source,"Swamp Witch map, premise, hidden routes and keyed prose",Long-form,PDF_APPROPRIATE,—,—,—,—,Original supplied PDF,"n/a: Swamp Witch map, premise, hidden routes and keyed prose",n/a,n/a,"Keeping scenario geography, scene-setting and artwork in the supplied PDF is appropriate. Quick stat blocks, named item effects and mechanical triggers on the same pages are audited as separate actionable rows.",None.,heretic:swamp-long,PDF_APPROPRIATE,Dungeon
heretic-late-art,MÖRK BORG CULT: HERETIC,61; 63; 64; 65; 66; 67; 68,Unnumbered / fold or cover; see page ledger,Visual / long-form source,"Creature background, Bitor’s Spawn lore, Nurse the Rot map, art and back-cover poem",Long-form,PDF_APPROPRIATE,—,—,—,—,Original supplied PDF,"n/a: Creature background, Bitor’s Spawn lore, Nurse the Rot map, art and back-cover poem",n/a,n/a,"Keeping scenario geography, scene-setting and artwork in the supplied PDF is appropriate. Quick stat blocks, named item effects and mechanical triggers on the same pages are audited as separate actionable rows.",None.,heretic:late-art,PDF_APPROPRIATE,Dungeon
dark-fort-source-aid,DARK FORT,1; 2; 3,Unnumbered / source-specific,Independent / auxiliary / duplicate source,DARK FORT independent solo microgame,Aid,PDF_APPROPRIATE,—,—,—,—,Original supplied PDF,n/a: DARK FORT independent solo microgame,n/a,n/a,"The PDF explicitly identifies a separate predecessor microgame. Its d6-vs-monster-points combat, fixed Kargunt character, own inventory/level rules, room tables and monsters are not ordinary MÖRK BORG missing rules. Keep as a separately identified standalone game PDF; do not mix its statlines into MB generators.",None.,dark-fort:source-aid,PDF_APPROPRIATE,Solo
dark-fort-sheet-source-aid,DARK FORT SHEET,1,Unnumbered / source-specific,Independent / auxiliary / duplicate source,DARK FORT Kargunt worksheet,Aid,PDF_APPROPRIATE,—,—,—,—,Original supplied PDF,n/a: DARK FORT Kargunt worksheet,n/a,n/a,"Auxiliary printable character/map sheet for the independent DARK FORT microgame, not an MB class or campaign schema requirement.",None.,dark-fort-sheet:source-aid,PDF_APPROPRIATE,Solo
feretory-sv-source-aid,MBC FERETORY Svenska texter,1; 2; 3; 4; 5; 6; 7; 8; 9; 10,Unnumbered / source-specific,Independent / auxiliary / duplicate source,Swedish FERETORY alternate-language source,Aid,PDF_APPROPRIATE,—,—,—,—,Original supplied PDF,n/a: Swedish FERETORY alternate-language source,n/a,n/a,"Cover plus Swedish Monster Approaches, traits, Grey Galth Inn, Three Dead Skulls, Philosopher, Ochre Tablets, Black Salt and art. These overlap FER English sections with edition/translation differences; not a second set of missing MB rules. Do not silently replace English canonical fragments with Swedish wording.",None.,feretory-sv:source-aid,PDF_APPROPRIATE,Dungeon
death-ziggurat-map-source-aid,The Death Ziggurat — Player Map,1,Unnumbered / source-specific,Independent / auxiliary / duplicate source,Death Ziggurat player-facing hex map,Aid,PDF_APPROPRIATE,—,—,—,—,Original supplied PDF,n/a: Death Ziggurat player-facing hex map,n/a,n/a,Auxiliary player handout with one-hex/15-minute scale. It is not an additional oracle or independent adventure. The scale/exploration need is counted under FER PDF27–29.,None.,death-ziggurat-map:source-aid,PDF_APPROPRIATE,Dungeon
reclvse-reclvse-dungeonorigin,RECLVSE,86,86,Dungeon Origin,Dungeon Origin,Table,RESOLVED,—,3,1,3,Reference Desk → oracle:reclvse.dungeonOrigin,yes: Dungeon Origin,no,yes,The canonical table has usable original results and visible roll ranges; no additional mandatory rule is needed for this standalone lookup.,None.,reclvse-reclvse-dungeonorigin,,Solo
reclvse-reclvse-dungeonpurposethen,RECLVSE,86,86,Dungeon Purpose (Then),Dungeon Purpose (Then),Table,RESOLVED,—,3,1,3,Reference Desk → oracle:reclvse.dungeonPurposeThen,yes: Dungeon Purpose (Then),no,yes,The canonical table has usable original results and visible roll ranges; no additional mandatory rule is needed for this standalone lookup.,None.,reclvse-reclvse-dungeonpurposethen,,Solo
reclvse-reclvse-dungeonpurposenow,RECLVSE,86,86,Dungeon Purpose (Now),Dungeon Purpose (Now),Table,RESOLVED,—,3,1,3,Reference Desk → oracle:reclvse.dungeonPurposeNow,yes: Dungeon Purpose (Now),no,yes,The canonical table has usable original results and visible roll ranges; no additional mandatory rule is needed for this standalone lookup.,None.,reclvse-reclvse-dungeonpurposenow,,Solo
reclvse-reclvse-dungeontheme,RECLVSE,86,86,Dungeon Theme,Dungeon Theme,Table,RESOLVED,—,3,1,3,Reference Desk → oracle:reclvse.dungeonTheme,yes: Dungeon Theme,no,yes,The canonical table has usable original results and visible roll ranges; no additional mandatory rule is needed for this standalone lookup.,None.,reclvse-reclvse-dungeontheme,,Solo
reclvse-reclvse-dungeonarchitecture,RECLVSE,86,86,Dungeon Architecture,Dungeon Architecture,Table,RESOLVED,—,3,1,3,Reference Desk → oracle:reclvse.dungeonArchitecture,yes: Dungeon Architecture,no,yes,The canonical table has usable original results and visible roll ranges; no additional mandatory rule is needed for this standalone lookup.,None.,reclvse-reclvse-dungeonarchitecture,,Solo
reclvse-reclvse-dungeoncondition,RECLVSE,87,87,Dungeon Condition,Dungeon Condition,Table,RESOLVED,—,3,1,3,Reference Desk → oracle:reclvse.dungeonCondition,yes: Dungeon Condition,no,yes,The canonical table has usable original results and visible roll ranges; no additional mandatory rule is needed for this standalone lookup.,None.,reclvse-reclvse-dungeoncondition,,Solo
reclvse-reclvse-dungeonentrance,RECLVSE,87,87,Dungeon Entrance,Dungeon Entrance,Table,RESOLVED,—,3,1,3,Reference Desk → oracle:reclvse.dungeonEntrance,yes: Dungeon Entrance,no,yes,The canonical table has usable original results and visible roll ranges; no additional mandatory rule is needed for this standalone lookup.,None.,reclvse-reclvse-dungeonentrance,,Solo
reclvse-reclvse-dungeoninhabitants,RECLVSE,87,87,Current Inhabitants,Current Inhabitants,Table,RESOLVED,—,3,1,3,Reference Desk → oracle:reclvse.dungeonInhabitants,yes: Current Inhabitants,no,yes,The canonical table has usable original results and visible roll ranges; no additional mandatory rule is needed for this standalone lookup.,None.,reclvse-reclvse-dungeoninhabitants,,Solo
reclvse-reclvse-dungeonmotive,RECLVSE,87,87,Primary Motive Within,Primary Motive Within,Table,RESOLVED,—,3,1,3,Reference Desk → oracle:reclvse.dungeonMotive,yes: Primary Motive Within,no,yes,The canonical table has usable original results and visible roll ranges; no additional mandatory rule is needed for this standalone lookup.,None.,reclvse-reclvse-dungeonmotive,,Solo
reclvse-reclvse-entrancestate,RECLVSE,88,88,Entrance State,Entrance State,Table,RESOLVED,—,3,1,3,Reference Desk → oracle:reclvse.entranceState,yes: Entrance State,no,yes,The canonical table has usable original results and visible roll ranges; no additional mandatory rule is needed for this standalone lookup.,None.,reclvse-reclvse-entrancestate,,Solo
reclvse-reclvse-entranceimpression,RECLVSE,88,88,First Impression,First Impression,Table,RESOLVED,—,3,1,3,Reference Desk → oracle:reclvse.entranceImpression,yes: First Impression,no,yes,The canonical table has usable original results and visible roll ranges; no additional mandatory rule is needed for this standalone lookup.,None.,reclvse-reclvse-entranceimpression,,Solo
reclvse-reclvse-entrancehazard,RECLVSE,88,88,Entrance Hazard,Entrance Hazard,Table,RESOLVED,—,3,1,3,Reference Desk → oracle:reclvse.entranceHazard,yes: Entrance Hazard,no,yes,The canonical table has usable original results and visible roll ranges; no additional mandatory rule is needed for this standalone lookup.,None.,reclvse-reclvse-entrancehazard,,Solo
reclvse-reclvse-entrancesounds,RECLVSE,88,88,Entrance Sounds,Entrance Sounds,Table,RESOLVED,—,3,1,3,Reference Desk → oracle:reclvse.entranceSounds,yes: Entrance Sounds,no,yes,The canonical table has usable original results and visible roll ranges; no additional mandatory rule is needed for this standalone lookup.,None.,reclvse-reclvse-entrancesounds,,Solo
reclvse-reclvse-entrancesmells,RECLVSE,89,89,Entrance Smells,Entrance Smells,Table,RESOLVED,—,3,1,3,Reference Desk → oracle:reclvse.entranceSmells,yes: Entrance Smells,no,yes,The canonical table has usable original results and visible roll ranges; no additional mandatory rule is needed for this standalone lookup.,None.,reclvse-reclvse-entrancesmells,,Solo
reclvse-reclvse-entrancesigns,RECLVSE,89,89,Entrance Signs,Entrance Signs,Table,RESOLVED,—,3,1,3,Reference Desk → oracle:reclvse.entranceSigns,yes: Entrance Signs,no,yes,The canonical table has usable original results and visible roll ranges; no additional mandatory rule is needed for this standalone lookup.,None.,reclvse-reclvse-entrancesigns,,Solo
reclvse-reclvse-entrancechallenge,RECLVSE,89,89,Immediate Challenge,Immediate Challenge,Table,RESOLVED,—,3,1,3,Reference Desk → oracle:reclvse.entranceChallenge,yes: Immediate Challenge,no,yes,The canonical table has usable original results and visible roll ranges; no additional mandatory rule is needed for this standalone lookup.,None.,reclvse-reclvse-entrancechallenge,,Solo
reclvse-reclvse-entrancehelp,RECLVSE,89,89,Possible Help,Possible Help,Table,RESOLVED,—,3,1,3,Reference Desk → oracle:reclvse.entranceHelp,yes: Possible Help,no,yes,The canonical table has usable original results and visible roll ranges; no additional mandatory rule is needed for this standalone lookup.,None.,reclvse-reclvse-entrancehelp,,Solo
reclvse-reclvse-quicksizeshape,RECLVSE,90,90,Room Size & Shape,Room Size & Shape,Table,PRESENT_BUT_INDIRECT,P2,3,2,6,Reference Desk → oracle:reclvse.quickSizeShape,yes: Room Size & Shape,no,yes,Full special-use instructions are in SOURCE rather than the main table/result: the source asks for two rolls on a combined size/shape list.,Expose a concise use instruction and existing related-table link without changing the printed procedure.,reclvse-reclvse-quicksizeshape,SEARCH_ALIAS,Solo
reclvse-reclvse-quickatmosphere,RECLVSE,90,90,Atmosphere,Atmosphere,Table,RESOLVED,—,3,1,3,Reference Desk → oracle:reclvse.quickAtmosphere,yes: Atmosphere,no,yes,The canonical table has usable original results and visible roll ranges; no additional mandatory rule is needed for this standalone lookup.,None.,reclvse-reclvse-quickatmosphere,,Solo
reclvse-reclvse-quickdressing,RECLVSE,90,90,Dressing,Dressing,Table,RESOLVED,—,3,1,3,Reference Desk → oracle:reclvse.quickDressing,yes: Dressing,no,yes,The canonical table has usable original results and visible roll ranges; no additional mandatory rule is needed for this standalone lookup.,None.,reclvse-reclvse-quickdressing,,Solo
reclvse-reclvse-quickcontents,RECLVSE,90,90,Contents,Contents,Table,PRESENT_BUT_INDIRECT,P2,3,2,6,Reference Desk → oracle:reclvse.quickContents,yes: Contents,no,yes,"Original selector/follow-up text is present, but the selected named target is not a direct canonical link in the ordinary standalone result. The player must search the next table separately.",Resolve only the explicit source-named targets into canonical result links; leave optional selection and recursion under player control.,reclvse-reclvse-quickcontents,RESULT_LINK,Solo
reclvse-reclvse-quickexits,RECLVSE,90,90,Exits,Exits,Table,RESOLVED,—,3,1,3,Reference Desk → oracle:reclvse.quickExits,yes: Exits,no,yes,The canonical table has usable original results and visible roll ranges; no additional mandatory rule is needed for this standalone lookup.,None.,reclvse-reclvse-quickexits,,Solo
reclvse-reclvse-roomsize,RECLVSE,90,90,Room Size,Room Size,Table,RESOLVED,—,3,1,3,Reference Desk → oracle:reclvse.roomSize,yes: Room Size,no,yes,The canonical table has usable original results and visible roll ranges; no additional mandatory rule is needed for this standalone lookup.,None.,reclvse-reclvse-roomsize,,Solo
reclvse-reclvse-architecture,RECLVSE,91,91,Architecture & Structure,Architecture & Structure,Table,RESOLVED,—,3,1,3,Reference Desk → oracle:reclvse.architecture,yes: Architecture & Structure,no,yes,The canonical table has usable original results and visible roll ranges; no additional mandatory rule is needed for this standalone lookup.,None.,reclvse-reclvse-architecture,,Solo
reclvse-reclvse-roomshape,RECLVSE,91,91,Room Shape,Room Shape,Table,RESOLVED,—,3,1,3,Reference Desk → oracle:reclvse.roomShape,yes: Room Shape,no,yes,The canonical table has usable original results and visible roll ranges; no additional mandatory rule is needed for this standalone lookup.,None.,reclvse-reclvse-roomshape,,Solo
reclvse-reclvse-roompurpose,RECLVSE,91,91,Room Purpose,Room Purpose,Table,RESOLVED,—,3,1,3,Reference Desk → oracle:reclvse.roomPurpose,yes: Room Purpose,no,yes,The canonical table has usable original results and visible roll ranges; no additional mandatory rule is needed for this standalone lookup.,None.,reclvse-reclvse-roompurpose,,Solo
reclvse-reclvse-light,RECLVSE,91,91,Light & Visibility,Light & Visibility,Table,RESOLVED,—,3,1,3,Reference Desk → oracle:reclvse.light,yes: Light & Visibility,no,yes,The canonical table has usable original results and visible roll ranges; no additional mandatory rule is needed for this standalone lookup.,None.,reclvse-reclvse-light,,Solo
reclvse-reclvse-air,RECLVSE,91,91,Air / Temperature,Air / Temperature,Table,RESOLVED,—,3,1,3,Reference Desk → oracle:reclvse.air,yes: Air / Temperature,no,yes,The canonical table has usable original results and visible roll ranges; no additional mandatory rule is needed for this standalone lookup.,None.,reclvse-reclvse-air,,Solo
reclvse-reclvse-smells,RECLVSE,92,92,Room Smells,Room Smells,Table,RESOLVED,—,3,1,3,Reference Desk → oracle:reclvse.smells,yes: Room Smells,no,yes,The canonical table has usable original results and visible roll ranges; no additional mandatory rule is needed for this standalone lookup.,None.,reclvse-reclvse-smells,,Solo
reclvse-reclvse-dressing,RECLVSE,92,92,Room Dressing,Room Dressing,Table,RESOLVED,—,3,1,3,Reference Desk → oracle:reclvse.dressing,yes: Room Dressing,no,yes,The canonical table has usable original results and visible roll ranges; no additional mandatory rule is needed for this standalone lookup.,None.,reclvse-reclvse-dressing,,Solo
reclvse-reclvse-contentscategory,RECLVSE,92,92,Room Contents,Room Contents,Table,PRESENT_BUT_INDIRECT,P2,3,2,6,Reference Desk → oracle:reclvse.contentsCategory,yes: Room Contents,no,yes,"Original selector/follow-up text is present, but the selected named target is not a direct canonical link in the ordinary standalone result. The player must search the next table separately.",Resolve only the explicit source-named targets into canonical result links; leave optional selection and recursion under player control.,reclvse-reclvse-contentscategory,RESULT_LINK,Solo
reclvse-reclvse-sounds,RECLVSE,92,92,Room Sounds,Room Sounds,Table,RESOLVED,—,3,1,3,Reference Desk → oracle:reclvse.sounds,yes: Room Sounds,no,yes,The canonical table has usable original results and visible roll ranges; no additional mandatory rule is needed for this standalone lookup.,None.,reclvse-reclvse-sounds,,Solo
reclvse-reclvse-roomencounter,RECLVSE,93,93,10C. Encounter,10C. Encounter,Table,RESOLVED,—,3,1,3,Reference Desk → oracle:reclvse.roomEncounter,yes: 10C. Encounter,no,yes,The canonical table has usable original results and visible roll ranges; no additional mandatory rule is needed for this standalone lookup.,None.,reclvse-reclvse-roomencounter,,Solo
reclvse-reclvse-roomdiscovery,RECLVSE,93,93,10A. Discovery,10A. Discovery,Table,RESOLVED,—,3,1,3,Reference Desk → oracle:reclvse.roomDiscovery,yes: 10A. Discovery,no,yes,The canonical table has usable original results and visible roll ranges; no additional mandatory rule is needed for this standalone lookup.,None.,reclvse-reclvse-roomdiscovery,,Solo
reclvse-reclvse-roomhazard,RECLVSE,93,93,10B. Hazard,10B. Hazard,Table,RESOLVED,—,3,1,3,Reference Desk → oracle:reclvse.roomHazard,yes: 10B. Hazard,no,yes,The canonical table has usable original results and visible roll ranges; no additional mandatory rule is needed for this standalone lookup.,None.,reclvse-reclvse-roomhazard,,Solo
reclvse-reclvse-roomloot,RECLVSE,93,93,10D. Loot,10D. Loot,Table,RESOLVED,—,3,1,3,Reference Desk → oracle:reclvse.roomLoot,yes: 10D. Loot,no,yes,The canonical table has usable original results and visible roll ranges; no additional mandatory rule is needed for this standalone lookup.,None.,reclvse-reclvse-roomloot,,Solo
reclvse-reclvse-exitsnumber,RECLVSE,93,93,Number Of Exits,Number Of Exits,Table,RESOLVED,—,3,1,3,Reference Desk → oracle:reclvse.exitsNumber,yes: Number Of Exits,no,yes,The canonical table has usable original results and visible roll ranges; no additional mandatory rule is needed for this standalone lookup.,None.,reclvse-reclvse-exitsnumber,,Solo
reclvse-reclvse-exittype,RECLVSE,93,93,Exit Type,Exit Type,Table,RESOLVED,—,3,1,3,Reference Desk → oracle:reclvse.exitType,yes: Exit Type,no,yes,The canonical table has usable original results and visible roll ranges; no additional mandatory rule is needed for this standalone lookup.,None.,reclvse-reclvse-exittype,,Solo
reclvse-reclvse-encountercontext,RECLVSE,119,119,Encounter Context,Encounter Context,Table,RESOLVED,—,3,1,3,Reference Desk → oracle:reclvse.encounterContext,yes: Encounter Context,no,yes,The canonical table has usable original results and visible roll ranges; no additional mandatory rule is needed for this standalone lookup.,None.,reclvse-reclvse-encountercontext,,Solo
reclvse-reclvse-initialdisposition,RECLVSE,120,120,Initial Disposition,Initial Disposition,Table,RESOLVED,—,3,1,3,Reference Desk → oracle:reclvse.initialDisposition,yes: Initial Disposition,no,yes,The canonical table has usable original results and visible roll ranges; no additional mandatory rule is needed for this standalone lookup.,None.,reclvse-reclvse-initialdisposition,,Solo
reclvse-reclvse-immediategoal,RECLVSE,120,120,Immediate Goal,Immediate Goal,Table,RESOLVED,—,3,1,3,Reference Desk → oracle:reclvse.immediateGoal,yes: Immediate Goal,no,yes,The canonical table has usable original results and visible roll ranges; no additional mandatory rule is needed for this standalone lookup.,None.,reclvse-reclvse-immediategoal,,Solo
reclvse-reclvse-socialcomplication,RECLVSE,120,120,Social & Narrative Complications,Social & Narrative Complications,Table,RESOLVED,—,3,1,3,Reference Desk → oracle:reclvse.socialComplication,yes: Social & Narrative Complications,no,yes,The canonical table has usable original results and visible roll ranges; no additional mandatory rule is needed for this standalone lookup.,None.,reclvse-reclvse-socialcomplication,,Solo
reclvse-reclvse-strangemeeting,RECLVSE,120,120,Strange Meetings,Strange Meetings,Table,RESOLVED,—,3,1,3,Reference Desk → oracle:reclvse.strangeMeeting,yes: Strange Meetings,no,yes,The canonical table has usable original results and visible roll ranges; no additional mandatory rule is needed for this standalone lookup.,None.,reclvse-reclvse-strangemeeting,,Solo
reclvse-reclvse-encounteraftermath,RECLVSE,121,121,Immediate Aftermath,Immediate Aftermath,Table,RESOLVED,—,3,1,3,Reference Desk → oracle:reclvse.encounterAftermath,yes: Immediate Aftermath,no,yes,The canonical table has usable original results and visible roll ranges; no additional mandatory rule is needed for this standalone lookup.,None.,reclvse-reclvse-encounteraftermath,,Solo
reclvse-reclvse-encounterconsequence,RECLVSE,121,121,Lasting Consequences,Lasting Consequences,Table,RESOLVED,—,3,1,3,Reference Desk → oracle:reclvse.encounterConsequence,yes: Lasting Consequences,no,yes,The canonical table has usable original results and visible roll ranges; no additional mandatory rule is needed for this standalone lookup.,None.,reclvse-reclvse-encounterconsequence,,Solo
reclvse-reclvse-arcaneencounter,RECLVSE,121,121,Arcane Encounters,Arcane Encounters,Table,RESOLVED,—,3,1,3,Reference Desk → oracle:reclvse.arcaneEncounter,yes: Arcane Encounters,no,yes,The canonical table has usable original results and visible roll ranges; no additional mandatory rule is needed for this standalone lookup.,None.,reclvse-reclvse-arcaneencounter,,Solo
reclvse-reclvse-questencounterhook,RECLVSE,121,121,Quest-Related Encounter Hook,Quest-Related Encounter Hook,Table,RESOLVED,—,3,1,3,Reference Desk → oracle:reclvse.questEncounterHook,yes: Quest-Related Encounter Hook,no,yes,The canonical table has usable original results and visible roll ranges; no additional mandatory rule is needed for this standalone lookup.,None.,reclvse-reclvse-questencounterhook,,Solo
reclvse-reclvse-positionalcomplication,RECLVSE,122,122,Positional Complications,Positional Complications,Table,RESOLVED,—,3,1,3,Reference Desk → oracle:reclvse.positionalComplication,yes: Positional Complications,no,yes,The canonical table has usable original results and visible roll ranges; no additional mandatory rule is needed for this standalone lookup.,None.,reclvse-reclvse-positionalcomplication,,Solo
reclvse-reclvse-tacticalcomplication,RECLVSE,122,122,Tactical Complications,Tactical Complications,Table,RESOLVED,—,3,1,3,Reference Desk → oracle:reclvse.tacticalComplication,yes: Tactical Complications,no,yes,The canonical table has usable original results and visible roll ranges; no additional mandatory rule is needed for this standalone lookup.,None.,reclvse-reclvse-tacticalcomplication,,Solo
reclvse-reclvse-narrativecomplication,RECLVSE,123,123,Narrative Complications,Narrative Complications,Table,RESOLVED,—,3,1,3,Reference Desk → oracle:reclvse.narrativeComplication,yes: Narrative Complications,no,yes,The canonical table has usable original results and visible roll ranges; no additional mandatory rule is needed for this standalone lookup.,None.,reclvse-reclvse-narrativecomplication,,Solo
reclvse-reclvse-multientitycomplication,RECLVSE,123,123,Multi-Entity Complications,Multi-Entity Complications,Table,RESOLVED,—,3,1,3,Reference Desk → oracle:reclvse.multiEntityComplication,yes: Multi-Entity Complications,no,yes,The canonical table has usable original results and visible roll ranges; no additional mandatory rule is needed for this standalone lookup.,None.,reclvse-reclvse-multientitycomplication,,Solo
reclvse-reclvse-npcsummary,RECLVSE,124,124,NPC Summary,NPC Summary,Table,RESOLVED,—,3,1,3,Reference Desk → oracle:reclvse.npcSummary,yes: NPC Summary,no,yes,The canonical table has usable original results and visible roll ranges; no additional mandatory rule is needed for this standalone lookup.,None.,reclvse-reclvse-npcsummary,,NPC
reclvse-reclvse-npcmotivation,RECLVSE,124,124,NPC Motivation,NPC Motivation,Table,RESOLVED,—,3,1,3,Reference Desk → oracle:reclvse.npcMotivation,yes: NPC Motivation,no,yes,The canonical table has usable original results and visible roll ranges; no additional mandatory rule is needed for this standalone lookup.,None.,reclvse-reclvse-npcmotivation,,NPC
reclvse-reclvse-npcgender,RECLVSE,125,125,NPC Gender,NPC Gender,Table,RESOLVED,—,3,1,3,Reference Desk → oracle:reclvse.npcGender,yes: NPC Gender,no,yes,The canonical table has usable original results and visible roll ranges; no additional mandatory rule is needed for this standalone lookup.,None.,reclvse-reclvse-npcgender,,NPC
reclvse-reclvse-npcappearance,RECLVSE,125,125,NPC Appearance,NPC Appearance,Table,RESOLVED,—,3,1,3,Reference Desk → oracle:reclvse.npcAppearance,yes: NPC Appearance,no,yes,The canonical table has usable original results and visible roll ranges; no additional mandatory rule is needed for this standalone lookup.,None.,reclvse-reclvse-npcappearance,,NPC
reclvse-reclvse-npcpersonality,RECLVSE,126,126,NPC Personality Traits,NPC Personality Traits,Table,RESOLVED,—,3,1,3,Reference Desk → oracle:reclvse.npcPersonality,yes: NPC Personality Traits,no,yes,The canonical table has usable original results and visible roll ranges; no additional mandatory rule is needed for this standalone lookup.,None.,reclvse-reclvse-npcpersonality,,NPC
reclvse-reclvse-bodyfeature,RECLVSE,127,127,Body Feature,Body Feature,Table,RESOLVED,—,3,1,3,Reference Desk → oracle:reclvse.bodyFeature,yes: Body Feature,no,yes,The canonical table has usable original results and visible roll ranges; no additional mandatory rule is needed for this standalone lookup.,None.,reclvse-reclvse-bodyfeature,,Solo
reclvse-reclvse-hairgrooming,RECLVSE,127,127,Hair / Grooming,Hair / Grooming,Table,RESOLVED,—,3,1,3,Reference Desk → oracle:reclvse.hairGrooming,yes: Hair / Grooming,no,yes,The canonical table has usable original results and visible roll ranges; no additional mandatory rule is needed for this standalone lookup.,None.,reclvse-reclvse-hairgrooming,,Solo
reclvse-reclvse-clothingdetail,RECLVSE,127,127,Clothing Detail,Clothing Detail,Table,RESOLVED,—,3,1,3,Reference Desk → oracle:reclvse.clothingDetail,yes: Clothing Detail,no,yes,The canonical table has usable original results and visible roll ranges; no additional mandatory rule is needed for this standalone lookup.,None.,reclvse-reclvse-clothingdetail,,Solo
reclvse-reclvse-overallpresence,RECLVSE,127,127,Overall Presence,Overall Presence,Table,RESOLVED,—,3,1,3,Reference Desk → oracle:reclvse.overallPresence,yes: Overall Presence,no,yes,The canonical table has usable original results and visible roll ranges; no additional mandatory rule is needed for this standalone lookup.,None.,reclvse-reclvse-overallpresence,,Solo
reclvse-reclvse-color,RECLVSE,127,127,Color,Color,Table,RESOLVED,—,3,1,3,Reference Desk → oracle:reclvse.color,yes: Color,no,yes,The canonical table has usable original results and visible roll ranges; no additional mandatory rule is needed for this standalone lookup.,None.,reclvse-reclvse-color,,Solo
reclvse-reclvse-size,RECLVSE,127,127,Size,Size,Table,RESOLVED,—,3,1,3,Reference Desk → oracle:reclvse.size,yes: Size,no,yes,The canonical table has usable original results and visible roll ranges; no additional mandatory rule is needed for this standalone lookup.,None.,reclvse-reclvse-size,,Solo
reclvse-reclvse-weight,RECLVSE,127,127,Weight,Weight,Table,RESOLVED,—,3,1,3,Reference Desk → oracle:reclvse.weight,yes: Weight,no,yes,The canonical table has usable original results and visible roll ranges; no additional mandatory rule is needed for this standalone lookup.,None.,reclvse-reclvse-weight,,Solo
reclvse-reclvse-quality,RECLVSE,127,127,Quality,Quality,Table,RESOLVED,—,3,1,3,Reference Desk → oracle:reclvse.quality,yes: Quality,no,yes,The canonical table has usable original results and visible roll ranges; no additional mandatory rule is needed for this standalone lookup.,None.,reclvse-reclvse-quality,,Solo
reclvse-reclvse-factionorigin,RECLVSE,128,128,Faction Origin,Faction Origin,Table,RESOLVED,—,3,1,3,Reference Desk → oracle:reclvse.factionOrigin,yes: Faction Origin,no,yes,The canonical table has usable original results and visible roll ranges; no additional mandatory rule is needed for this standalone lookup.,None.,reclvse-reclvse-factionorigin,,Solo
reclvse-reclvse-factionattitude,RECLVSE,128,128,Faction Attitude Toward You,Faction Attitude Toward You,Table,RESOLVED,—,3,1,3,Reference Desk → oracle:reclvse.factionAttitude,yes: Faction Attitude Toward You,no,yes,The canonical table has usable original results and visible roll ranges; no additional mandatory rule is needed for this standalone lookup.,None.,reclvse-reclvse-factionattitude,,Solo
reclvse-reclvse-factionpurpose,RECLVSE,128,128,Faction Purpose,Faction Purpose,Table,RESOLVED,—,3,1,3,Reference Desk → oracle:reclvse.factionPurpose,yes: Faction Purpose,no,yes,The canonical table has usable original results and visible roll ranges; no additional mandatory rule is needed for this standalone lookup.,None.,reclvse-reclvse-factionpurpose,,Solo
reclvse-reclvse-factionpower,RECLVSE,128,128,Faction Power Level,Faction Power Level,Table,RESOLVED,—,3,1,3,Reference Desk → oracle:reclvse.factionPower,yes: Faction Power Level,no,yes,The canonical table has usable original results and visible roll ranges; no additional mandatory rule is needed for this standalone lookup.,None.,reclvse-reclvse-factionpower,,Solo
reclvse-reclvse-factionresources,RECLVSE,129,129,Faction Resources,Faction Resources,Table,RESOLVED,—,3,1,3,Reference Desk → oracle:reclvse.factionResources,yes: Faction Resources,no,yes,The canonical table has usable original results and visible roll ranges; no additional mandatory rule is needed for this standalone lookup.,None.,reclvse-reclvse-factionresources,,Solo
reclvse-reclvse-factionplot,RECLVSE,129,129,Faction Plot Hooks,Faction Plot Hooks,Table,RESOLVED,—,3,1,3,Reference Desk → oracle:reclvse.factionPlot,yes: Faction Plot Hooks,no,yes,The canonical table has usable original results and visible roll ranges; no additional mandatory rule is needed for this standalone lookup.,None.,reclvse-reclvse-factionplot,,Solo
reclvse-reclvse-factionweakness,RECLVSE,129,129,Faction Weaknesses,Faction Weaknesses,Table,RESOLVED,—,3,1,3,Reference Desk → oracle:reclvse.factionWeakness,yes: Faction Weaknesses,no,yes,The canonical table has usable original results and visible roll ranges; no additional mandatory rule is needed for this standalone lookup.,None.,reclvse-reclvse-factionweakness,,Solo
reclvse-reclvse-action,RECLVSE,134,134,Action Oracle,Action Oracle,Table,RESOLVED,—,3,1,3,Reference Desk → oracle:reclvse.action,yes: Action Oracle,no,yes,The canonical table has usable original results and visible roll ranges; no additional mandatory rule is needed for this standalone lookup.,None.,reclvse-reclvse-action,,Solo
reclvse-reclvse-theme,RECLVSE,135,135,Theme Oracle,Theme Oracle,Table,RESOLVED,—,3,1,3,Reference Desk → oracle:reclvse.theme,yes: Theme Oracle,no,yes,The canonical table has usable original results and visible roll ranges; no additional mandatory rule is needed for this standalone lookup.,None.,reclvse-reclvse-theme,,Solo
reclvse-reclvse-focus,RECLVSE,135,135,Focus Oracle,Focus Oracle,Table,RESOLVED,—,3,1,3,Reference Desk → oracle:reclvse.focus,yes: Focus Oracle,no,yes,The canonical table has usable original results and visible roll ranges; no additional mandatory rule is needed for this standalone lookup.,None.,reclvse-reclvse-focus,,Solo
reclvse-reclvse-descriptor,RECLVSE,136,136,Descriptor Oracle,Descriptor Oracle,Table,RESOLVED,—,3,1,3,Reference Desk → oracle:reclvse.descriptor,yes: Descriptor Oracle,no,yes,The canonical table has usable original results and visible roll ranges; no additional mandatory rule is needed for this standalone lookup.,None.,reclvse-reclvse-descriptor,,Solo
reclvse-reclvse-detail,RECLVSE,136,136,Detail Oracle,Detail Oracle,Table,RESOLVED,—,3,1,3,Reference Desk → oracle:reclvse.detail,yes: Detail Oracle,no,yes,The canonical table has usable original results and visible roll ranges; no additional mandatory rule is needed for this standalone lookup.,None.,reclvse-reclvse-detail,,Solo
sd-sd-npc-disposition,Sölitary Defilement,14,12,NPCs — Disposition,NPCs — Disposition,Table,RESOLVED,—,3,1,3,Reference Desk → oracle:sd.npc.disposition,yes: NPCs — Disposition,no,yes,The canonical table has usable original results and visible roll ranges; no additional mandatory rule is needed for this standalone lookup.,None.,sd-sd-npc-disposition,,NPC
sd-sd-npc-profession,Sölitary Defilement,14,12,NPCs — Profession,NPCs — Profession,Table,RESOLVED,—,3,1,3,Reference Desk → oracle:sd.npc.profession,yes: NPCs — Profession,no,yes,The canonical table has usable original results and visible roll ranges; no additional mandatory rule is needed for this standalone lookup.,None.,sd-sd-npc-profession,,NPC
sd-sd-room-adjective,Sölitary Defilement,15,13,Dungeon Room Descriptors — Room Adjective,Dungeon Room Descriptors — Room Adjective,Table,RESOLVED,—,3,1,3,Reference Desk → oracle:sd.room.adjective,yes: Dungeon Room Descriptors — Room Adjective,yes,yes,The canonical table has usable original results and visible roll ranges; no additional mandatory rule is needed for this standalone lookup.,None.,sd-sd-room-adjective,,Dungeon
sd-sd-room-type,Sölitary Defilement,15,13,Dungeon Room Descriptors — Room Type,Dungeon Room Descriptors — Room Type,Table,RESOLVED,—,3,1,3,Reference Desk → oracle:sd.room.type,yes: Dungeon Room Descriptors — Room Type,yes,yes,The canonical table has usable original results and visible roll ranges; no additional mandatory rule is needed for this standalone lookup.,None.,sd-sd-room-type,,Dungeon
sd-sd-room-exits,Sölitary Defilement,15,13,Dungeon Room Descriptors — Room Exits,Dungeon Room Descriptors — Room Exits,Table,PRESENT_BUT_INDIRECT,P2,3,2,6,Reference Desk → oracle:sd.room.exits,yes: Dungeon Room Descriptors — Room Exits,yes,yes,"The full five-column values are retained as slash-separated text and SOURCE names the 0–4 Special Rooms matrix. Crawl resolves the correct column, but TABLE lacks clear column headings for manual lookup.",Render the existing matrix with 0–4 discovered-room headings.,sd-sd-room-exits,TABLE_VIEW,Dungeon
sd-sd-room-contents,Sölitary Defilement,15,13,Dungeon Room Descriptors — Room Contents,Dungeon Room Descriptors — Room Contents,Table,RESOLVED,—,3,1,3,Reference Desk → oracle:sd.room.contents,yes: Dungeon Room Descriptors — Room Contents,yes,yes,The canonical table has usable original results and visible roll ranges; no additional mandatory rule is needed for this standalone lookup.,None.,sd-sd-room-contents,,Dungeon
sd-sd-yesno,Sölitary Defilement,12,10,Yes or No?,Yes or No?,Table,RESOLVED,—,3,1,3,Reference Desk → oracle:sd.yesNo,yes: Yes or No?,no,yes,The canonical table has usable original results and visible roll ranges; no additional mandatory rule is needed for this standalone lookup.,None.,sd-sd-yesno,,Solo
sd-sd-material-quality,Sölitary Defilement,13,11,Materials — Quality,Materials — Quality,Table,RESOLVED,—,3,1,3,Reference Desk → oracle:sd.material.quality,yes: Materials — Quality,no,yes,The canonical table has usable original results and visible roll ranges; no additional mandatory rule is needed for this standalone lookup.,None.,sd-sd-material-quality,,Solo
sd-sd-material-composition,Sölitary Defilement,13,11,Materials — Compostion,Materials — Compostion,Table,RESOLVED,—,3,1,3,Reference Desk → oracle:sd.material.composition,yes: Materials — Compostion,no,yes,The canonical table has usable original results and visible roll ranges; no additional mandatory rule is needed for this standalone lookup.,None.,sd-sd-material-composition,,Solo
sd-sd-sound-quality,Sölitary Defilement,13,11,Sounds — Quality,Sounds — Quality,Table,RESOLVED,—,3,1,3,Reference Desk → oracle:sd.sound.quality,yes: Sounds — Quality,no,yes,The canonical table has usable original results and visible roll ranges; no additional mandatory rule is needed for this standalone lookup.,None.,sd-sd-sound-quality,,Solo
sd-sd-sound-type,Sölitary Defilement,13,11,Sounds — Type,Sounds — Type,Table,RESOLVED,—,3,1,3,Reference Desk → oracle:sd.sound.type,yes: Sounds — Type,no,yes,The canonical table has usable original results and visible roll ranges; no additional mandatory rule is needed for this standalone lookup.,None.,sd-sd-sound-type,,Solo
sd-sd-odourstastes,Sölitary Defilement,13,11,Odours & Tastes,Odours & Tastes,Table,RESOLVED,—,3,1,3,Reference Desk → oracle:sd.odoursTastes,yes: Odours & Tastes,no,yes,The canonical table has usable original results and visible roll ranges; no additional mandatory rule is needed for this standalone lookup.,None.,sd-sd-odourstastes,,Solo
sd-sd-stockcreatures,Sölitary Defilement,11,9,Stock Creatures,Stock Creatures,Table,PRESENT_BUT_INDIRECT,P2,3,2,6,Reference Desk → oracle:sd.stockCreatures,yes: Stock Creatures,no,yes,"Original selector/follow-up text is present, but the selected named target is not a direct canonical link in the ordinary standalone result. The player must search the next table separately.",Resolve only the explicit source-named targets into canonical result links; leave optional selection and recursion under player control.,sd-sd-stockcreatures,RESULT_LINK,Solo
sd-sd-usefulitems,Sölitary Defilement,11,9,Useful Items,Useful Items,Table,PRESENT_BUT_INDIRECT,P2,3,2,6,Reference Desk → oracle:sd.usefulItems,yes: Useful Items,yes,yes,"Original selector/follow-up text is present, but the selected named target is not a direct canonical link in the ordinary standalone result. The player must search the next table separately.",Resolve only the explicit source-named targets into canonical result links; leave optional selection and recursion under player control.,sd-sd-usefulitems,RESULT_LINK,Solo
sd-sd-search-strong,Sölitary Defilement,8,6,Searching for an Object — Strong Hit,Searching for an Object — Strong Hit,Table,RESOLVED,—,3,1,3,Reference Desk → oracle:sd.search.strong,yes: Searching for an Object — Strong Hit,yes,yes,The canonical table has usable original results and visible roll ranges; no additional mandatory rule is needed for this standalone lookup.,None.,sd-sd-search-strong,,Dungeon
sd-sd-search-weak,Sölitary Defilement,8,6,Searching for an Object — Weak Hit,Searching for an Object — Weak Hit,Table,RESOLVED,—,3,1,3,Reference Desk → oracle:sd.search.weak,yes: Searching for an Object — Weak Hit,yes,yes,The canonical table has usable original results and visible roll ranges; no additional mandatory rule is needed for this standalone lookup.,None.,sd-sd-search-weak,,Dungeon
depths-depths-region-tveland-trait,Sölitary Depths,26,23,Tveland — Trait,Tveland — Trait,Table,RESOLVED,—,3,1,3,Reference Desk → oracle:depths.region.tveland.trait,yes: Tveland — Trait,no,yes,The canonical table has usable original results and visible roll ranges; no additional mandatory rule is needed for this standalone lookup.,None.,depths-depths-region-tveland-trait,,Travel
depths-depths-region-tveland-feature,Sölitary Depths,26,23,Tveland — Feature,Tveland — Feature,Table,RESOLVED,—,3,1,3,Reference Desk → oracle:depths.region.tveland.feature,yes: Tveland — Feature,no,yes,The canonical table has usable original results and visible roll ranges; no additional mandatory rule is needed for this standalone lookup.,None.,depths-depths-region-tveland-feature,,Travel
depths-depths-region-tveland-discovery,Sölitary Depths,26,23,Tveland — Discovery,Tveland — Discovery,Table,RESOLVED,—,3,1,3,Reference Desk → oracle:depths.region.tveland.discovery,yes: Tveland — Discovery,no,yes,The canonical table has usable original results and visible roll ranges; no additional mandatory rule is needed for this standalone lookup.,None.,depths-depths-region-tveland-discovery,,Travel
depths-depths-region-tveland-monsters,Sölitary Depths,26,23,Tveland — Monsters,Tveland — Monsters,Table,RESOLVED,—,3,1,3,Reference Desk → oracle:depths.region.tveland.monsters,yes: Tveland — Monsters,no,yes,The canonical table has usable original results and visible roll ranges; no additional mandatory rule is needed for this standalone lookup.,None.,depths-depths-region-tveland-monsters,,Monster
depths-depths-region-tveland-npc-professions,Sölitary Depths,26,23,Tveland — NPC Professions,Tveland — NPC Professions,Table,RESOLVED,—,3,1,3,Reference Desk → oracle:depths.region.tveland.npc_professions,yes: Tveland — NPC Professions,no,yes,The canonical table has usable original results and visible roll ranges; no additional mandatory rule is needed for this standalone lookup.,None.,depths-depths-region-tveland-npc-professions,,NPC
depths-depths-region-sarkash-trait,Sölitary Depths,27,24,Sarkash — Trait,Sarkash — Trait,Table,RESOLVED,—,3,1,3,Reference Desk → oracle:depths.region.sarkash.trait,yes: Sarkash — Trait,no,yes,The canonical table has usable original results and visible roll ranges; no additional mandatory rule is needed for this standalone lookup.,None.,depths-depths-region-sarkash-trait,,Travel
depths-depths-region-sarkash-feature,Sölitary Depths,27,24,Sarkash — Feature,Sarkash — Feature,Table,RESOLVED,—,3,1,3,Reference Desk → oracle:depths.region.sarkash.feature,yes: Sarkash — Feature,no,yes,The canonical table has usable original results and visible roll ranges; no additional mandatory rule is needed for this standalone lookup.,None.,depths-depths-region-sarkash-feature,,Travel
depths-depths-region-sarkash-discovery,Sölitary Depths,27,24,Sarkash — Discovery,Sarkash — Discovery,Table,RESOLVED,—,3,1,3,Reference Desk → oracle:depths.region.sarkash.discovery,yes: Sarkash — Discovery,no,yes,The canonical table has usable original results and visible roll ranges; no additional mandatory rule is needed for this standalone lookup.,None.,depths-depths-region-sarkash-discovery,,Travel
depths-depths-region-sarkash-monsters,Sölitary Depths,27,24,Sarkash — Monsters,Sarkash — Monsters,Table,RESOLVED,—,3,1,3,Reference Desk → oracle:depths.region.sarkash.monsters,yes: Sarkash — Monsters,no,yes,The canonical table has usable original results and visible roll ranges; no additional mandatory rule is needed for this standalone lookup.,None.,depths-depths-region-sarkash-monsters,,Monster
depths-depths-region-sarkash-npc-professions,Sölitary Depths,27,24,Sarkash — NPC Professions,Sarkash — NPC Professions,Table,RESOLVED,—,3,1,3,Reference Desk → oracle:depths.region.sarkash.npc_professions,yes: Sarkash — NPC Professions,no,yes,The canonical table has usable original results and visible roll ranges; no additional mandatory rule is needed for this standalone lookup.,None.,depths-depths-region-sarkash-npc-professions,,NPC
depths-depths-region-graven-tosk-trait,Sölitary Depths,28,25,Graven-Tosk — Trait,Graven-Tosk — Trait,Table,RESOLVED,—,3,1,3,Reference Desk → oracle:depths.region.graven_tosk.trait,yes: Graven-Tosk — Trait,no,yes,The canonical table has usable original results and visible roll ranges; no additional mandatory rule is needed for this standalone lookup.,None.,depths-depths-region-graven-tosk-trait,,Travel
depths-depths-region-graven-tosk-feature,Sölitary Depths,28,25,Graven-Tosk — Feature,Graven-Tosk — Feature,Table,RESOLVED,—,3,1,3,Reference Desk → oracle:depths.region.graven_tosk.feature,yes: Graven-Tosk — Feature,no,yes,The canonical table has usable original results and visible roll ranges; no additional mandatory rule is needed for this standalone lookup.,None.,depths-depths-region-graven-tosk-feature,,Travel
depths-depths-region-graven-tosk-discovery,Sölitary Depths,28,25,Graven-Tosk — Discovery,Graven-Tosk — Discovery,Table,RESOLVED,—,3,1,3,Reference Desk → oracle:depths.region.graven_tosk.discovery,yes: Graven-Tosk — Discovery,no,yes,The canonical table has usable original results and visible roll ranges; no additional mandatory rule is needed for this standalone lookup.,None.,depths-depths-region-graven-tosk-discovery,,Travel
depths-depths-region-graven-tosk-monsters,Sölitary Depths,28,25,Graven-Tosk — Monsters,Graven-Tosk — Monsters,Table,RESOLVED,—,3,1,3,Reference Desk → oracle:depths.region.graven_tosk.monsters,yes: Graven-Tosk — Monsters,no,yes,The canonical table has usable original results and visible roll ranges; no additional mandatory rule is needed for this standalone lookup.,None.,depths-depths-region-graven-tosk-monsters,,Monster
depths-depths-region-graven-tosk-npc-professions,Sölitary Depths,28,25,Graven-Tosk — NPC Professions,Graven-Tosk — NPC Professions,Table,RESOLVED,—,3,1,3,Reference Desk → oracle:depths.region.graven_tosk.npc_professions,yes: Graven-Tosk — NPC Professions,no,yes,The canonical table has usable original results and visible roll ranges; no additional mandatory rule is needed for this standalone lookup.,None.,depths-depths-region-graven-tosk-npc-professions,,NPC
depths-depths-region-lake-onda-trait,Sölitary Depths,29,26,Lake Onda — Trait,Lake Onda — Trait,Table,RESOLVED,—,3,1,3,Reference Desk → oracle:depths.region.lake_onda.trait,yes: Lake Onda — Trait,no,yes,The canonical table has usable original results and visible roll ranges; no additional mandatory rule is needed for this standalone lookup.,None.,depths-depths-region-lake-onda-trait,,Travel
depths-depths-region-lake-onda-feature,Sölitary Depths,29,26,Lake Onda — Feature,Lake Onda — Feature,Table,RESOLVED,—,3,1,3,Reference Desk → oracle:depths.region.lake_onda.feature,yes: Lake Onda — Feature,no,yes,The canonical table has usable original results and visible roll ranges; no additional mandatory rule is needed for this standalone lookup.,None.,depths-depths-region-lake-onda-feature,,Travel
depths-depths-region-lake-onda-discovery,Sölitary Depths,29,26,Lake Onda — Discovery,Lake Onda — Discovery,Table,RESOLVED,—,3,1,3,Reference Desk → oracle:depths.region.lake_onda.discovery,yes: Lake Onda — Discovery,no,yes,The canonical table has usable original results and visible roll ranges; no additional mandatory rule is needed for this standalone lookup.,None.,depths-depths-region-lake-onda-discovery,,Travel
depths-depths-region-lake-onda-monsters,Sölitary Depths,29,26,Lake Onda — Monsters,Lake Onda — Monsters,Table,RESOLVED,—,3,1,3,Reference Desk → oracle:depths.region.lake_onda.monsters,yes: Lake Onda — Monsters,no,yes,The canonical table has usable original results and visible roll ranges; no additional mandatory rule is needed for this standalone lookup.,None.,depths-depths-region-lake-onda-monsters,,Monster
depths-depths-region-lake-onda-npc-professions,Sölitary Depths,29,26,Lake Onda — NPC Professions,Lake Onda — NPC Professions,Table,RESOLVED,—,3,1,3,Reference Desk → oracle:depths.region.lake_onda.npc_professions,yes: Lake Onda — NPC Professions,no,yes,The canonical table has usable original results and visible roll ranges; no additional mandatory rule is needed for this standalone lookup.,None.,depths-depths-region-lake-onda-npc-professions,,NPC
depths-depths-region-valley-unfortunate-undead-trait,Sölitary Depths,30,27,Valley of the Unfortunate Undead — Trait,Valley of the Unfortunate Undead — Trait,Table,RESOLVED,—,3,1,3,Reference Desk → oracle:depths.region.valley_unfortunate_undead.trait,yes: Valley of the Unfortunate Undead — Trait,no,yes,The canonical table has usable original results and visible roll ranges; no additional mandatory rule is needed for this standalone lookup.,None.,depths-depths-region-valley-unfortunate-undead-trait,,Travel
depths-depths-region-valley-unfortunate-undead-feature,Sölitary Depths,30,27,Valley of the Unfortunate Undead — Feature,Valley of the Unfortunate Undead — Feature,Table,RESOLVED,—,3,1,3,Reference Desk → oracle:depths.region.valley_unfortunate_undead.feature,yes: Valley of the Unfortunate Undead — Feature,no,yes,The canonical table has usable original results and visible roll ranges; no additional mandatory rule is needed for this standalone lookup.,None.,depths-depths-region-valley-unfortunate-undead-feature,,Travel
depths-depths-region-valley-unfortunate-undead-discovery,Sölitary Depths,30,27,Valley of the Unfortunate Undead — Discovery,Valley of the Unfortunate Undead — Discovery,Table,RESOLVED,—,3,1,3,Reference Desk → oracle:depths.region.valley_unfortunate_undead.discovery,yes: Valley of the Unfortunate Undead — Discovery,no,yes,The canonical table has usable original results and visible roll ranges; no additional mandatory rule is needed for this standalone lookup.,None.,depths-depths-region-valley-unfortunate-undead-discovery,,Travel
depths-depths-region-valley-unfortunate-undead-monsters,Sölitary Depths,30,27,Valley of the Unfortunate Undead — Monsters,Valley of the Unfortunate Undead — Monsters,Table,RESOLVED,—,3,1,3,Reference Desk → oracle:depths.region.valley_unfortunate_undead.monsters,yes: Valley of the Unfortunate Undead — Monsters,no,yes,The canonical table has usable original results and visible roll ranges; no additional mandatory rule is needed for this standalone lookup.,None.,depths-depths-region-valley-unfortunate-undead-monsters,,Monster
depths-depths-region-valley-unfortunate-undead-npc-professions,Sölitary Depths,30,27,Valley of the Unfortunate Undead — NPC Professions,Valley of the Unfortunate Undead — NPC Professions,Table,RESOLVED,—,3,1,3,Reference Desk → oracle:depths.region.valley_unfortunate_undead.npc_professions,yes: Valley of the Unfortunate Undead — NPC Professions,no,yes,The canonical table has usable original results and visible roll ranges; no additional mandatory rule is needed for this standalone lookup.,None.,depths-depths-region-valley-unfortunate-undead-npc-professions,,NPC
depths-depths-region-bergen-chrypt-trait,Sölitary Depths,31,28,Bergen Chrypt — Trait,Bergen Chrypt — Trait,Table,RESOLVED,—,3,1,3,Reference Desk → oracle:depths.region.bergen_chrypt.trait,yes: Bergen Chrypt — Trait,no,yes,The canonical table has usable original results and visible roll ranges; no additional mandatory rule is needed for this standalone lookup.,None.,depths-depths-region-bergen-chrypt-trait,,Travel
depths-depths-region-bergen-chrypt-feature,Sölitary Depths,31,28,Bergen Chrypt — Feature,Bergen Chrypt — Feature,Table,RESOLVED,—,3,1,3,Reference Desk → oracle:depths.region.bergen_chrypt.feature,yes: Bergen Chrypt — Feature,no,yes,The canonical table has usable original results and visible roll ranges; no additional mandatory rule is needed for this standalone lookup.,None.,depths-depths-region-bergen-chrypt-feature,,Travel
depths-depths-region-bergen-chrypt-discovery,Sölitary Depths,31,28,Bergen Chrypt — Discovery,Bergen Chrypt — Discovery,Table,RESOLVED,—,3,1,3,Reference Desk → oracle:depths.region.bergen_chrypt.discovery,yes: Bergen Chrypt — Discovery,no,yes,The canonical table has usable original results and visible roll ranges; no additional mandatory rule is needed for this standalone lookup.,None.,depths-depths-region-bergen-chrypt-discovery,,Travel
depths-depths-region-bergen-chrypt-monsters,Sölitary Depths,31,28,Bergen Chrypt — Monsters,Bergen Chrypt — Monsters,Table,RESOLVED,—,3,1,3,Reference Desk → oracle:depths.region.bergen_chrypt.monsters,yes: Bergen Chrypt — Monsters,no,yes,The canonical table has usable original results and visible roll ranges; no additional mandatory rule is needed for this standalone lookup.,None.,depths-depths-region-bergen-chrypt-monsters,,Monster
depths-depths-region-bergen-chrypt-npc-professions,Sölitary Depths,31,28,Bergen Chrypt — NPC Professions,Bergen Chrypt — NPC Professions,Table,RESOLVED,—,3,1,3,Reference Desk → oracle:depths.region.bergen_chrypt.npc_professions,yes: Bergen Chrypt — NPC Professions,no,yes,The canonical table has usable original results and visible roll ranges; no additional mandatory rule is needed for this standalone lookup.,None.,depths-depths-region-bergen-chrypt-npc-professions,,NPC
depths-depths-region-wastland-trait,Sölitary Depths,32,29,Wästland — Trait,Wästland — Trait,Table,RESOLVED,—,3,1,3,Reference Desk → oracle:depths.region.wastland.trait,yes: Wästland — Trait,no,yes,The canonical table has usable original results and visible roll ranges; no additional mandatory rule is needed for this standalone lookup.,None.,depths-depths-region-wastland-trait,,Travel
depths-depths-region-wastland-feature,Sölitary Depths,32,29,Wästland — Feature,Wästland — Feature,Table,RESOLVED,—,3,1,3,Reference Desk → oracle:depths.region.wastland.feature,yes: Wästland — Feature,no,yes,The canonical table has usable original results and visible roll ranges; no additional mandatory rule is needed for this standalone lookup.,None.,depths-depths-region-wastland-feature,,Travel
depths-depths-region-wastland-discovery,Sölitary Depths,32,29,Wästland — Discovery,Wästland — Discovery,Table,RESOLVED,—,3,1,3,Reference Desk → oracle:depths.region.wastland.discovery,yes: Wästland — Discovery,no,yes,The canonical table has usable original results and visible roll ranges; no additional mandatory rule is needed for this standalone lookup.,None.,depths-depths-region-wastland-discovery,,Travel
depths-depths-region-wastland-monsters,Sölitary Depths,32,29,Wästland — Monsters,Wästland — Monsters,Table,RESOLVED,—,3,1,3,Reference Desk → oracle:depths.region.wastland.monsters,yes: Wästland — Monsters,no,yes,The canonical table has usable original results and visible roll ranges; no additional mandatory rule is needed for this standalone lookup.,None.,depths-depths-region-wastland-monsters,,Monster
depths-depths-region-wastland-npc-professions,Sölitary Depths,32,29,Wästland — NPC Professions,Wästland — NPC Professions,Table,RESOLVED,—,3,1,3,Reference Desk → oracle:depths.region.wastland.npc_professions,yes: Wästland — NPC Professions,no,yes,The canonical table has usable original results and visible roll ranges; no additional mandatory rule is needed for this standalone lookup.,None.,depths-depths-region-wastland-npc-professions,,NPC
depths-depths-region-kergus-trait,Sölitary Depths,33,30,Kergüs — Trait,Kergüs — Trait,Table,RESOLVED,—,3,1,3,Reference Desk → oracle:depths.region.kergus.trait,yes: Kergüs — Trait,no,yes,The canonical table has usable original results and visible roll ranges; no additional mandatory rule is needed for this standalone lookup.,None.,depths-depths-region-kergus-trait,,Travel
depths-depths-region-kergus-feature,Sölitary Depths,33,30,Kergüs — Feature,Kergüs — Feature,Table,RESOLVED,—,3,1,3,Reference Desk → oracle:depths.region.kergus.feature,yes: Kergüs — Feature,no,yes,The canonical table has usable original results and visible roll ranges; no additional mandatory rule is needed for this standalone lookup.,None.,depths-depths-region-kergus-feature,,Travel
depths-depths-region-kergus-discovery,Sölitary Depths,33,30,Kergüs — Discovery,Kergüs — Discovery,Table,RESOLVED,—,3,1,3,Reference Desk → oracle:depths.region.kergus.discovery,yes: Kergüs — Discovery,no,yes,The canonical table has usable original results and visible roll ranges; no additional mandatory rule is needed for this standalone lookup.,None.,depths-depths-region-kergus-discovery,,Travel
depths-depths-region-kergus-monsters,Sölitary Depths,33,30,Kergüs — Monsters,Kergüs — Monsters,Table,RESOLVED,—,3,1,3,Reference Desk → oracle:depths.region.kergus.monsters,yes: Kergüs — Monsters,no,yes,The canonical table has usable original results and visible roll ranges; no additional mandatory rule is needed for this standalone lookup.,None.,depths-depths-region-kergus-monsters,,Monster
depths-depths-region-kergus-npc-professions,Sölitary Depths,33,30,Kergüs — NPC Professions,Kergüs — NPC Professions,Table,RESOLVED,—,3,1,3,Reference Desk → oracle:depths.region.kergus.npc_professions,yes: Kergüs — NPC Professions,no,yes,The canonical table has usable original results and visible roll ranges; no additional mandatory rule is needed for this standalone lookup.,None.,depths-depths-region-kergus-npc-professions,,NPC
depths-depths-rare-look,Sölitary Depths,16,13,Rare Monster — Card 1: Overall Look,Rare Monster — Card 1: Overall Look,Table,PRESENT_BUT_INDIRECT,P2,3,2,6,Reference Desk → oracle:depths.rare.look,yes: Rare Monster — Card 1: Overall Look,no,yes,"The table retains all options but TABLE shows numeric 1–13 indexes instead of A–K rank labels. SOURCE identifies rank-based lookup, leaving the player to reconstruct the mapping.",Render metadata.rank as the source selector label.,depths-depths-rare-look,TABLE_VIEW,Monster
depths-depths-rare-feature,Sölitary Depths,17,14,Rare Monster — Card 2: Defining Feature,Rare Monster — Card 2: Defining Feature,Table,PRESENT_BUT_INDIRECT,P2,3,2,6,Reference Desk → oracle:depths.rare.feature,yes: Rare Monster — Card 2: Defining Feature,no,yes,"The table retains all options but TABLE shows numeric 1–13 indexes instead of A–K rank labels. SOURCE identifies rank-based lookup, leaving the player to reconstruct the mapping.",Render metadata.rank as the source selector label.,depths-depths-rare-feature,TABLE_VIEW,Monster
depths-depths-rare-intention,Sölitary Depths,17,14,Rare Monster — 1st & 2nd Cards: Intention,Rare Monster — 1st & 2nd Cards: Intention,Table,PARTIAL,P2,3,4,12,Reference Desk → oracle:depths.rare.intention,yes: Rare Monster — 1st & 2nd Cards: Intention,no,yes,TABLE renders numerical 1–16 indexes but omits the ordered suit symbols held in metadata. A player holding two real cards cannot identify the intended row without reopening the PDF.,Render the actual ordered suit-pair labels in the table selector column; retain the existing option text.,depths-depths-rare-intention,TABLE_VIEW,Monster
depths-depths-rare-special,Sölitary Depths,19,16,Rare Monster — 3rd & 4th Cards: Special,Rare Monster — 3rd & 4th Cards: Special,Table,PARTIAL,P2,3,4,12,Reference Desk → oracle:depths.rare.special,yes: Rare Monster — 3rd & 4th Cards: Special,no,yes,TABLE renders numerical 1–16 indexes but omits the ordered suit symbols held in metadata. A player holding two real cards cannot identify the intended row without reopening the PDF.,Render the actual ordered suit-pair labels in the table selector column; retain the existing option text.,depths-depths-rare-special,TABLE_VIEW,Monster
depths-depths-rare-harder,Sölitary Depths,20,17,Creature Difficulty Modification — Tougher,Creature Difficulty Modification — Tougher,Table,RESOLVED,—,3,1,3,Reference Desk → oracle:depths.rare.harder,yes: Creature Difficulty Modification — Tougher,no,yes,The canonical table has usable original results and visible roll ranges; no additional mandatory rule is needed for this standalone lookup.,None.,depths-depths-rare-harder,,Monster
depths-depths-rare-easier,Sölitary Depths,21,18,Creature Difficulty Modification — Spend Omens,Creature Difficulty Modification — Spend Omens,Table,PRESENT_BUT_INDIRECT,P2,3,2,6,Reference Desk → oracle:depths.rare.easier,yes: Creature Difficulty Modification — Spend Omens,no,yes,"This is a card-rank/suit or player-choice lookup, correctly not a uniform die roller. Full options and ordering/cost notes are available in TABLE / SOURCE; the overall creature-stat calculation is audited separately.",Expose the existing choice/card instruction beside the lookup and link the complete rare-monster procedure.,depths-depths-rare-easier,QUICK_RULE; CONTEXT_LINK,Monster
depths-depths-enemystats,Sölitary Depths,15,12,Enemy Stats Generator,Enemy Stats Generator,Table,PRESENT_BUT_INDIRECT,P2,3,2,6,Reference Desk → oracle:depths.enemyStats,yes: Enemy Stats Generator,no,yes,"The stat cells, 2–16+ range and TR−d4 expression are readable, but the contextual-input instruction is in SOURCE and the table has no direct contextual entry point.",Show the existing lookup formula before the table and link it from an unspecified-stat monster result.,depths-depths-enemystats,SEARCH_ALIAS,Monster
depths-depths-danger,Sölitary Depths,11,8,Reveal a Danger,Reveal a Danger,Table,RESOLVED,—,3,1,3,Reference Desk → oracle:depths.danger,yes: Reveal a Danger,yes,yes,The canonical table has usable original results and visible roll ranges; no additional mandatory rule is needed for this standalone lookup.,None.,depths-depths-danger,,Solo
depths-depths-travel-encounter,Sölitary Depths,25,22,Determining the Encounter,Determining the Encounter,Table,RESOLVED,—,3,1,3,Reference Desk → oracle:depths.travel.encounter,yes: Determining the Encounter,no,yes,The canonical table has usable original results and visible roll ranges; no additional mandatory rule is needed for this standalone lookup.,None.,depths-depths-travel-encounter,,Travel
depths-depths-travel-storyconnection,Sölitary Depths,25,22,Story Connection,Story Connection,Table,RESOLVED,—,3,1,3,Reference Desk → oracle:depths.travel.storyConnection,yes: Story Connection,no,yes,The canonical table has usable original results and visible roll ranges; no additional mandatory rule is needed for this standalone lookup.,None.,depths-depths-travel-storyconnection,,Travel
sd-sd-crowdsizes,Sölitary Defilement,11,9,Crowd Sizes,Crowd Sizes,Table,PRESENT_BUT_INDIRECT,P2,3,2,6,Reference Desk → oracle:sd.crowdSizes,yes: Crowd Sizes,no,yes,Full special-use instructions are in SOURCE rather than the main table/result: embedded population expressions and incompatible d1000/3d10 alternatives in the source.,Expose a concise use instruction and existing related-table link without changing the printed procedure.,sd-sd-crowdsizes,SEARCH_ALIAS,Solo
sd-sd-religion-order,Sölitary Defilement,12,10,Religious Denominations — Order,Religious Denominations — Order,Table,RESOLVED,—,3,1,3,Reference Desk → oracle:sd.religion.order,yes: Religious Denominations — Order,no,yes,The canonical table has usable original results and visible roll ranges; no additional mandatory rule is needed for this standalone lookup.,None.,sd-sd-religion-order,,Solo
sd-sd-religion-adjective,Sölitary Defilement,12,10,Religious Denominations — Adjective,Religious Denominations — Adjective,Table,RESOLVED,—,3,1,3,Reference Desk → oracle:sd.religion.adjective,yes: Religious Denominations — Adjective,no,yes,The canonical table has usable original results and visible roll ranges; no additional mandatory rule is needed for this standalone lookup.,None.,sd-sd-religion-adjective,,Solo
sd-sd-religion-domain,Sölitary Defilement,12,10,Religious Denominations — Domain,Religious Denominations — Domain,Table,RESOLVED,—,3,1,3,Reference Desk → oracle:sd.religion.domain,yes: Religious Denominations — Domain,no,yes,The canonical table has usable original results and visible roll ranges; no additional mandatory rule is needed for this standalone lookup.,None.,sd-sd-religion-domain,,Solo
sd-sd-building-material,Sölitary Defilement,12,10,Buildings & Structures — Material,Buildings & Structures — Material,Table,PRESENT_BUT_INDIRECT,P2,3,2,6,Reference Desk → oracle:sd.building.material,yes: Buildings & Structures — Material,yes,yes,Full special-use instructions are in SOURCE rather than the main table/result: Material ×d2 and Other → Materials.,Expose a concise use instruction and existing related-table link without changing the printed procedure.,sd-sd-building-material,SEARCH_ALIAS,Dungeon
sd-sd-building-size,Sölitary Defilement,12,10,Buildings & Structures — Size,Buildings & Structures — Size,Table,RESOLVED,—,3,1,3,Reference Desk → oracle:sd.building.size,yes: Buildings & Structures — Size,yes,yes,The canonical table has usable original results and visible roll ranges; no additional mandatory rule is needed for this standalone lookup.,None.,sd-sd-building-size,,Dungeon
sd-sd-building-form,Sölitary Defilement,12,10,Buildings & Structures — Form,Buildings & Structures — Form,Table,RESOLVED,—,3,1,3,Reference Desk → oracle:sd.building.form,yes: Buildings & Structures — Form,yes,yes,The canonical table has usable original results and visible roll ranges; no additional mandatory rule is needed for this standalone lookup.,None.,sd-sd-building-form,,Dungeon
sd-sd-geographicalfeatures,Sölitary Defilement,12,10,Geographical Features,Geographical Features,Table,RESOLVED,—,3,1,3,Reference Desk → oracle:sd.geographicalFeatures,yes: Geographical Features,no,yes,The canonical table has usable original results and visible roll ranges; no additional mandatory rule is needed for this standalone lookup.,None.,sd-sd-geographicalfeatures,,Solo
sd-sd-example-dr10-common,Sölitary Defilement,19,17,Example DR10 Dungeon — Common Encounters,Example DR10 Dungeon — Common Encounters,Table,RESOLVED,—,3,1,3,Reference Desk → oracle:sd.example.dr10.common,yes: Example DR10 Dungeon — Common Encounters,no,yes,The canonical table has usable original results and visible roll ranges; no additional mandatory rule is needed for this standalone lookup.,None.,sd-sd-example-dr10-common,,Dungeon
sd-sd-example-dr10-rare,Sölitary Defilement,19,17,Example DR10 Dungeon — Rare Encounters,Example DR10 Dungeon — Rare Encounters,Table,RESOLVED,—,3,1,3,Reference Desk → oracle:sd.example.dr10.rare,yes: Example DR10 Dungeon — Rare Encounters,no,yes,The canonical table has usable original results and visible roll ranges; no additional mandatory rule is needed for this standalone lookup.,None.,sd-sd-example-dr10-rare,,Dungeon
sd-sd-example-farmwife-action,Sölitary Defilement,36,34,Scumslaughter Farm — Cult Farmwife Special,Scumslaughter Farm — Cult Farmwife Special,Table,RESOLVED,—,3,1,3,Reference Desk → oracle:sd.example.farmwife.action,yes: Scumslaughter Farm — Cult Farmwife Special,no,yes,The canonical table has usable original results and visible roll ranges; no additional mandatory rule is needed for this standalone lookup.,None.,sd-sd-example-farmwife-action,,Dungeon
depths-depths-orakle,Sölitary Depths,6,3,Orakle,Orakle,Table,PRESENT_BUT_INDIRECT,P2,3,2,6,Reference Desk → oracle:depths.orakle,yes: Orakle,no,yes,"Full special-use instructions are in SOURCE rather than the main table/result: likelihood dice, keeping highest/lowest and stacking 10 events.",Expose a concise use instruction and existing related-table link without changing the printed procedure.,depths-depths-orakle,SEARCH_ALIAS,Solo
depths-depths-randomeventfocus,Sölitary Depths,6,3,Random Event Focus,Random Event Focus,Table,RESOLVED,—,3,1,3,Reference Desk → oracle:depths.randomEventFocus,yes: Random Event Focus,no,yes,The canonical table has usable original results and visible roll ranges; no additional mandatory rule is needed for this standalone lookup.,None.,depths-depths-randomeventfocus,,Solo
depths-depths-weakhitconsequences,Sölitary Depths,11,8,Weak Hit Consequences,Weak Hit Consequences,Table,RESOLVED,—,3,1,3,Reference Desk → oracle:depths.weakHitConsequences,yes: Weak Hit Consequences,yes,yes,The canonical table has usable original results and visible roll ranges; no additional mandatory rule is needed for this standalone lookup.,None.,depths-depths-weakhitconsequences,,Solo
depths-depths-traps-regular,Sölitary Depths,13,10,Regular Traps,Regular Traps,Table,RESOLVED,—,3,1,3,Reference Desk → oracle:depths.traps.regular,yes: Regular Traps,yes,yes,The canonical table has usable original results and visible roll ranges; no additional mandatory rule is needed for this standalone lookup.,None.,depths-depths-traps-regular,,Solo
depths-depths-traps-special,Sölitary Depths,13,10,Special Traps,Special Traps,Table,RESOLVED,—,3,1,3,Reference Desk → oracle:depths.traps.special,yes: Special Traps,yes,yes,The canonical table has usable original results and visible roll ranges; no additional mandatory rule is needed for this standalone lookup.,None.,depths-depths-traps-special,,Solo
depths-depths-enemycombatmodifiers,Sölitary Depths,14,11,Enemy Combat Modifiers,Enemy Combat Modifiers,Table,RESOLVED,—,3,1,3,Reference Desk → oracle:depths.enemyCombatModifiers,yes: Enemy Combat Modifiers,no,yes,The canonical table has usable original results and visible roll ranges; no additional mandatory rule is needed for this standalone lookup.,None.,depths-depths-enemycombatmodifiers,,Monster
depths-depths-chaosportents-action,Sölitary Depths,5,2,Chaos Portents — Action,Chaos Portents — Action,Table,RESOLVED,—,3,1,3,Reference Desk → oracle:depths.chaosPortents.action,yes: Chaos Portents — Action,no,yes,The canonical table has usable original results and visible roll ranges; no additional mandatory rule is needed for this standalone lookup.,None.,depths-depths-chaosportents-action,,Solo
depths-depths-chaosportents-subject,Sölitary Depths,5,2,Chaos Portents — Subject,Chaos Portents — Subject,Table,RESOLVED,—,3,1,3,Reference Desk → oracle:depths.chaosPortents.subject,yes: Chaos Portents — Subject,no,yes,The canonical table has usable original results and visible roll ranges; no additional mandatory rule is needed for this standalone lookup.,None.,depths-depths-chaosportents-subject,,Solo
reclvse-reclvse-city-origin,RECLVSE,94,94,City Origin,City Origin,Table,RESOLVED,—,3,1,3,Reference Desk → oracle:reclvse.city_origin,yes: City Origin,no,yes,The canonical table has usable original results and visible roll ranges; no additional mandatory rule is needed for this standalone lookup.,None.,reclvse-reclvse-city-origin,,Solo
reclvse-reclvse-city-purpose-now,RECLVSE,94,94,City Purpose (Now),City Purpose (Now),Table,RESOLVED,—,3,1,3,Reference Desk → oracle:reclvse.city_purpose_now,yes: City Purpose (Now),no,yes,The canonical table has usable original results and visible roll ranges; no additional mandatory rule is needed for this standalone lookup.,None.,reclvse-reclvse-city-purpose-now,,Solo
reclvse-reclvse-city-mood,RECLVSE,94,94,City Mood,City Mood,Table,RESOLVED,—,3,1,3,Reference Desk → oracle:reclvse.city_mood,yes: City Mood,no,yes,The canonical table has usable original results and visible roll ranges; no additional mandatory rule is needed for this standalone lookup.,None.,reclvse-reclvse-city-mood,,Solo
reclvse-reclvse-city-condition,RECLVSE,94,94,City Condition,City Condition,Table,RESOLVED,—,3,1,3,Reference Desk → oracle:reclvse.city_condition,yes: City Condition,no,yes,The canonical table has usable original results and visible roll ranges; no additional mandatory rule is needed for this standalone lookup.,None.,reclvse-reclvse-city-condition,,Solo
reclvse-reclvse-city-architecture,RECLVSE,94,94,City Architecture,City Architecture,Table,RESOLVED,—,3,1,3,Reference Desk → oracle:reclvse.city_architecture,yes: City Architecture,no,yes,The canonical table has usable original results and visible roll ranges; no additional mandatory rule is needed for this standalone lookup.,None.,reclvse-reclvse-city-architecture,,Solo
reclvse-reclvse-city-purpose-then,RECLVSE,94,94,City Purpose (Then),City Purpose (Then),Table,RESOLVED,—,3,1,3,Reference Desk → oracle:reclvse.city_purpose_then,yes: City Purpose (Then),no,yes,The canonical table has usable original results and visible roll ranges; no additional mandatory rule is needed for this standalone lookup.,None.,reclvse-reclvse-city-purpose-then,,Solo
reclvse-reclvse-gatekeeper-mood,RECLVSE,95,95,Gatekeeper Mood,Gatekeeper Mood,Table,RESOLVED,—,3,1,3,Reference Desk → oracle:reclvse.gatekeeper_mood,yes: Gatekeeper Mood,no,yes,The canonical table has usable original results and visible roll ranges; no additional mandatory rule is needed for this standalone lookup.,None.,reclvse-reclvse-gatekeeper-mood,,Solo
reclvse-reclvse-city-threats,RECLVSE,95,95,City Threats,City Threats,Table,RESOLVED,—,3,1,3,Reference Desk → oracle:reclvse.city_threats,yes: City Threats,no,yes,The canonical table has usable original results and visible roll ranges; no additional mandatory rule is needed for this standalone lookup.,None.,reclvse-reclvse-city-threats,,Solo
reclvse-reclvse-city-signs-before-entering,RECLVSE,95,95,City Signs (Before Entering),City Signs (Before Entering),Table,RESOLVED,—,3,1,3,Reference Desk → oracle:reclvse.city_signs_before_entering,yes: City Signs (Before Entering),no,yes,The canonical table has usable original results and visible roll ranges; no additional mandatory rule is needed for this standalone lookup.,None.,reclvse-reclvse-city-signs-before-entering,,Solo
reclvse-reclvse-neighborhood-type,RECLVSE,96,96,Neighborhood Type,Neighborhood Type,Table,RESOLVED,—,3,1,3,Reference Desk → oracle:reclvse.neighborhood_type,yes: Neighborhood Type,no,yes,The canonical table has usable original results and visible roll ranges; no additional mandatory rule is needed for this standalone lookup.,None.,reclvse-reclvse-neighborhood-type,,Solo
reclvse-reclvse-neighborhood-mood,RECLVSE,96,96,Neighborhood Mood,Neighborhood Mood,Table,RESOLVED,—,3,1,3,Reference Desk → oracle:reclvse.neighborhood_mood,yes: Neighborhood Mood,no,yes,The canonical table has usable original results and visible roll ranges; no additional mandatory rule is needed for this standalone lookup.,None.,reclvse-reclvse-neighborhood-mood,,Solo
reclvse-reclvse-neighborhood-sound,RECLVSE,96,96,Neighborhood Sound,Neighborhood Sound,Table,RESOLVED,—,3,1,3,Reference Desk → oracle:reclvse.neighborhood_sound,yes: Neighborhood Sound,no,yes,The canonical table has usable original results and visible roll ranges; no additional mandatory rule is needed for this standalone lookup.,None.,reclvse-reclvse-neighborhood-sound,,Solo
reclvse-reclvse-neighborhood-smell,RECLVSE,96,96,Neighborhood Smell,Neighborhood Smell,Table,RESOLVED,—,3,1,3,Reference Desk → oracle:reclvse.neighborhood_smell,yes: Neighborhood Smell,no,yes,The canonical table has usable original results and visible roll ranges; no additional mandatory rule is needed for this standalone lookup.,None.,reclvse-reclvse-neighborhood-smell,,Solo
reclvse-reclvse-neighborhood-activity,RECLVSE,96,96,Neighborhood Activity,Neighborhood Activity,Table,RESOLVED,—,3,1,3,Reference Desk → oracle:reclvse.neighborhood_activity,yes: Neighborhood Activity,no,yes,The canonical table has usable original results and visible roll ranges; no additional mandatory rule is needed for this standalone lookup.,None.,reclvse-reclvse-neighborhood-activity,,Solo
reclvse-reclvse-neighborhood-attitude-toward-outsiders,RECLVSE,97,97,Neighborhood Attitude Toward Outsiders,Neighborhood Attitude Toward Outsiders,Table,RESOLVED,—,3,1,3,Reference Desk → oracle:reclvse.neighborhood_attitude_toward_outsiders,yes: Neighborhood Attitude Toward Outsiders,no,yes,The canonical table has usable original results and visible roll ranges; no additional mandatory rule is needed for this standalone lookup.,None.,reclvse-reclvse-neighborhood-attitude-toward-outsiders,,Solo
reclvse-reclvse-neighborhood-problem,RECLVSE,97,97,Neighborhood Problem,Neighborhood Problem,Table,RESOLVED,—,3,1,3,Reference Desk → oracle:reclvse.neighborhood_problem,yes: Neighborhood Problem,no,yes,The canonical table has usable original results and visible roll ranges; no additional mandatory rule is needed for this standalone lookup.,None.,reclvse-reclvse-neighborhood-problem,,Solo
reclvse-reclvse-neighborhood-secret,RECLVSE,97,97,Neighborhood Secret,Neighborhood Secret,Table,RESOLVED,—,3,1,3,Reference Desk → oracle:reclvse.neighborhood_secret,yes: Neighborhood Secret,no,yes,The canonical table has usable original results and visible roll ranges; no additional mandatory rule is needed for this standalone lookup.,None.,reclvse-reclvse-neighborhood-secret,,Solo
reclvse-reclvse-street-size,RECLVSE,98,98,Street Size,Street Size,Table,RESOLVED,—,3,1,3,Reference Desk → oracle:reclvse.street_size,yes: Street Size,no,yes,The canonical table has usable original results and visible roll ranges; no additional mandatory rule is needed for this standalone lookup.,None.,reclvse-reclvse-street-size,,Solo
reclvse-reclvse-street-shape,RECLVSE,98,98,Street Shape,Street Shape,Table,RESOLVED,—,3,1,3,Reference Desk → oracle:reclvse.street_shape,yes: Street Shape,no,yes,The canonical table has usable original results and visible roll ranges; no additional mandatory rule is needed for this standalone lookup.,None.,reclvse-reclvse-street-shape,,Solo
reclvse-reclvse-noise-level,RECLVSE,99,99,Street Generation — Noise Level,Street Generation — Noise Level,Table,RESOLVED,—,3,1,3,Reference Desk → oracle:reclvse.noise_level,yes: Street Generation — Noise Level,no,yes,The canonical table has usable original results and visible roll ranges; no additional mandatory rule is needed for this standalone lookup.,None.,reclvse-reclvse-noise-level,,Solo
reclvse-reclvse-street-quality-condition,RECLVSE,99,99,Street Quality / Condition,Street Quality / Condition,Table,RESOLVED,—,3,1,3,Reference Desk → oracle:reclvse.street_quality_condition,yes: Street Quality / Condition,no,yes,The canonical table has usable original results and visible roll ranges; no additional mandatory rule is needed for this standalone lookup.,None.,reclvse-reclvse-street-quality-condition,,Solo
reclvse-reclvse-street-surface,RECLVSE,99,99,Street Surface,Street Surface,Table,RESOLVED,—,3,1,3,Reference Desk → oracle:reclvse.street_surface,yes: Street Surface,no,yes,The canonical table has usable original results and visible roll ranges; no additional mandatory rule is needed for this standalone lookup.,None.,reclvse-reclvse-street-surface,,Solo
reclvse-reclvse-light-level,RECLVSE,99,99,Street Generation — Light Level,Street Generation — Light Level,Table,RESOLVED,—,3,1,3,Reference Desk → oracle:reclvse.light_level,yes: Street Generation — Light Level,no,yes,The canonical table has usable original results and visible roll ranges; no additional mandatory rule is needed for this standalone lookup.,None.,reclvse-reclvse-light-level,,Solo
reclvse-reclvse-smell,RECLVSE,99,99,Street Generation — Smell,Street Generation — Smell,Table,RESOLVED,—,3,1,3,Reference Desk → oracle:reclvse.smell,yes: Street Generation — Smell,no,yes,The canonical table has usable original results and visible roll ranges; no additional mandatory rule is needed for this standalone lookup.,None.,reclvse-reclvse-smell,,Solo
reclvse-reclvse-street-features,RECLVSE,99,99,Street Features,Street Features,Table,RESOLVED,—,3,1,3,Reference Desk → oracle:reclvse.street_features,yes: Street Features,no,yes,The canonical table has usable original results and visible roll ranges; no additional mandatory rule is needed for this standalone lookup.,None.,reclvse-reclvse-street-features,,Solo
reclvse-reclvse-street-activity,RECLVSE,100,100,Street Activity,Street Activity,Table,RESOLVED,—,3,1,3,Reference Desk → oracle:reclvse.street_activity,yes: Street Activity,no,yes,The canonical table has usable original results and visible roll ranges; no additional mandatory rule is needed for this standalone lookup.,None.,reclvse-reclvse-street-activity,,Solo
reclvse-reclvse-hazard,RECLVSE,100,100,Street Generation — Hazard,Street Generation — Hazard,Table,RESOLVED,—,3,1,3,Reference Desk → oracle:reclvse.hazard,yes: Street Generation — Hazard,no,yes,The canonical table has usable original results and visible roll ranges; no additional mandatory rule is needed for this standalone lookup.,None.,reclvse-reclvse-hazard,,Solo
reclvse-reclvse-number-of-exits,RECLVSE,101,101,Street Generation — Number Of Exits,Street Generation — Number Of Exits,Table,RESOLVED,—,3,1,3,Reference Desk → oracle:reclvse.number_of_exits,yes: Street Generation — Number Of Exits,no,yes,The canonical table has usable original results and visible roll ranges; no additional mandatory rule is needed for this standalone lookup.,None.,reclvse-reclvse-number-of-exits,,Solo
reclvse-reclvse-exit-type,RECLVSE,101,101,Street Generation — Exit Type,Street Generation — Exit Type,Table,RESOLVED,—,3,1,3,Reference Desk → oracle:reclvse.exit_type,yes: Street Generation — Exit Type,no,yes,The canonical table has usable original results and visible roll ranges; no additional mandatory rule is needed for this standalone lookup.,None.,reclvse-reclvse-exit-type,,Solo
reclvse-reclvse-discovery,RECLVSE,101,101,Street Generation — Discovery,Street Generation — Discovery,Table,RESOLVED,—,3,1,3,Reference Desk → oracle:reclvse.discovery,yes: Street Generation — Discovery,no,yes,The canonical table has usable original results and visible roll ranges; no additional mandatory rule is needed for this standalone lookup.,None.,reclvse-reclvse-discovery,,Solo
reclvse-reclvse-encounter,RECLVSE,101,101,Street Generation — Encounter,Street Generation — Encounter,Table,RESOLVED,—,3,1,3,Reference Desk → oracle:reclvse.encounter,yes: Street Generation — Encounter,no,yes,The canonical table has usable original results and visible roll ranges; no additional mandatory rule is needed for this standalone lookup.,None.,reclvse-reclvse-encounter,,Solo
reclvse-reclvse-building-type,RECLVSE,102,102,Building Type,Building Type,Table,RESOLVED,—,3,1,3,Reference Desk → oracle:reclvse.building_type,yes: Building Type,no,yes,The canonical table has usable original results and visible roll ranges; no additional mandatory rule is needed for this standalone lookup.,None.,reclvse-reclvse-building-type,,Solo
reclvse-reclvse-exterior-impression,RECLVSE,102,102,Exterior Impression,Exterior Impression,Table,RESOLVED,—,3,1,3,Reference Desk → oracle:reclvse.exterior_impression,yes: Exterior Impression,no,yes,The canonical table has usable original results and visible roll ranges; no additional mandatory rule is needed for this standalone lookup.,None.,reclvse-reclvse-exterior-impression,,Solo
reclvse-reclvse-notable-object,RECLVSE,103,103,Notable Object,Notable Object,Table,RESOLVED,—,3,1,3,Reference Desk → oracle:reclvse.notable_object,yes: Notable Object,no,yes,The canonical table has usable original results and visible roll ranges; no additional mandatory rule is needed for this standalone lookup.,None.,reclvse-reclvse-notable-object,,Solo
reclvse-reclvse-interior-atmosphere,RECLVSE,103,103,Interior Atmosphere,Interior Atmosphere,Table,RESOLVED,—,3,1,3,Reference Desk → oracle:reclvse.interior_atmosphere,yes: Interior Atmosphere,no,yes,The canonical table has usable original results and visible roll ranges; no additional mandatory rule is needed for this standalone lookup.,None.,reclvse-reclvse-interior-atmosphere,,Solo
reclvse-reclvse-activity-inside,RECLVSE,103,103,Activity Inside,Activity Inside,Table,RESOLVED,—,3,1,3,Reference Desk → oracle:reclvse.activity_inside,yes: Activity Inside,no,yes,The canonical table has usable original results and visible roll ranges; no additional mandatory rule is needed for this standalone lookup.,None.,reclvse-reclvse-activity-inside,,Solo
reclvse-reclvse-hidden-element,RECLVSE,103,103,Hidden Element,Hidden Element,Table,RESOLVED,—,3,1,3,Reference Desk → oracle:reclvse.hidden_element,yes: Hidden Element,no,yes,The canonical table has usable original results and visible roll ranges; no additional mandatory rule is needed for this standalone lookup.,None.,reclvse-reclvse-hidden-element,,Solo
reclvse-reclvse-minor-discoveries,RECLVSE,104,104,Minor Discoveries,Minor Discoveries,Table,RESOLVED,—,3,1,3,Reference Desk → oracle:reclvse.minor_discoveries,yes: Minor Discoveries,no,yes,The canonical table has usable original results and visible roll ranges; no additional mandatory rule is needed for this standalone lookup.,None.,reclvse-reclvse-minor-discoveries,,Solo
reclvse-reclvse-significant-clues,RECLVSE,104,104,Significant Clues,Significant Clues,Table,RESOLVED,—,3,1,3,Reference Desk → oracle:reclvse.significant_clues,yes: Significant Clues,no,yes,The canonical table has usable original results and visible roll ranges; no additional mandatory rule is needed for this standalone lookup.,None.,reclvse-reclvse-significant-clues,,Solo
reclvse-reclvse-rumors-whispers,RECLVSE,105,105,Rumors & Whispers,Rumors & Whispers,Table,RESOLVED,—,3,1,3,Reference Desk → oracle:reclvse.rumors_whispers,yes: Rumors & Whispers,no,yes,The canonical table has usable original results and visible roll ranges; no additional mandatory rule is needed for this standalone lookup.,None.,reclvse-reclvse-rumors-whispers,,Solo
reclvse-reclvse-urban-oddities,RECLVSE,105,105,Urban Oddities,Urban Oddities,Table,RESOLVED,—,3,1,3,Reference Desk → oracle:reclvse.urban_oddities,yes: Urban Oddities,no,yes,The canonical table has usable original results and visible roll ranges; no additional mandatory rule is needed for this standalone lookup.,None.,reclvse-reclvse-urban-oddities,,Solo
reclvse-reclvse-social-discoveries,RECLVSE,106,106,Social Discoveries,Social Discoveries,Table,RESOLVED,—,3,1,3,Reference Desk → oracle:reclvse.social_discoveries,yes: Social Discoveries,no,yes,The canonical table has usable original results and visible roll ranges; no additional mandatory rule is needed for this standalone lookup.,None.,reclvse-reclvse-social-discoveries,,Solo
reclvse-reclvse-physical-signs-of-trouble,RECLVSE,106,106,Physical Signs Of Trouble,Physical Signs Of Trouble,Table,RESOLVED,—,3,1,3,Reference Desk → oracle:reclvse.physical_signs_of_trouble,yes: Physical Signs Of Trouble,no,yes,The canonical table has usable original results and visible roll ranges; no additional mandatory rule is needed for this standalone lookup.,None.,reclvse-reclvse-physical-signs-of-trouble,,Solo
reclvse-reclvse-signs-of-the-undercity,RECLVSE,106,106,Signs Of The Undercity,Signs Of The Undercity,Table,RESOLVED,—,3,1,3,Reference Desk → oracle:reclvse.signs_of_the_undercity,yes: Signs Of The Undercity,no,yes,The canonical table has usable original results and visible roll ranges; no additional mandatory rule is needed for this standalone lookup.,None.,reclvse-reclvse-signs-of-the-undercity,,Solo
reclvse-reclvse-temperature,RECLVSE,107,107,Temperature,Temperature,Table,RESOLVED,—,3,1,3,Reference Desk → oracle:reclvse.temperature,yes: Temperature,no,yes,The canonical table has usable original results and visible roll ranges; no additional mandatory rule is needed for this standalone lookup.,None.,reclvse-reclvse-temperature,,Solo
reclvse-reclvse-precipitation,RECLVSE,107,107,Precipitation,Precipitation,Table,RESOLVED,—,3,1,3,Reference Desk → oracle:reclvse.precipitation,yes: Precipitation,no,yes,The canonical table has usable original results and visible roll ranges; no additional mandatory rule is needed for this standalone lookup.,None.,reclvse-reclvse-precipitation,,Travel
reclvse-reclvse-wind,RECLVSE,107,107,Wind,Wind,Table,RESOLVED,—,3,1,3,Reference Desk → oracle:reclvse.wind,yes: Wind,no,yes,The canonical table has usable original results and visible roll ranges; no additional mandatory rule is needed for this standalone lookup.,None.,reclvse-reclvse-wind,,Solo
reclvse-reclvse-weather-shift,RECLVSE,108,108,Weather Shift,Weather Shift,Table,RESOLVED,—,3,1,3,Reference Desk → oracle:reclvse.weather_shift,yes: Weather Shift,no,yes,The canonical table has usable original results and visible roll ranges; no additional mandatory rule is needed for this standalone lookup.,None.,reclvse-reclvse-weather-shift,,Travel
reclvse-reclvse-visibility,RECLVSE,108,108,Visibility,Visibility,Table,RESOLVED,—,3,1,3,Reference Desk → oracle:reclvse.visibility,yes: Visibility,no,yes,The canonical table has usable original results and visible roll ranges; no additional mandatory rule is needed for this standalone lookup.,None.,reclvse-reclvse-visibility,,Solo
reclvse-reclvse-unnatural-weather,RECLVSE,108,108,Unnatural Weather,Unnatural Weather,Table,RESOLVED,—,3,1,3,Reference Desk → oracle:reclvse.unnatural_weather,yes: Unnatural Weather,no,yes,The canonical table has usable original results and visible roll ranges; no additional mandatory rule is needed for this standalone lookup.,None.,reclvse-reclvse-unnatural-weather,,Travel
reclvse-reclvse-weather-omen-signs,RECLVSE,108,108,Weather Omen Signs,Weather Omen Signs,Table,RESOLVED,—,3,1,3,Reference Desk → oracle:reclvse.weather_omen_signs,yes: Weather Omen Signs,no,yes,The canonical table has usable original results and visible roll ranges; no additional mandatory rule is needed for this standalone lookup.,None.,reclvse-reclvse-weather-omen-signs,,Travel
reclvse-reclvse-minor-natural-discoveries,RECLVSE,109,109,Minor Natural Discoveries,Minor Natural Discoveries,Table,RESOLVED,—,3,1,3,Reference Desk → oracle:reclvse.minor_natural_discoveries,yes: Minor Natural Discoveries,no,yes,The canonical table has usable original results and visible roll ranges; no additional mandatory rule is needed for this standalone lookup.,None.,reclvse-reclvse-minor-natural-discoveries,,Solo
reclvse-reclvse-random-table,RECLVSE,109,109,Random Table,Random Table,Table,PRESENT_BUT_INDIRECT,P2,3,2,6,Reference Desk → oracle:reclvse.random_table,yes: Random Table,no,yes,"Original selector/follow-up text is present, but the selected named target is not a direct canonical link in the ordinary standalone result. The player must search the next table separately.",Resolve only the explicit source-named targets into canonical result links; leave optional selection and recursion under player control.,reclvse-reclvse-random-table,RESULT_LINK,Solo
reclvse-reclvse-remains-ruins,RECLVSE,110,110,Remains & Ruins,Remains & Ruins,Table,RESOLVED,—,3,1,3,Reference Desk → oracle:reclvse.remains_ruins,yes: Remains & Ruins,no,yes,The canonical table has usable original results and visible roll ranges; no additional mandatory rule is needed for this standalone lookup.,None.,reclvse-reclvse-remains-ruins,,Solo
reclvse-reclvse-signs-of-travelers,RECLVSE,110,110,Signs Of Travelers,Signs Of Travelers,Table,RESOLVED,—,3,1,3,Reference Desk → oracle:reclvse.signs_of_travelers,yes: Signs Of Travelers,no,yes,The canonical table has usable original results and visible roll ranges; no additional mandatory rule is needed for this standalone lookup.,None.,reclvse-reclvse-signs-of-travelers,,Travel
reclvse-reclvse-natural-oddities,RECLVSE,110,110,Natural Oddities,Natural Oddities,Table,RESOLVED,—,3,1,3,Reference Desk → oracle:reclvse.natural_oddities,yes: Natural Oddities,no,yes,The canonical table has usable original results and visible roll ranges; no additional mandatory rule is needed for this standalone lookup.,None.,reclvse-reclvse-natural-oddities,,Solo
reclvse-reclvse-threat-signs,RECLVSE,110,110,Threat Signs,Threat Signs,Table,RESOLVED,—,3,1,3,Reference Desk → oracle:reclvse.threat_signs,yes: Threat Signs,no,yes,The canonical table has usable original results and visible roll ranges; no additional mandatory rule is needed for this standalone lookup.,None.,reclvse-reclvse-threat-signs,,Travel
reclvse-reclvse-strange-omens,RECLVSE,111,111,Strange Omens,Strange Omens,Table,RESOLVED,—,3,1,3,Reference Desk → oracle:reclvse.strange_omens,yes: Strange Omens,no,yes,The canonical table has usable original results and visible roll ranges; no additional mandatory rule is needed for this standalone lookup.,None.,reclvse-reclvse-strange-omens,,Solo
reclvse-reclvse-signs-of-lost-people,RECLVSE,111,111,Signs Of Lost People,Signs Of Lost People,Table,RESOLVED,—,3,1,3,Reference Desk → oracle:reclvse.signs_of_lost_people,yes: Signs Of Lost People,no,yes,The canonical table has usable original results and visible roll ranges; no additional mandatory rule is needed for this standalone lookup.,None.,reclvse-reclvse-signs-of-lost-people,,Solo
reclvse-reclvse-wild-resource-discoveries,RECLVSE,111,111,Wild Resource Discoveries,Wild Resource Discoveries,Table,RESOLVED,—,3,1,3,Reference Desk → oracle:reclvse.wild_resource_discoveries,yes: Wild Resource Discoveries,no,yes,The canonical table has usable original results and visible roll ranges; no additional mandatory rule is needed for this standalone lookup.,None.,reclvse-reclvse-wild-resource-discoveries,,Travel
reclvse-reclvse-ruinous-landmarks,RECLVSE,112,112,Ruinous Landmarks,Ruinous Landmarks,Table,RESOLVED,—,3,1,3,Reference Desk → oracle:reclvse.ruinous_landmarks,yes: Ruinous Landmarks,no,yes,The canonical table has usable original results and visible roll ranges; no additional mandatory rule is needed for this standalone lookup.,None.,reclvse-reclvse-ruinous-landmarks,,Travel
reclvse-reclvse-major-natural-landmarks,RECLVSE,112,112,Major Natural Landmarks,Major Natural Landmarks,Table,RESOLVED,—,3,1,3,Reference Desk → oracle:reclvse.major_natural_landmarks,yes: Major Natural Landmarks,no,yes,The canonical table has usable original results and visible roll ranges; no additional mandatory rule is needed for this standalone lookup.,None.,reclvse-reclvse-major-natural-landmarks,,Travel
reclvse-reclvse-strange-landmarks,RECLVSE,112,112,Strange Landmarks,Strange Landmarks,Table,RESOLVED,—,3,1,3,Reference Desk → oracle:reclvse.strange_landmarks,yes: Strange Landmarks,no,yes,The canonical table has usable original results and visible roll ranges; no additional mandatory rule is needed for this standalone lookup.,None.,reclvse-reclvse-strange-landmarks,,Travel
reclvse-reclvse-landmark-presence,RECLVSE,113,113,Landmark Presence,Landmark Presence,Table,RESOLVED,—,3,1,3,Reference Desk → oracle:reclvse.landmark_presence,yes: Landmark Presence,no,yes,The canonical table has usable original results and visible roll ranges; no additional mandatory rule is needed for this standalone lookup.,None.,reclvse-reclvse-landmark-presence,,Travel
reclvse-reclvse-water-landmarks,RECLVSE,113,113,Water Landmarks,Water Landmarks,Table,RESOLVED,—,3,1,3,Reference Desk → oracle:reclvse.water_landmarks,yes: Water Landmarks,no,yes,The canonical table has usable original results and visible roll ranges; no additional mandatory rule is needed for this standalone lookup.,None.,reclvse-reclvse-water-landmarks,,Travel
reclvse-reclvse-elevation-features,RECLVSE,113,113,Elevation Features,Elevation Features,Table,RESOLVED,—,3,1,3,Reference Desk → oracle:reclvse.elevation_features,yes: Elevation Features,no,yes,The canonical table has usable original results and visible roll ranges; no additional mandatory rule is needed for this standalone lookup.,None.,reclvse-reclvse-elevation-features,,Solo
reclvse-reclvse-landmark-purpose,RECLVSE,113,113,Landmark Purpose,Landmark Purpose,Table,RESOLVED,—,3,1,3,Reference Desk → oracle:reclvse.landmark_purpose,yes: Landmark Purpose,no,yes,The canonical table has usable original results and visible roll ranges; no additional mandatory rule is needed for this standalone lookup.,None.,reclvse-reclvse-landmark-purpose,,Travel
reclvse-reclvse-landmark-condition,RECLVSE,113,113,Landmark Condition,Landmark Condition,Table,RESOLVED,—,3,1,3,Reference Desk → oracle:reclvse.landmark_condition,yes: Landmark Condition,no,yes,The canonical table has usable original results and visible roll ranges; no additional mandatory rule is needed for this standalone lookup.,None.,reclvse-reclvse-landmark-condition,,Travel
reclvse-reclvse-monstrous-signs,RECLVSE,114,114,Monstrous Signs,Monstrous Signs,Table,RESOLVED,—,3,1,3,Reference Desk → oracle:reclvse.monstrous_signs,yes: Monstrous Signs,no,yes,The canonical table has usable original results and visible roll ranges; no additional mandatory rule is needed for this standalone lookup.,None.,reclvse-reclvse-monstrous-signs,,Solo
reclvse-reclvse-large-creature-signs,RECLVSE,114,114,Large Creature Signs,Large Creature Signs,Table,RESOLVED,—,3,1,3,Reference Desk → oracle:reclvse.large_creature_signs,yes: Large Creature Signs,no,yes,The canonical table has usable original results and visible roll ranges; no additional mandatory rule is needed for this standalone lookup.,None.,reclvse-reclvse-large-creature-signs,,Solo
reclvse-reclvse-signs-of-ambush,RECLVSE,115,115,Signs Of Ambush,Signs Of Ambush,Table,RESOLVED,—,3,1,3,Reference Desk → oracle:reclvse.signs_of_ambush,yes: Signs Of Ambush,no,yes,The canonical table has usable original results and visible roll ranges; no additional mandatory rule is needed for this standalone lookup.,None.,reclvse-reclvse-signs-of-ambush,,Solo
reclvse-reclvse-human-threat-signs,RECLVSE,115,115,Human Threat Signs,Human Threat Signs,Table,RESOLVED,—,3,1,3,Reference Desk → oracle:reclvse.human_threat_signs,yes: Human Threat Signs,no,yes,The canonical table has usable original results and visible roll ranges; no additional mandatory rule is needed for this standalone lookup.,None.,reclvse-reclvse-human-threat-signs,,Travel
reclvse-reclvse-signs-of-stalking,RECLVSE,115,115,Signs Of Stalking,Signs Of Stalking,Table,RESOLVED,—,3,1,3,Reference Desk → oracle:reclvse.signs_of_stalking,yes: Signs Of Stalking,no,yes,The canonical table has usable original results and visible roll ranges; no additional mandatory rule is needed for this standalone lookup.,None.,reclvse-reclvse-signs-of-stalking,,Solo
reclvse-reclvse-signs-of-infestation,RECLVSE,115,115,Signs Of Infestation,Signs Of Infestation,Table,RESOLVED,—,3,1,3,Reference Desk → oracle:reclvse.signs_of_infestation,yes: Signs Of Infestation,no,yes,The canonical table has usable original results and visible roll ranges; no additional mandatory rule is needed for this standalone lookup.,None.,reclvse-reclvse-signs-of-infestation,,Solo
reclvse-reclvse-natural-hazards,RECLVSE,116,116,Natural Hazards,Natural Hazards,Table,RESOLVED,—,3,1,3,Reference Desk → oracle:reclvse.natural_hazards,yes: Natural Hazards,no,yes,The canonical table has usable original results and visible roll ranges; no additional mandatory rule is needed for this standalone lookup.,None.,reclvse-reclvse-natural-hazards,,Solo
reclvse-reclvse-weather-driven-hazards,RECLVSE,116,116,Weather-Driven Hazards,Weather-Driven Hazards,Table,RESOLVED,—,3,1,3,Reference Desk → oracle:reclvse.weather_driven_hazards,yes: Weather-Driven Hazards,no,yes,The canonical table has usable original results and visible roll ranges; no additional mandatory rule is needed for this standalone lookup.,None.,reclvse-reclvse-weather-driven-hazards,,Travel
reclvse-reclvse-terrain-dangers,RECLVSE,116,116,Terrain Dangers,Terrain Dangers,Table,RESOLVED,—,3,1,3,Reference Desk → oracle:reclvse.terrain_dangers,yes: Terrain Dangers,no,yes,The canonical table has usable original results and visible roll ranges; no additional mandatory rule is needed for this standalone lookup.,None.,reclvse-reclvse-terrain-dangers,,Solo
reclvse-reclvse-wildlife-hazards-non-combat,RECLVSE,117,117,Wildlife Hazards (Non- Combat),Wildlife Hazards (Non- Combat),Table,RESOLVED,—,3,1,3,Reference Desk → oracle:reclvse.wildlife_hazards_non_combat,yes: Wildlife Hazards (Non- Combat),no,yes,The canonical table has usable original results and visible roll ranges; no additional mandatory rule is needed for this standalone lookup.,None.,reclvse-reclvse-wildlife-hazards-non-combat,,Travel
reclvse-reclvse-resource-loss-hazards,RECLVSE,117,117,Resource-Loss Hazards,Resource-Loss Hazards,Table,RESOLVED,—,3,1,3,Reference Desk → oracle:reclvse.resource_loss_hazards,yes: Resource-Loss Hazards,no,yes,The canonical table has usable original results and visible roll ranges; no additional mandatory rule is needed for this standalone lookup.,None.,reclvse-reclvse-resource-loss-hazards,,Solo
reclvse-reclvse-unnatural-hazards,RECLVSE,117,117,Unnatural Hazards,Unnatural Hazards,Table,RESOLVED,—,3,1,3,Reference Desk → oracle:reclvse.unnatural_hazards,yes: Unnatural Hazards,no,yes,The canonical table has usable original results and visible roll ranges; no additional mandatory rule is needed for this standalone lookup.,None.,reclvse-reclvse-unnatural-hazards,,Solo
reclvse-reclvse-travel-cost-hazards,RECLVSE,118,118,Travel-Cost Hazards,Travel-Cost Hazards,Table,RESOLVED,—,3,1,3,Reference Desk → oracle:reclvse.travel_cost_hazards,yes: Travel-Cost Hazards,no,yes,The canonical table has usable original results and visible roll ranges; no additional mandatory rule is needed for this standalone lookup.,None.,reclvse-reclvse-travel-cost-hazards,,Travel
reclvse-reclvse-false-security-misleading-hazards,RECLVSE,118,118,False Security / Misleading Hazards,False Security / Misleading Hazards,Table,RESOLVED,—,3,1,3,Reference Desk → oracle:reclvse.false_security_misleading_hazards,yes: False Security / Misleading Hazards,no,yes,The canonical table has usable original results and visible roll ranges; no additional mandatory rule is needed for this standalone lookup.,None.,reclvse-reclvse-false-security-misleading-hazards,,Solo
reclvse-reclvse-village-names,RECLVSE,130,130,Village Names,Village Names,Table,RESOLVED,—,3,1,3,Reference Desk → oracle:reclvse.village_names,yes: Village Names,no,yes,The canonical table has usable original results and visible roll ranges; no additional mandatory rule is needed for this standalone lookup.,None.,reclvse-reclvse-village-names,,Solo
reclvse-reclvse-landmark-names,RECLVSE,132,132,Landmark Names,Landmark Names,Table,RESOLVED,—,3,1,3,Reference Desk → oracle:reclvse.landmark_names,yes: Landmark Names,no,yes,The canonical table has usable original results and visible roll ranges; no additional mandatory rule is needed for this standalone lookup.,None.,reclvse-reclvse-landmark-names,,Travel
reclvse-reclvse-tavern-names,RECLVSE,132,132,Tavern Names,Tavern Names,Table,RESOLVED,—,3,1,3,Reference Desk → oracle:reclvse.tavern_names,yes: Tavern Names,no,yes,The canonical table has usable original results and visible roll ranges; no additional mandatory rule is needed for this standalone lookup.,None.,reclvse-reclvse-tavern-names,,Solo
reclvse-reclvse-npc-surnames,RECLVSE,133,133,Npc Surnames,Npc Surnames,Table,RESOLVED,—,3,1,3,Reference Desk → oracle:reclvse.npc_surnames,yes: Npc Surnames,no,yes,The canonical table has usable original results and visible roll ranges; no additional mandatory rule is needed for this standalone lookup.,None.,reclvse-reclvse-npc-surnames,,NPC
reclvse-reclvse-npc-first-names,RECLVSE,133,133,Npc First Names,Npc First Names,Table,RESOLVED,—,3,1,3,Reference Desk → oracle:reclvse.npc_first_names,yes: Npc First Names,no,yes,The canonical table has usable original results and visible roll ranges; no additional mandatory rule is needed for this standalone lookup.,None.,reclvse-reclvse-npc-first-names,,NPC
reclvse-reclvse-street-buildings-lots,RECLVSE,100,100,Street Generation — Buildings / Lots,Street Generation — Buildings / Lots,Table,RESOLVED,—,3,1,3,Reference Desk → oracle:reclvse.street_buildings_lots,yes: Street Generation — Buildings / Lots,no,yes,The canonical table has usable original results and visible roll ranges; no additional mandatory rule is needed for this standalone lookup.,None.,reclvse-reclvse-street-buildings-lots,,Solo
reclvse-reclvse-city-names,RECLVSE,131,131,City Names,City Names,Table,RESOLVED,—,3,1,3,Reference Desk → oracle:reclvse.city_names,yes: City Names,no,yes,The canonical table has usable original results and visible roll ranges; no additional mandatory rule is needed for this standalone lookup.,None.,reclvse-reclvse-city-names,,Solo
reclvse-reclvse-region-names,RECLVSE,131,131,Region Names,Region Names,Table,RESOLVED,—,3,1,3,Reference Desk → oracle:reclvse.region_names,yes: Region Names,no,yes,The canonical table has usable original results and visible roll ranges; no additional mandatory rule is needed for this standalone lookup.,None.,reclvse-reclvse-region-names,,Solo
reclvse-reclvse-street-quick-type,RECLVSE,98,98,Quick Street Generator — Street Type,Quick Street Generator — Street Type,Table,RESOLVED,—,3,1,3,Reference Desk → oracle:reclvse.street_quick_type,yes: Quick Street Generator — Street Type,no,yes,The canonical table has usable original results and visible roll ranges; no additional mandatory rule is needed for this standalone lookup.,None.,reclvse-reclvse-street-quick-type,,Solo
reclvse-reclvse-street-quick-atmosphere,RECLVSE,98,98,Quick Street Generator — Atmosphere,Quick Street Generator — Atmosphere,Table,RESOLVED,—,3,1,3,Reference Desk → oracle:reclvse.street_quick_atmosphere,yes: Quick Street Generator — Atmosphere,no,yes,The canonical table has usable original results and visible roll ranges; no additional mandatory rule is needed for this standalone lookup.,None.,reclvse-reclvse-street-quick-atmosphere,,Solo
reclvse-reclvse-street-quick-feature,RECLVSE,98,98,Quick Street Generator — Feature,Quick Street Generator — Feature,Table,RESOLVED,—,3,1,3,Reference Desk → oracle:reclvse.street_quick_feature,yes: Quick Street Generator — Feature,no,yes,The canonical table has usable original results and visible roll ranges; no additional mandatory rule is needed for this standalone lookup.,None.,reclvse-reclvse-street-quick-feature,,Solo
reclvse-reclvse-street-quick-content,RECLVSE,98,98,Quick Street Generator — Content,Quick Street Generator — Content,Table,PRESENT_BUT_INDIRECT,P2,3,2,6,Reference Desk → oracle:reclvse.street_quick_content,yes: Quick Street Generator — Content,no,yes,"Original selector/follow-up text is present, but the selected named target is not a direct canonical link in the ordinary standalone result. The player must search the next table separately.",Resolve only the explicit source-named targets into canonical result links; leave optional selection and recursion under player control.,reclvse-reclvse-street-quick-content,RESULT_LINK,Solo
reclvse-reclvse-street-quick-exits,RECLVSE,98,98,Quick Street Generator — Exits,Quick Street Generator — Exits,Table,RESOLVED,—,3,1,3,Reference Desk → oracle:reclvse.street_quick_exits,yes: Quick Street Generator — Exits,no,yes,The canonical table has usable original results and visible roll ranges; no additional mandatory rule is needed for this standalone lookup.,None.,reclvse-reclvse-street-quick-exits,,Solo
reclvse-reclvse-equipment,RECLVSE,31,31,Gear & Equipment List,Gear & Equipment List,Table,RESOLVED,—,3,1,3,Reference Desk → oracle:reclvse.equipment,yes: Gear & Equipment List,no,yes,The canonical table has usable original results and visible roll ranges; no additional mandatory rule is needed for this standalone lookup.,None.,reclvse-reclvse-equipment,,Solo
reclvse-reclvse-weapons,RECLVSE,32,32,Weapons Table,Weapons Table,Table,RESOLVED,—,3,1,3,Reference Desk → oracle:reclvse.weapons,yes: Weapons Table,no,yes,The canonical table has usable original results and visible roll ranges; no additional mandatory rule is needed for this standalone lookup.,None.,reclvse-reclvse-weapons,,Solo
reclvse-reclvse-armor,RECLVSE,32,32,Armor Table,Armor Table,Table,RESOLVED,—,3,1,3,Reference Desk → oracle:reclvse.armor,yes: Armor Table,no,yes,"This replacement armor table includes reductions and Agility penalties, including its separate fourth tier. The armor-degradation combat rule is audited separately.",None.,reclvse-reclvse-armor,,Solo
reclvse-reclvse-powers,RECLVSE,35; 36,"35, 36",Powers,Powers,Table,PRESENT_BUT_INDIRECT,P2,3,2,6,Reference Desk → oracle:reclvse.powers,yes: Powers,no,yes,"The complete replacement d66 effects are readable, but the exact title search Powers ranks Mythic meaning.powers first. RECLVSE Powers narrows correctly. Named-Power lookup is separately audited; Core names must not substitute.",Rank the actual spell-effects table above a one-word meaning oracle when the player searches Powers; retain the RECLVSE source qualifier.,reclvse-reclvse-powers,SEARCH_RANKING,Solo
reclvse-reclvse-corruption,RECLVSE,36,36,Corruption,Corruption,Table,RESOLVED,—,3,1,3,Reference Desk → oracle:reclvse.corruption,yes: Corruption,no,yes,The canonical table has usable original results and visible roll ranges; no additional mandatory rule is needed for this standalone lookup.,None.,reclvse-reclvse-corruption,,Solo
reclvse-reclvse-loot-39,RECLVSE,39,39,Loot — Table I,Loot — Table I,Table,RESOLVED,—,3,1,3,Reference Desk → oracle:reclvse.loot.39,yes: Loot — Table I,no,yes,The canonical table has usable original results and visible roll ranges; no additional mandatory rule is needed for this standalone lookup.,None.,reclvse-reclvse-loot-39,,Solo
reclvse-reclvse-loot-40,RECLVSE,40,40,Loot — Table II,Loot — Table II,Table,RESOLVED,—,3,1,3,Reference Desk → oracle:reclvse.loot.40,yes: Loot — Table II,no,yes,The canonical table has usable original results and visible roll ranges; no additional mandatory rule is needed for this standalone lookup.,None.,reclvse-reclvse-loot-40,,Solo
reclvse-reclvse-ruinedstate,RECLVSE,42,42,The Ruined State,The Ruined State,Table,PRESENT_BUT_INDIRECT,P2,3,2,6,Reference Desk → oracle:reclvse.ruinedState,yes: The Ruined State,no,yes,"Original selector/follow-up text is present, but the selected named target is not a direct canonical link in the ordinary standalone result. The player must search the next table separately.",Resolve only the explicit source-named targets into canonical result links; leave optional selection and recursion under player control.,reclvse-reclvse-ruinedstate,RESULT_LINK,Solo
reclvse-reclvse-scarred,RECLVSE,43,43,Scarred,Scarred,Table,RESOLVED,—,3,1,3,Reference Desk → oracle:reclvse.scarred,yes: Scarred,no,yes,The canonical table has usable original results and visible roll ranges; no additional mandatory rule is needed for this standalone lookup.,None.,reclvse-reclvse-scarred,,Solo
reclvse-reclvse-hirelingtraits,RECLVSE,59,59,Hireling Traits,Hireling Traits,Table,RESOLVED,—,3,1,3,Reference Desk → oracle:reclvse.hirelingTraits,yes: Hireling Traits,no,yes,The canonical table has usable original results and visible roll ranges; no additional mandatory rule is needed for this standalone lookup.,None.,reclvse-reclvse-hirelingtraits,,Solo
reclvse-reclvse-hirelingmorale,RECLVSE,59,59,Hirelings — Broken Morale,Hirelings — Broken Morale,Table,RESOLVED,—,3,1,3,Reference Desk → oracle:reclvse.hirelingMorale,yes: Hirelings — Broken Morale,no,yes,The canonical table has usable original results and visible roll ranges; no additional mandatory rule is needed for this standalone lookup.,None.,reclvse-reclvse-hirelingmorale,,Solo
reclvse-reclvse-homelocations,RECLVSE,71; 72,"71, 72",Home Locations,Home Locations,Table,RESOLVED,—,3,1,3,Reference Desk → oracle:reclvse.homeLocations,yes: Home Locations,no,yes,The canonical table has usable original results and visible roll ranges; no additional mandatory rule is needed for this standalone lookup.,None.,reclvse-reclvse-homelocations,,Solo
reclvse-reclvse-homefeatures,RECLVSE,72,72,Home Features,Home Features,Table,RESOLVED,—,3,1,3,Reference Desk → oracle:reclvse.homeFeatures,yes: Home Features,no,yes,The canonical table has usable original results and visible roll ranges; no additional mandatory rule is needed for this standalone lookup.,None.,reclvse-reclvse-homefeatures,,Solo
reclvse-reclvse-homecomplications,RECLVSE,72; 73,"72, 73",Home Complications,Home Complications,Table,RESOLVED,—,3,1,3,Reference Desk → oracle:reclvse.homeComplications,yes: Home Complications,no,yes,The canonical table has usable original results and visible roll ranges; no additional mandatory rule is needed for this standalone lookup.,None.,reclvse-reclvse-homecomplications,,Solo
reclvse-reclvse-whileaway,RECLVSE,73,73,While You’re Away,While You’re Away,Table,RESOLVED,—,3,1,3,Reference Desk → oracle:reclvse.whileAway,yes: While You’re Away,no,yes,The canonical table has usable original results and visible roll ranges; no additional mandatory rule is needed for this standalone lookup.,None.,reclvse-reclvse-whileaway,,Solo
reclvse-reclvse-creaturetype,RECLVSE,75,75,Creature Type,Creature Type,Table,RESOLVED,—,3,1,3,Reference Desk → oracle:reclvse.creatureType,yes: Creature Type,no,yes,The canonical table has usable original results and visible roll ranges; no additional mandatory rule is needed for this standalone lookup.,None.,reclvse-reclvse-creaturetype,,Solo
reclvse-reclvse-creaturearmor,RECLVSE,75,75,Beasts — Armor Tier,Beasts — Armor Tier,Table,RESOLVED,—,3,1,3,Reference Desk → oracle:reclvse.creatureArmor,yes: Beasts — Armor Tier,no,yes,The canonical table has usable original results and visible roll ranges; no additional mandatory rule is needed for this standalone lookup.,None.,reclvse-reclvse-creaturearmor,,Solo
reclvse-reclvse-creatureappearance,RECLVSE,76,76,Beasts — Appearance,Beasts — Appearance,Table,RESOLVED,—,3,1,3,Reference Desk → oracle:reclvse.creatureAppearance,yes: Beasts — Appearance,no,yes,The canonical table has usable original results and visible roll ranges; no additional mandatory rule is needed for this standalone lookup.,None.,reclvse-reclvse-creatureappearance,,Solo
reclvse-reclvse-creaturemorale,RECLVSE,76,76,Beasts — Morale,Beasts — Morale,Table,RESOLVED,—,3,1,3,Reference Desk → oracle:reclvse.creatureMorale,yes: Beasts — Morale,no,yes,The canonical table has usable original results and visible roll ranges; no additional mandatory rule is needed for this standalone lookup.,None.,reclvse-reclvse-creaturemorale,,Solo
reclvse-reclvse-creaturedamage,RECLVSE,76,76,Beasts — Damage Table,Beasts — Damage Table,Table,RESOLVED,—,3,1,3,Reference Desk → oracle:reclvse.creatureDamage,yes: Beasts — Damage Table,no,yes,The canonical table has usable original results and visible roll ranges; no additional mandatory rule is needed for this standalone lookup.,None.,reclvse-reclvse-creaturedamage,,Solo
reclvse-reclvse-creaturebehavior,RECLVSE,76,76,Beasts — Behavior,Beasts — Behavior,Table,RESOLVED,—,3,1,3,Reference Desk → oracle:reclvse.creatureBehavior,yes: Beasts — Behavior,no,yes,The canonical table has usable original results and visible roll ranges; no additional mandatory rule is needed for this standalone lookup.,None.,reclvse-reclvse-creaturebehavior,,Solo
reclvse-reclvse-wildlifetype,RECLVSE,76,76,Wildlife Type,Wildlife Type,Table,RESOLVED,—,3,1,3,Reference Desk → oracle:reclvse.wildlifeType,yes: Wildlife Type,no,yes,The canonical table has usable original results and visible roll ranges; no additional mandatory rule is needed for this standalone lookup.,None.,reclvse-reclvse-wildlifetype,,Travel
reclvse-reclvse-wildlifesize,RECLVSE,76,76,Wildlife — Size,Wildlife — Size,Table,RESOLVED,—,3,1,3,Reference Desk → oracle:reclvse.wildlifeSize,yes: Wildlife — Size,no,yes,The canonical table has usable original results and visible roll ranges; no additional mandatory rule is needed for this standalone lookup.,None.,reclvse-reclvse-wildlifesize,,Travel
reclvse-reclvse-creaturesize,RECLVSE,76,76,Beasts — Size,Beasts — Size,Table,RESOLVED,—,3,1,3,Reference Desk → oracle:reclvse.creatureSize,yes: Beasts — Size,no,yes,The canonical table has usable original results and visible roll ranges; no additional mandatory rule is needed for this standalone lookup.,None.,reclvse-reclvse-creaturesize,,Solo
reclvse-reclvse-adventurecalls-spark,RECLVSE,138,138,Adventure Calls — What Sets Everything in Motion?,Adventure Calls — What Sets Everything in Motion?,Table,RESOLVED,—,3,1,3,Reference Desk → oracle:reclvse.adventureCalls.spark,yes: Adventure Calls — What Sets Everything in Motion?,no,yes,The canonical table has usable original results and visible roll ranges; no additional mandatory rule is needed for this standalone lookup.,None.,reclvse-reclvse-adventurecalls-spark,,Solo
reclvse-reclvse-adventurecalls-destination,RECLVSE,138,138,Adventure Calls — Where Your Steps Must Lead,Adventure Calls — Where Your Steps Must Lead,Table,RESOLVED,—,3,1,3,Reference Desk → oracle:reclvse.adventureCalls.destination,yes: Adventure Calls — Where Your Steps Must Lead,no,yes,The canonical table has usable original results and visible roll ranges; no additional mandatory rule is needed for this standalone lookup.,None.,reclvse-reclvse-adventurecalls-destination,,Solo
reclvse-reclvse-adventurecalls-danger,RECLVSE,138,138,Adventure Calls — The Heart of the Danger,Adventure Calls — The Heart of the Danger,Table,RESOLVED,—,3,1,3,Reference Desk → oracle:reclvse.adventureCalls.danger,yes: Adventure Calls — The Heart of the Danger,no,yes,The canonical table has usable original results and visible roll ranges; no additional mandatory rule is needed for this standalone lookup.,None.,reclvse-reclvse-adventurecalls-danger,,Solo
reclvse-reclvse-adventurecalls-twist,RECLVSE,138,138,Adventure Calls — Twist of the Blade,Adventure Calls — Twist of the Blade,Table,RESOLVED,—,3,1,3,Reference Desk → oracle:reclvse.adventureCalls.twist,yes: Adventure Calls — Twist of the Blade,no,yes,The canonical table has usable original results and visible roll ranges; no additional mandatory rule is needed for this standalone lookup.,None.,reclvse-reclvse-adventurecalls-twist,,Solo
reclvse-reclvse-hirelingdeath,RECLVSE,60,60,Hirelings — Death and Desertion,Hirelings — Death and Desertion,Table,RESOLVED,—,3,1,3,Reference Desk → oracle:reclvse.hirelingDeath,yes: Hirelings — Death and Desertion,no,yes,The canonical table has usable original results and visible roll ranges; no additional mandatory rule is needed for this standalone lookup.,None.,reclvse-reclvse-hirelingdeath,,Solo
reclvse-reclvse-archetype,RECLVSE,18; 19; 21; 23; 25; 27; 29,"18, 19, 21, 23, 25, 27, 29",Archetype,Archetype,Table,RESOLVED,—,3,1,3,Reference Desk → oracle:reclvse.archetype,yes: Archetype,no,yes,The canonical table has usable original results and visible roll ranges; no additional mandatory rule is needed for this standalone lookup.,None.,reclvse-reclvse-archetype,,Solo
reclvse-reclvse-class-defiler-specialty,RECLVSE,20,20,Defiler — School of Defilement,Defiler — School of Defilement,Table,RESOLVED,—,3,1,3,Reference Desk → oracle:reclvse.class.defiler.specialty,yes: Defiler — School of Defilement,no,yes,"This individual class-option table includes its full option effect. It does not contain the complete archetype base statistics, abilities or downside, audited separately.",None.,reclvse-reclvse-class-defiler-specialty,,Solo
reclvse-reclvse-class-defiler-starting,RECLVSE,20,20,Defiler — Starting Ritual,Defiler — Starting Ritual,Table,RESOLVED,—,3,1,3,Reference Desk → oracle:reclvse.class.defiler.starting,yes: Defiler — Starting Ritual,no,yes,"This individual class-option table includes its full option effect. It does not contain the complete archetype base statistics, abilities or downside, audited separately.",None.,reclvse-reclvse-class-defiler-starting,,Solo
reclvse-reclvse-class-defiler-powers,RECLVSE,20,20,Defiler — Archetype Skills,Defiler — Archetype Skills,Table,RESOLVED,—,3,1,3,Reference Desk → oracle:reclvse.class.defiler.powers,yes: Defiler — Archetype Skills,no,yes,"This individual class-option table includes its full option effect. It does not contain the complete archetype base statistics, abilities or downside, audited separately.",None.,reclvse-reclvse-class-defiler-powers,,Solo
reclvse-reclvse-class-venom-specialty,RECLVSE,22,22,Venom — Method of Murder,Venom — Method of Murder,Table,RESOLVED,—,3,1,3,Reference Desk → oracle:reclvse.class.venom.specialty,yes: Venom — Method of Murder,no,yes,"This individual class-option table includes its full option effect. It does not contain the complete archetype base statistics, abilities or downside, audited separately.",None.,reclvse-reclvse-class-venom-specialty,,Solo
reclvse-reclvse-class-venom-starting,RECLVSE,22,22,Venom — Starting Kill,Venom — Starting Kill,Table,RESOLVED,—,3,1,3,Reference Desk → oracle:reclvse.class.venom.starting,yes: Venom — Starting Kill,no,yes,"This individual class-option table includes its full option effect. It does not contain the complete archetype base statistics, abilities or downside, audited separately.",None.,reclvse-reclvse-class-venom-starting,,Solo
reclvse-reclvse-class-venom-powers,RECLVSE,22,22,Venom — Archetype Skills,Venom — Archetype Skills,Table,RESOLVED,—,3,1,3,Reference Desk → oracle:reclvse.class.venom.powers,yes: Venom — Archetype Skills,no,yes,"This individual class-option table includes its full option effect. It does not contain the complete archetype base statistics, abilities or downside, audited separately.",None.,reclvse-reclvse-class-venom-powers,,Solo
reclvse-reclvse-class-brute-specialty,RECLVSE,24,24,Brute — Path of Pain,Brute — Path of Pain,Table,RESOLVED,—,3,1,3,Reference Desk → oracle:reclvse.class.brute.specialty,yes: Brute — Path of Pain,no,yes,"This individual class-option table includes its full option effect. It does not contain the complete archetype base statistics, abilities or downside, audited separately.",None.,reclvse-reclvse-class-brute-specialty,,Solo
reclvse-reclvse-class-brute-starting,RECLVSE,24,24,Brute — Starting Rite,Brute — Starting Rite,Table,RESOLVED,—,3,1,3,Reference Desk → oracle:reclvse.class.brute.starting,yes: Brute — Starting Rite,no,yes,"This individual class-option table includes its full option effect. It does not contain the complete archetype base statistics, abilities or downside, audited separately.",None.,reclvse-reclvse-class-brute-starting,,Solo
reclvse-reclvse-class-brute-powers,RECLVSE,24,24,Brute — Archetype Skills,Brute — Archetype Skills,Table,RESOLVED,—,3,1,3,Reference Desk → oracle:reclvse.class.brute.powers,yes: Brute — Archetype Skills,no,yes,"This individual class-option table includes its full option effect. It does not contain the complete archetype base statistics, abilities or downside, audited separately.",None.,reclvse-reclvse-class-brute-powers,,Solo
reclvse-reclvse-class-vessel-specialty,RECLVSE,26,26,Vessel — Source of Leakage,Vessel — Source of Leakage,Table,RESOLVED,—,3,1,3,Reference Desk → oracle:reclvse.class.vessel.specialty,yes: Vessel — Source of Leakage,no,yes,"This individual class-option table includes its full option effect. It does not contain the complete archetype base statistics, abilities or downside, audited separately.",None.,reclvse-reclvse-class-vessel-specialty,,Solo
reclvse-reclvse-class-vessel-starting,RECLVSE,26,26,Vessel — Starting Ritual,Vessel — Starting Ritual,Table,RESOLVED,—,3,1,3,Reference Desk → oracle:reclvse.class.vessel.starting,yes: Vessel — Starting Ritual,no,yes,"This individual class-option table includes its full option effect. It does not contain the complete archetype base statistics, abilities or downside, audited separately.",None.,reclvse-reclvse-class-vessel-starting,,Solo
reclvse-reclvse-class-vessel-powers,RECLVSE,26,26,Vessel — Archetype Skills,Vessel — Archetype Skills,Table,RESOLVED,—,3,1,3,Reference Desk → oracle:reclvse.class.vessel.powers,yes: Vessel — Archetype Skills,no,yes,"This individual class-option table includes its full option effect. It does not contain the complete archetype base statistics, abilities or downside, audited separately.",None.,reclvse-reclvse-class-vessel-powers,,Solo
reclvse-reclvse-class-beast-specialty,RECLVSE,28,28,Beast — Aspect of the Land,Beast — Aspect of the Land,Table,RESOLVED,—,3,1,3,Reference Desk → oracle:reclvse.class.beast.specialty,yes: Beast — Aspect of the Land,no,yes,"This individual class-option table includes its full option effect. It does not contain the complete archetype base statistics, abilities or downside, audited separately.",None.,reclvse-reclvse-class-beast-specialty,,Solo
reclvse-reclvse-class-beast-starting,RECLVSE,28,28,Beast — Starting Lore,Beast — Starting Lore,Table,RESOLVED,—,3,1,3,Reference Desk → oracle:reclvse.class.beast.starting,yes: Beast — Starting Lore,no,yes,"This individual class-option table includes its full option effect. It does not contain the complete archetype base statistics, abilities or downside, audited separately.",None.,reclvse-reclvse-class-beast-starting,,Solo
reclvse-reclvse-class-beast-powers,RECLVSE,28,28,Beast — Archetype Skills,Beast — Archetype Skills,Table,RESOLVED,—,3,1,3,Reference Desk → oracle:reclvse.class.beast.powers,yes: Beast — Archetype Skills,no,yes,"This individual class-option table includes its full option effect. It does not contain the complete archetype base statistics, abilities or downside, audited separately.",None.,reclvse-reclvse-class-beast-powers,,Solo
reclvse-reclvse-class-fanatic-specialty,RECLVSE,30,30,Fanatic — Prayer of the Day,Fanatic — Prayer of the Day,Table,RESOLVED,—,3,1,3,Reference Desk → oracle:reclvse.class.fanatic.specialty,yes: Fanatic — Prayer of the Day,no,yes,"This individual class-option table includes its full option effect. It does not contain the complete archetype base statistics, abilities or downside, audited separately.",None.,reclvse-reclvse-class-fanatic-specialty,,Solo
reclvse-reclvse-class-fanatic-starting,RECLVSE,30,30,Fanatic — Starting Doctrine,Fanatic — Starting Doctrine,Table,RESOLVED,—,3,1,3,Reference Desk → oracle:reclvse.class.fanatic.starting,yes: Fanatic — Starting Doctrine,no,yes,"This individual class-option table includes its full option effect. It does not contain the complete archetype base statistics, abilities or downside, audited separately.",None.,reclvse-reclvse-class-fanatic-starting,,Solo
reclvse-reclvse-class-fanatic-powers,RECLVSE,30,30,Fanatic — Archetype Skills,Fanatic — Archetype Skills,Table,RESOLVED,—,3,1,3,Reference Desk → oracle:reclvse.class.fanatic.powers,yes: Fanatic — Archetype Skills,no,yes,"This individual class-option table includes its full option effect. It does not contain the complete archetype base statistics, abilities or downside, audited separately.",None.,reclvse-reclvse-class-fanatic-powers,,Solo
aitc-aitc-city-crawl-failure,Alöne in the Crowd,7,5,City Crawl — Failure,City Crawl — Failure,Table,RESOLVED,—,3,1,3,Reference Desk → oracle:aitc.city-crawl-failure,yes: City Crawl — Failure,yes,yes,The canonical table has usable original results and visible roll ranges; no additional mandatory rule is needed for this standalone lookup.,None.,aitc-aitc-city-crawl-failure,,City
aitc-aitc-directions-reaction,Alöne in the Crowd,7,5,Get Directions — Weak Hit Reaction,Get Directions — Weak Hit Reaction,Table,RESOLVED,—,3,1,3,Reference Desk → oracle:aitc.directions-reaction,yes: Get Directions — Weak Hit Reaction,yes,yes,The canonical table has usable original results and visible roll ranges; no additional mandatory rule is needed for this standalone lookup.,None.,aitc-aitc-directions-reaction,,City
aitc-aitc-pray-strong,Alöne in the Crowd,7,5,Pray — Strong Hit,Pray — Strong Hit,Table,RESOLVED,—,3,1,3,Reference Desk → oracle:aitc.pray-strong,yes: Pray — Strong Hit,yes,yes,The canonical table has usable original results and visible roll ranges; no additional mandatory rule is needed for this standalone lookup.,None.,aitc-aitc-pray-strong,,City
aitc-aitc-pray-failure,Alöne in the Crowd,7,5,Pray — Failure,Pray — Failure,Table,RESOLVED,—,3,1,3,Reference Desk → oracle:aitc.pray-failure,yes: Pray — Failure,yes,yes,The canonical table has usable original results and visible roll ranges; no additional mandatory rule is needed for this standalone lookup.,None.,aitc-aitc-pray-failure,,City
aitc-aitc-stash-weak,Alöne in the Crowd,8,6,Stash Item — Weak Hit,Stash Item — Weak Hit,Table,RESOLVED,—,3,1,3,Reference Desk → oracle:aitc.stash-weak,yes: Stash Item — Weak Hit,yes,yes,The canonical table has usable original results and visible roll ranges; no additional mandatory rule is needed for this standalone lookup.,None.,aitc-aitc-stash-weak,,City
aitc-aitc-animals,Alöne in the Crowd,8,6,Animals,Animals,Table,RESOLVED,—,3,1,3,Reference Desk → oracle:aitc.animals,yes: Animals,yes,yes,The canonical table has usable original results and visible roll ranges; no additional mandatory rule is needed for this standalone lookup.,None.,aitc-aitc-animals,,City
aitc-aitc-civic-buildings,Alöne in the Crowd,8,6,Civic Buildings,Civic Buildings,Table,RESOLVED,—,3,1,3,Reference Desk → oracle:aitc.civic-buildings,yes: Civic Buildings,yes,yes,The canonical table has usable original results and visible roll ranges; no additional mandatory rule is needed for this standalone lookup.,None.,aitc-aitc-civic-buildings,,City
aitc-aitc-city-gate-reaction,Alöne in the Crowd,8,6,City Gate — Guards Reaction,City Gate — Guards Reaction,Table,RESOLVED,—,3,1,3,Reference Desk → oracle:aitc.city-gate-reaction,yes: City Gate — Guards Reaction,yes,yes,The canonical table has usable original results and visible roll ranges; no additional mandatory rule is needed for this standalone lookup.,None.,aitc-aitc-city-gate-reaction,,City
aitc-aitc-festival-adjective,Alöne in the Crowd,9,7,Festivals — Adjective,Festivals — Adjective,Table,RESOLVED,—,3,1,3,Reference Desk → oracle:aitc.festival-adjective,yes: Festivals — Adjective,yes,yes,The canonical table has usable original results and visible roll ranges; no additional mandatory rule is needed for this standalone lookup.,None.,aitc-aitc-festival-adjective,,City
aitc-aitc-festival-subject,Alöne in the Crowd,9,7,Festivals — Subject,Festivals — Subject,Table,RESOLVED,—,3,1,3,Reference Desk → oracle:aitc.festival-subject,yes: Festivals — Subject,yes,yes,The canonical table has usable original results and visible roll ranges; no additional mandatory rule is needed for this standalone lookup.,None.,aitc-aitc-festival-subject,,City
aitc-aitc-gatherings,Alöne in the Crowd,9,7,Gatherings,Gatherings,Table,RESOLVED,—,3,1,3,Reference Desk → oracle:aitc.gatherings,yes: Gatherings,yes,yes,The canonical table has usable original results and visible roll ranges; no additional mandatory rule is needed for this standalone lookup.,None.,aitc-aitc-gatherings,,City
aitc-aitc-funeral-mourners,Alöne in the Crowd,9,7,Gatherings — Funeral Mourners,Gatherings — Funeral Mourners,Table,RESOLVED,—,3,1,3,Reference Desk → oracle:aitc.funeral-mourners,yes: Gatherings — Funeral Mourners,yes,yes,The canonical table has usable original results and visible roll ranges; no additional mandatory rule is needed for this standalone lookup.,None.,aitc-aitc-funeral-mourners,,City
aitc-aitc-contest,Alöne in the Crowd,9,7,Gatherings — Contest,Gatherings — Contest,Table,RESOLVED,—,3,1,3,Reference Desk → oracle:aitc.contest,yes: Gatherings — Contest,yes,yes,The canonical table has usable original results and visible roll ranges; no additional mandatory rule is needed for this standalone lookup.,None.,aitc-aitc-contest,,City
aitc-aitc-spectacle,Alöne in the Crowd,9,7,Gatherings — Spectacle,Gatherings — Spectacle,Table,RESOLVED,—,3,1,3,Reference Desk → oracle:aitc.spectacle,yes: Gatherings — Spectacle,yes,yes,The canonical table has usable original results and visible roll ranges; no additional mandatory rule is needed for this standalone lookup.,None.,aitc-aitc-spectacle,,City
aitc-aitc-riot-complication,Alöne in the Crowd,9,7,Gatherings — Riot Complication,Gatherings — Riot Complication,Table,RESOLVED,—,3,1,3,Reference Desk → oracle:aitc.riot-complication,yes: Gatherings — Riot Complication,yes,yes,The canonical table has usable original results and visible roll ranges; no additional mandatory rule is needed for this standalone lookup.,None.,aitc-aitc-riot-complication,,City
aitc-aitc-hazards,Alöne in the Crowd,10,8,Hazards,Hazards,Table,RESOLVED,—,3,1,3,Reference Desk → oracle:aitc.hazards,yes: Hazards,yes,yes,The canonical table has usable original results and visible roll ranges; no additional mandatory rule is needed for this standalone lookup.,None.,aitc-aitc-hazards,,City
aitc-aitc-holy-places-small,Alöne in the Crowd,10,8,Holy Places — Villages and Smaller,Holy Places — Villages and Smaller,Table,PRESENT_BUT_INDIRECT,P2,3,2,6,Reference Desk → oracle:aitc.holy-places-small,yes: Holy Places — Villages and Smaller,yes,yes,"The table result is readable, but settlement-size selection or optional staffed-site guidance sits in result metadata and linked tables rather than the standalone TABLE view. No missing mandatory effect is inferred from a duplicated helper note.",Expose a compact contextual use note and the appropriate canonical branch link.,aitc-aitc-holy-places-small,CONTEXT_LINK; RESULT_LINK,City
aitc-aitc-holy-places-large,Alöne in the Crowd,10,8,Holy Places — Cities and Larger,Holy Places — Cities and Larger,Table,PRESENT_BUT_INDIRECT,P2,3,2,6,Reference Desk → oracle:aitc.holy-places-large,yes: Holy Places — Cities and Larger,yes,yes,"The table result is readable, but settlement-size selection or optional staffed-site guidance sits in result metadata and linked tables rather than the standalone TABLE view. No missing mandatory effect is inferred from a duplicated helper note.",Expose a compact contextual use note and the appropriate canonical branch link.,aitc-aitc-holy-places-large,CONTEXT_LINK; RESULT_LINK,City
aitc-aitc-interior-hovel,Alöne in the Crowd,10,8,Interior Locations — Hovel,Interior Locations — Hovel,Table,RESOLVED,—,3,1,3,Reference Desk → oracle:aitc.interior-hovel,yes: Interior Locations — Hovel,yes,yes,The canonical table has usable original results and visible roll ranges; no additional mandatory rule is needed for this standalone lookup.,None.,aitc-aitc-interior-hovel,,City
aitc-aitc-interior-townhouse,Alöne in the Crowd,10,8,Interior Locations — Townhouse,Interior Locations — Townhouse,Table,RESOLVED,—,3,1,3,Reference Desk → oracle:aitc.interior-townhouse,yes: Interior Locations — Townhouse,yes,yes,The canonical table has usable original results and visible roll ranges; no additional mandatory rule is needed for this standalone lookup.,None.,aitc-aitc-interior-townhouse,,City
aitc-aitc-interior-mansion,Alöne in the Crowd,10,8,Interior Locations — Mansion,Interior Locations — Mansion,Table,RESOLVED,—,3,1,3,Reference Desk → oracle:aitc.interior-mansion,yes: Interior Locations — Mansion,yes,yes,The canonical table has usable original results and visible roll ranges; no additional mandatory rule is needed for this standalone lookup.,None.,aitc-aitc-interior-mansion,,City
aitc-aitc-merchant-disposition,Alöne in the Crowd,10,8,Merchant Dispositions,Merchant Dispositions,Table,RESOLVED,—,3,1,3,Reference Desk → oracle:aitc.merchant-disposition,yes: Merchant Dispositions,yes,yes,The canonical table has usable original results and visible roll ranges; no additional mandatory rule is needed for this standalone lookup.,None.,aitc-aitc-merchant-disposition,,City
aitc-aitc-notable-artefact-type,Alöne in the Crowd,11,9,Notable Artefacts — Type,Notable Artefacts — Type,Table,PARTIAL,P2,3,4,12,Reference Desk → oracle:aitc.notable-artefact-type,yes: Notable Artefacts — Type,yes,yes,"Generated results display conditional/effect metadata, but TABLE displays only entry.text and simple child text. A known row can therefore omit its required condition or effect when looked up directly.","Reuse the structured effect/condition rendering in TABLE, without requiring a random roll to read the needed row.",aitc-aitc-notable-artefact-type,TABLE_VIEW,City
aitc-aitc-notable-artefact-concerning,Alöne in the Crowd,11,9,Notable Artefacts — Book/Manuscript Concerning,Notable Artefacts — Book/Manuscript Concerning,Table,RESOLVED,—,3,1,3,Reference Desk → oracle:aitc.notable-artefact-concerning,yes: Notable Artefacts — Book/Manuscript Concerning,yes,yes,The canonical table has usable original results and visible roll ranges; no additional mandatory rule is needed for this standalone lookup.,None.,aitc-aitc-notable-artefact-concerning,,City
aitc-aitc-notable-artefact-composition,Alöne in the Crowd,11,9,Notable Artefacts — Depicting Composition,Notable Artefacts — Depicting Composition,Table,RESOLVED,—,3,1,3,Reference Desk → oracle:aitc.notable-artefact-composition,yes: Notable Artefacts — Depicting Composition,yes,yes,The canonical table has usable original results and visible roll ranges; no additional mandatory rule is needed for this standalone lookup.,None.,aitc-aitc-notable-artefact-composition,,City
aitc-aitc-notable-artefact-adjective,Alöne in the Crowd,11,9,Notable Artefacts — Depicting Descriptor,Notable Artefacts — Depicting Descriptor,Table,RESOLVED,—,3,1,3,Reference Desk → oracle:aitc.notable-artefact-adjective,yes: Notable Artefacts — Depicting Descriptor,yes,yes,The canonical table has usable original results and visible roll ranges; no additional mandatory rule is needed for this standalone lookup.,None.,aitc-aitc-notable-artefact-adjective,,City
aitc-aitc-notable-artefact-subject,Alöne in the Crowd,11,9,Notable Artefacts — Depicting Subject / Effect,Notable Artefacts — Depicting Subject / Effect,Table,RESOLVED,—,3,1,3,Reference Desk → oracle:aitc.notable-artefact-subject,yes: Notable Artefacts — Depicting Subject / Effect,yes,yes,The canonical table has usable original results and visible roll ranges; no additional mandatory rule is needed for this standalone lookup.,None.,aitc-aitc-notable-artefact-subject,,City
aitc-aitc-sculpture-size,Alöne in the Crowd,11,9,Notable Artefacts — Sculpture Size,Notable Artefacts — Sculpture Size,Table,RESOLVED,—,3,1,3,Reference Desk → oracle:aitc.sculpture-size,yes: Notable Artefacts — Sculpture Size,yes,yes,The canonical table has usable original results and visible roll ranges; no additional mandatory rule is needed for this standalone lookup.,None.,aitc-aitc-sculpture-size,,City
aitc-aitc-settlement-descriptor,Alöne in the Crowd,11,9,Settlement Descriptor,Settlement Descriptor,Table,RESOLVED,—,3,1,3,Reference Desk → oracle:aitc.settlement-descriptor,yes: Settlement Descriptor,yes,yes,The canonical table has usable original results and visible roll ranges; no additional mandatory rule is needed for this standalone lookup.,None.,aitc-aitc-settlement-descriptor,,City
aitc-aitc-settlement-name-prefix,Alöne in the Crowd,12,10,Settlement Name — Prefix,Settlement Name — Prefix,Table,RESOLVED,—,3,1,3,Reference Desk → oracle:aitc.settlement-name-prefix,yes: Settlement Name — Prefix,yes,yes,The canonical table has usable original results and visible roll ranges; no additional mandatory rule is needed for this standalone lookup.,None.,aitc-aitc-settlement-name-prefix,,City
aitc-aitc-settlement-name-suffix,Alöne in the Crowd,12,10,Settlement Name — Suffix,Settlement Name — Suffix,Table,RESOLVED,—,3,1,3,Reference Desk → oracle:aitc.settlement-name-suffix,yes: Settlement Name — Suffix,yes,yes,The canonical table has usable original results and visible roll ranges; no additional mandatory rule is needed for this standalone lookup.,None.,aitc-aitc-settlement-name-suffix,,City
aitc-aitc-settlement-size,Alöne in the Crowd,12,10,Settlement Size,Settlement Size,Table,RESOLVED,—,3,1,3,Reference Desk → oracle:aitc.settlement-size,yes: Settlement Size,yes,yes,The canonical table has usable original results and visible roll ranges; no additional mandatory rule is needed for this standalone lookup.,None.,aitc-aitc-settlement-size,,City
aitc-aitc-special-structures-small,Alöne in the Crowd,12,10,Special Structures — Villages and Smaller,Special Structures — Villages and Smaller,Table,PRESENT_BUT_INDIRECT,P2,3,2,6,Reference Desk → oracle:aitc.special-structures-small,yes: Special Structures — Villages and Smaller,yes,yes,"The table result is readable, but settlement-size selection or optional staffed-site guidance sits in result metadata and linked tables rather than the standalone TABLE view. No missing mandatory effect is inferred from a duplicated helper note.",Expose a compact contextual use note and the appropriate canonical branch link.,aitc-aitc-special-structures-small,CONTEXT_LINK; RESULT_LINK,City
aitc-aitc-special-structures-large,Alöne in the Crowd,12,10,Special Structures — Towns and Larger,Special Structures — Towns and Larger,Table,PRESENT_BUT_INDIRECT,P2,3,2,6,Reference Desk → oracle:aitc.special-structures-large,yes: Special Structures — Towns and Larger,yes,yes,"The table result is readable, but settlement-size selection or optional staffed-site guidance sits in result metadata and linked tables rather than the standalone TABLE view. No missing mandatory effect is inferred from a duplicated helper note.",Expose a compact contextual use note and the appropriate canonical branch link.,aitc-aitc-special-structures-large,CONTEXT_LINK; RESULT_LINK,City
aitc-aitc-taverns,Alöne in the Crowd,13,11,Taverns,Taverns,Table,RESOLVED,—,3,1,3,Reference Desk → oracle:aitc.taverns,yes: Taverns,yes,yes,The canonical table has usable original results and visible roll ranges; no additional mandatory rule is needed for this standalone lookup.,None.,aitc-aitc-taverns,,City
aitc-aitc-unexpected-events,Alöne in the Crowd,13,11,Unexpected Events,Unexpected Events,Table,RESOLVED,—,3,1,3,Reference Desk → oracle:aitc.unexpected-events,yes: Unexpected Events,yes,yes,The canonical table has usable original results and visible roll ranges; no additional mandatory rule is needed for this standalone lookup.,None.,aitc-aitc-unexpected-events,,City
aitc-aitc-falling-object,Alöne in the Crowd,13,11,Unexpected Events — Falling Object,Unexpected Events — Falling Object,Table,RESOLVED,—,3,1,3,Reference Desk → oracle:aitc.falling-object,yes: Unexpected Events — Falling Object,yes,yes,The canonical table has usable original results and visible roll ranges; no additional mandatory rule is needed for this standalone lookup.,None.,aitc-aitc-falling-object,,City
aitc-aitc-hunting-party,Alöne in the Crowd,13,11,Unexpected Events — Hunting Party,Unexpected Events — Hunting Party,Table,RESOLVED,—,3,1,3,Reference Desk → oracle:aitc.hunting-party,yes: Unexpected Events — Hunting Party,yes,yes,The canonical table has usable original results and visible roll ranges; no additional mandatory rule is needed for this standalone lookup.,None.,aitc-aitc-hunting-party,,City
aitc-aitc-businesses,Alöne in the Crowd,14,12,Businesses,Businesses,Table,RESOLVED,—,3,1,3,Reference Desk → oracle:aitc.businesses,yes: Businesses,yes,yes,The canonical table has usable original results and visible roll ranges; no additional mandatory rule is needed for this standalone lookup.,None.,aitc-aitc-businesses,,City
aitc-aitc-npc-encounters,Alöne in the Crowd,15; 16,"13, 14",NPC Encounters,NPC Encounters,Table,RESOLVED,—,3,1,3,Reference Desk → oracle:aitc.npc-encounters,yes: NPC Encounters,yes,yes,The canonical table has usable original results and visible roll ranges; no additional mandatory rule is needed for this standalone lookup.,None.,aitc-aitc-npc-encounters,,City
aitc-aitc-npc-musician,Alöne in the Crowd,15,13,NPC Encounter 13 — Musician,NPC Encounter 13 — Musician,Table,RESOLVED,—,3,1,3,Reference Desk → oracle:aitc.npc-musician,yes: NPC Encounter 13 — Musician,yes,yes,The canonical table has usable original results and visible roll ranges; no additional mandatory rule is needed for this standalone lookup.,None.,aitc-aitc-npc-musician,,City
aitc-aitc-npc-cursed-toy,Alöne in the Crowd,15,13,NPC Encounter 14 — Cursed Toy,NPC Encounter 14 — Cursed Toy,Table,RESOLVED,—,3,1,3,Reference Desk → oracle:aitc.npc-cursed-toy,yes: NPC Encounter 14 — Cursed Toy,yes,yes,The canonical table has usable original results and visible roll ranges; no additional mandatory rule is needed for this standalone lookup.,None.,aitc-aitc-npc-cursed-toy,,City
aitc-aitc-npc-prophet,Alöne in the Crowd,15,13,NPC Encounter 15 — Prophet,NPC Encounter 15 — Prophet,Table,RESOLVED,—,3,1,3,Reference Desk → oracle:aitc.npc-prophet,yes: NPC Encounter 15 — Prophet,yes,yes,The canonical table has usable original results and visible roll ranges; no additional mandatory rule is needed for this standalone lookup.,None.,aitc-aitc-npc-prophet,,City
aitc-aitc-npc-soldier,Alöne in the Crowd,15,13,NPC Encounter 23 — Soldier Reaction Modifier,NPC Encounter 23 — Soldier Reaction Modifier,Table,RESOLVED,—,3,1,3,Reference Desk → oracle:aitc.npc-soldier,yes: NPC Encounter 23 — Soldier Reaction Modifier,yes,yes,The canonical table has usable original results and visible roll ranges; no additional mandatory rule is needed for this standalone lookup.,None.,aitc-aitc-npc-soldier,,City
aitc-aitc-npc-beggar,Alöne in the Crowd,15,13,NPC Encounter 24 — Beggar,NPC Encounter 24 — Beggar,Table,RESOLVED,—,3,1,3,Reference Desk → oracle:aitc.npc-beggar,yes: NPC Encounter 24 — Beggar,yes,yes,The canonical table has usable original results and visible roll ranges; no additional mandatory rule is needed for this standalone lookup.,None.,aitc-aitc-npc-beggar,,City
aitc-aitc-npc-wound,Alöne in the Crowd,15,13,NPC Encounter 26 — Wounded Person,NPC Encounter 26 — Wounded Person,Table,RESOLVED,—,3,1,3,Reference Desk → oracle:aitc.npc-wound,yes: NPC Encounter 26 — Wounded Person,yes,yes,The canonical table has usable original results and visible roll ranges; no additional mandatory rule is needed for this standalone lookup.,None.,aitc-aitc-npc-wound,,City
aitc-aitc-npc-servant,Alöne in the Crowd,16,14,NPC Encounter 45 — Servant,NPC Encounter 45 — Servant,Table,RESOLVED,—,3,1,3,Reference Desk → oracle:aitc.npc-servant,yes: NPC Encounter 45 — Servant,yes,yes,The canonical table has usable original results and visible roll ranges; no additional mandatory rule is needed for this standalone lookup.,None.,aitc-aitc-npc-servant,,City
aitc-aitc-npc-mugger,Alöne in the Crowd,16,14,NPC Encounter 46 — Mugger,NPC Encounter 46 — Mugger,Table,RESOLVED,—,3,1,3,Reference Desk → oracle:aitc.npc-mugger,yes: NPC Encounter 46 — Mugger,yes,yes,The canonical table has usable original results and visible roll ranges; no additional mandatory rule is needed for this standalone lookup.,None.,aitc-aitc-npc-mugger,,City
aitc-aitc-npc-pilgrim,Alöne in the Crowd,16,14,NPC Encounter 51 — Pilgrim,NPC Encounter 51 — Pilgrim,Table,RESOLVED,—,3,1,3,Reference Desk → oracle:aitc.npc-pilgrim,yes: NPC Encounter 51 — Pilgrim,yes,yes,The canonical table has usable original results and visible roll ranges; no additional mandatory rule is needed for this standalone lookup.,None.,aitc-aitc-npc-pilgrim,,City
aitc-aitc-npc-imp,Alöne in the Crowd,16,14,NPC Encounter 53 — Demonologist’s Imp,NPC Encounter 53 — Demonologist’s Imp,Table,RESOLVED,—,3,1,3,Reference Desk → oracle:aitc.npc-imp,yes: NPC Encounter 53 — Demonologist’s Imp,yes,yes,The canonical table has usable original results and visible roll ranges; no additional mandatory rule is needed for this standalone lookup.,None.,aitc-aitc-npc-imp,,City
aitc-aitc-npc-fence-weapon,Alöne in the Crowd,16,14,NPC Encounter 55 — Fence Weapon,NPC Encounter 55 — Fence Weapon,Table,RESOLVED,—,3,1,3,Reference Desk → oracle:aitc.npc-fence-weapon,yes: NPC Encounter 55 — Fence Weapon,yes,yes,The canonical table has usable original results and visible roll ranges; no additional mandatory rule is needed for this standalone lookup.,None.,aitc-aitc-npc-fence-weapon,,City
aitc-aitc-npc-poet,Alöne in the Crowd,16,14,NPC Encounter 56 — Poet,NPC Encounter 56 — Poet,Table,RESOLVED,—,3,1,3,Reference Desk → oracle:aitc.npc-poet,yes: NPC Encounter 56 — Poet,yes,yes,The canonical table has usable original results and visible roll ranges; no additional mandatory rule is needed for this standalone lookup.,None.,aitc-aitc-npc-poet,,City
aitc-aitc-npc-armour,Alöne in the Crowd,16,14,NPC Encounters — Default Armour,NPC Encounters — Default Armour,Table,RESOLVED,—,3,1,3,Reference Desk → oracle:aitc.npc-armour,yes: NPC Encounters — Default Armour,yes,yes,The canonical table has usable original results and visible roll ranges; no additional mandatory rule is needed for this standalone lookup.,None.,aitc-aitc-npc-armour,,City
aitc-aitc-npc-damage,Alöne in the Crowd,16,14,NPC Encounters — Default Damage,NPC Encounters — Default Damage,Table,RESOLVED,—,3,1,3,Reference Desk → oracle:aitc.npc-damage,yes: NPC Encounters — Default Damage,yes,yes,The canonical table has usable original results and visible roll ranges; no additional mandatory rule is needed for this standalone lookup.,None.,aitc-aitc-npc-damage,,City
aitc-aitc-street-adjective,Alöne in the Crowd,17,15,Street Adjective,Street Adjective,Table,RESOLVED,—,3,1,3,Reference Desk → oracle:aitc.street-adjective,yes: Street Adjective,yes,yes,The canonical table has usable original results and visible roll ranges; no additional mandatory rule is needed for this standalone lookup.,None.,aitc-aitc-street-adjective,,City
aitc-aitc-street-type,Alöne in the Crowd,17,15,Street Type,Street Type,Table,RESOLVED,—,3,1,3,Reference Desk → oracle:aitc.street-type,yes: Street Type,yes,yes,The canonical table has usable original results and visible roll ranges; no additional mandatory rule is needed for this standalone lookup.,None.,aitc-aitc-street-type,,City
aitc-aitc-street-exits,Alöne in the Crowd,17,15,Street Exits,Street Exits,Table,RESOLVED,—,3,1,3,Reference Desk → oracle:aitc.street-exits,yes: Street Exits,yes,yes,The canonical table has usable original results and visible roll ranges; no additional mandatory rule is needed for this standalone lookup.,None.,aitc-aitc-street-exits,,City
aitc-aitc-street-contents,Alöne in the Crowd,17,15,Street Contents,Street Contents,Table,PRESENT_BUT_INDIRECT,P2,3,2,6,Reference Desk → oracle:aitc.street-contents,yes: Street Contents,yes,yes,"The table result is readable, but settlement-size selection or optional staffed-site guidance sits in result metadata and linked tables rather than the standalone TABLE view. No missing mandatory effect is inferred from a duplicated helper note.",Expose a compact contextual use note and the appropriate canonical branch link.,aitc-aitc-street-contents,CONTEXT_LINK; RESULT_LINK,City
aitc-aitc-backtracking,Alöne in the Crowd,17,15,Backtracking,Backtracking,Table,RESOLVED,—,3,1,3,Reference Desk → oracle:aitc.backtracking,yes: Backtracking,yes,yes,The canonical table has usable original results and visible roll ranges; no additional mandatory rule is needed for this standalone lookup.,None.,aitc-aitc-backtracking,,City
sd-general-move,Sölitary Defilement,7,5,General Adventuring Move,General Adventuring Move,Rule,RESOLVED,—,4,1,4,Reference Desk → rule:sd.general-move,yes: General Adventuring Move,yes,n/a,The canonical table has usable original results and visible roll ranges; no additional mandatory rule is needed for this standalone lookup.,None.,sd-general-move,,Solo; Dungeon
sd-flee,Sölitary Defilement,8,6,Flee Combat,Flee Combat,Rule,RESOLVED,—,4,1,4,Reference Desk → rule:sd.flee-combat,yes: Flee Combat,yes,n/a,The canonical table has usable original results and visible roll ranges; no additional mandatory rule is needed for this standalone lookup.,None.,sd-flee,,Combat; Dungeon
sd-search,Sölitary Defilement,8,6,Searching for an Object,Searching for an Object,Rule,RESOLVED,—,4,1,4,Reference Desk → rule:sd.search-move,yes: Searching for an Object,yes,n/a,The canonical table has usable original results and visible roll ranges; no additional mandatory rule is needed for this standalone lookup.,None.,sd-search,,Dungeon; Equipment
sd-camping,Sölitary Defilement,8,6,Take a Breather / Camping,Take a Breather / Camping,Rule,RESOLVED,—,4,1,4,Reference Desk → rule:sd.camping-move,yes: Take a Breather / Camping,yes,n/a,The canonical table has usable original results and visible roll ranges; no additional mandatory rule is needed for this standalone lookup.,None.,sd-camping,,Dungeon; Travel
sd-resupply,Sölitary Defilement,8,6,Resupply,Resupply,Rule,RESOLVED,—,4,1,4,Reference Desk → rule:sd.resupply,yes: Resupply,yes,n/a,The canonical table has usable original results and visible roll ranges; no additional mandatory rule is needed for this standalone lookup.,None.,sd-resupply,,Travel; Dungeon
sd-travel-day,Sölitary Defilement,17,15,Daily Travel Flowchart,Daily Travel Flowchart,Rule,RESOLVED,—,5,1,5,Reference Desk → rule:sd.travel-day,yes: Daily Travel Flowchart,yes,n/a,The canonical table has usable original results and visible roll ranges; no additional mandatory rule is needed for this standalone lookup.,None.,sd-travel-day,,Travel
sd-offroad,Sölitary Defilement,17,15,Animal Tracks / Roads in Disrepair,Animal Tracks / Roads in Disrepair,Rule,RESOLVED,—,4,1,4,Reference Desk → rule:sd.leaving-road,yes: Animal Tracks / Roads in Disrepair,yes,n/a,The canonical table has usable original results and visible roll ranges; no additional mandatory rule is needed for this standalone lookup.,None.,sd-offroad,,Travel
sd-dungeon-crawl,Sölitary Defilement,9,7,Dungeon Crawling,Dungeon Crawling,Rule,RESOLVED,—,5,1,5,Reference Desk → rule:sd.dungeonCrawling,yes: Dungeon Crawling,yes,n/a,The canonical table has usable original results and visible roll ranges; no additional mandatory rule is needed for this standalone lookup.,None.,sd-dungeon-crawl,,Dungeon
sd-special-room-preparation,Sölitary Defilement,9; 19,"7, 17",Prepare four Special Rooms,Prepare four Special Rooms,Procedure,RESOLVED,—,5,1,5,Dungeon → CRAWL → prepared Room 01–04 / SOURCE,yes: Prepare four Special Rooms,yes,n/a,"The app creates four fixed prepared room packets and labels the choice of Core sample material as application preparation policy, distinct from the SD instruction to prepare four rooms. The source does not prescribe a bespoke prose generator.",None.,sd-special-room-preparation,,Dungeon
sd-fixed-common,Sölitary Defilement,19,17,Prepare fixed six Common encounters,Prepare fixed six Common encounters,Procedure,RESOLVED,—,5,1,5,Dungeon → Encounters / rule:sd.stockCommon,yes: Prepare fixed six Common encounters,yes,n/a,Six persistent Common slots are created once per dungeon; the common source pool and optional regional route remain inspectable.,None.,sd-fixed-common,,Dungeon; Monster
sd-fixed-rare,Sölitary Defilement,19,17,Prepare fixed six Rare encounters,Prepare fixed six Rare encounters,Procedure,RESOLVED,—,5,1,5,Dungeon → Encounters / rule:sd.stockRare,yes: Prepare fixed six Rare encounters,yes,n/a,Six persistent Rare slots retain the d8+Dungeon DR selector and source-unavailable results rather than manufacturing out-of-range creatures.,None.,sd-fixed-rare,,Dungeon; Monster
sd-omens-variant,Sölitary Defilement,5,3,SD Omens variant,SD Omens variant,Rule,PARTIAL,P1,4,4,16,Reference Desk → rule:sd.solo-variant,indirect: SD Omens variant,no,n/a,The solo-variant reference names the option but omits the maximum-four limit and the choice to reroll one or both dice.,Add a concise source-specific reference; keep existing tables canonical.,sd-omens-variant,QUICK_RULE,Solo
sd-misery-variant,Sölitary Defilement,5,3,SD escalating daily Miseries,SD escalating daily Miseries,Rule,PARTIAL,P1,5,4,20,Reference Desk → rule:sd.solo-variant,indirect: SD escalating daily Miseries,no,n/a,The reference acknowledges a separate variant without the die-step schedule and new-Misery trigger. The normal calendar alone is not this optional procedure.,Add a concise source-specific reference; keep existing tables canonical.,sd-misery-variant,QUICK_RULE,Solo; Travel
sd-powers-variant,Sölitary Defilement,5,3,SD Power casting / two-die failure interpretation,SD Power casting / two-die failure interpretation,Rule,PARTIAL,P1,4,4,16,Reference Desk → rule:sd.solo-variant,indirect: SD Power casting / two-die failure interpretation,no,n/a,The source-specific exception for Power failures and single-die combat is not fully explained by the short solo-variant notice.,Add a concise source-specific reference; keep existing tables canonical.,sd-powers-variant,QUICK_RULE,Solo
sd-begin-adventure,Sölitary Defilement,7,5,Begin an Adventure,Begin an Adventure,Procedure,MISSING,P2,3,5,15,Reference Desk → no matching usable reference,no: Begin an Adventure,no,n/a,Milestone counts by adventure length have no usable quick reference or matching search result.,Add a concise source-specific reference; keep existing tables canonical.,sd-begin-adventure,QUICK_RULE,Solo
sd-complete-milestone,Sölitary Defilement,7,5,Complete a Milestone,Complete a Milestone,Procedure,MISSING,P2,2,5,10,Reference Desk → no matching usable reference,no: Complete a Milestone,no,n/a,The milestone-triggered Getting Better instruction is not linked from an SD adventure reference.,Add a concise source-specific reference; keep existing tables canonical.,sd-complete-milestone,QUICK_RULE,Solo
sd-conclude-adventure,Sölitary Defilement,7,5,Conclude an Adventure,Conclude an Adventure,Procedure,MISSING,P2,3,5,15,Reference Desk → no matching usable reference,no: Conclude an Adventure,no,n/a,"The Omens move, length-dependent DR and Strong/Weak/Fail completion branches are absent.",Add a concise source-specific reference; keep existing tables canonical.,sd-conclude-adventure,QUICK_RULE,Solo
sd-microcrawl,Sölitary Defilement,20,18,General / outdoor Micro-crawl,General / outdoor Micro-crawl,Procedure,MISSING,P2,3,5,15,Reference Desk → no matching usable reference,no: General / outdoor Micro-crawl,no,n/a,"The d4 waypoint procedure and its descriptor/exit guidance are absent. AitC City Micro-crawl is a different, available procedure.",Add a concise source-specific reference; keep existing tables canonical.,sd-microcrawl,QUICK_RULE,Solo; Travel
sd-creature-cult-farmwife,Sölitary Defilement,36,34,Cult Farmwife,Cult Farmwife,Creature,PARTIAL,P2,2,4,8,Reference Desk → oracle:sd.example.farmwife.action,indirect: Cult Farmwife,no,n/a,The example prints a usable creature definition; the current creature reference index contains no matching complete definition. Only the per-round action table is present.,"Add a fixed, source-labeled creature reference; retain the example/scenario context.",sd-creature-cult-farmwife,TABLE_VIEW,Dungeon; Monster
sd-creature-sacrificial-shades,Sölitary Defilement,36,34,Sacrificial Shades,Sacrificial Shades,Creature,MISSING,P2,2,5,10,Reference Desk → no matching usable reference,no: Sacrificial Shades,no,n/a,The example prints a usable creature definition; the current creature reference index contains no matching complete definition. ,"Add a fixed, source-labeled creature reference; retain the example/scenario context.",sd-creature-sacrificial-shades,MONSTER_REFERENCE,Dungeon; Monster
sd-creature-cult-enforcers,Sölitary Defilement,36,34,Cult Enforcers,Cult Enforcers,Creature,MISSING,P2,2,5,10,Reference Desk → no matching usable reference,no: Cult Enforcers,no,n/a,The example prints a usable creature definition; the current creature reference index contains no matching complete definition. ,"Add a fixed, source-labeled creature reference; retain the example/scenario context.",sd-creature-cult-enforcers,MONSTER_REFERENCE,Dungeon; Monster
sd-creature-farm-cultists,Sölitary Defilement,36,34,Farm Cultists,Farm Cultists,Creature,MISSING,P2,2,5,10,Reference Desk → no matching usable reference,no: Farm Cultists,no,n/a,The example prints a usable creature definition; the current creature reference index contains no matching complete definition. Do not substitute a base Scum entry where the scenario changes the attack.,"Add a fixed, source-labeled creature reference; retain the example/scenario context.",sd-creature-farm-cultists,MONSTER_REFERENCE,Dungeon; Monster
depths-threat-rating,Sölitary Depths,9,6,Threat Rating,Threat Rating,Rule,RESOLVED,—,4,1,4,Reference Desk → rule:depths.threat-rating,yes: Threat Rating,yes,n/a,The canonical table has usable original results and visible roll ranges; no additional mandatory rule is needed for this standalone lookup.,None.,depths-threat-rating,,Dungeon
depths-detection,Sölitary Depths,10,7,Encountering Enemies,Encountering Enemies,Rule,RESOLVED,—,4,1,4,Reference Desk → rule:depths.enemy-detection,yes: Encountering Enemies,yes,n/a,The canonical table has usable original results and visible roll ranges; no additional mandatory rule is needed for this standalone lookup.,None.,depths-detection,,Dungeon
depths-doors,Sölitary Depths,10,7,Locked Doors and Obstacles,Locked Doors and Obstacles,Rule,RESOLVED,—,4,1,4,Reference Desk → rule:depths.locked-doors,yes: Locked Doors and Obstacles,yes,n/a,The canonical table has usable original results and visible roll ranges; no additional mandatory rule is needed for this standalone lookup.,None.,depths-doors,,Dungeon
depths-time-noise,Sölitary Depths,11,8,Defer / Make Noise,Defer / Make Noise,Rule,RESOLVED,—,4,1,4,Reference Desk → rule:depths.time-noise,yes: Defer / Make Noise,yes,n/a,The canonical table has usable original results and visible roll ranges; no additional mandatory rule is needed for this standalone lookup.,None.,depths-time-noise,,Dungeon
depths-trap-resolution,Sölitary Depths,12; 13,"9, 10","Detect, Disarm and Survive a Trap","Detect, Disarm and Survive a Trap",Rule,RESOLVED,—,4,1,4,Reference Desk → rule:depths.traps,"yes: Detect, Disarm and Survive a Trap",yes,n/a,The canonical table has usable original results and visible roll ranges; no additional mandatory rule is needed for this standalone lookup.,None.,depths-trap-resolution,,Dungeon
depths-orakle-odds,Sölitary Depths,6,3,Orakle likelihood selection and random events,Orakle likelihood selection and random events,Procedure,PRESENT_BUT_INDIRECT,P2,5,2,10,Reference Desk → oracle:depths.orakle / oracle:depths.randomEventFocus / oracle:depths.chaosPortents.action / oracle:depths.chaosPortents.subject,indirect: Orakle likelihood selection and random events,no,yes,"Likelihood dice and repeated-10 event instructions are retained in the Orakle SOURCE note; they are not lost, but the ordinary result is only Yes/No/Event. Event Focus and Chaos are separate searchable tables.",Promote the existing compact use instructions and link Event Focus / Chaos after an event result.,depths-orakle-odds,QUICK_RULE; RESULT_LINK,Solo
depths-orakle-dr,Sölitary Depths,7; 9,"4, 6",Optional Orakle Difficulty Rating procedure,Optional Orakle Difficulty Rating procedure,Procedure,MISSING,P2,3,5,15,Reference Desk → oracle:depths.orakle,indirect: Optional Orakle Difficulty Rating procedure,no,n/a,"The optional Yes-derived DR, limits/modifiers and TR adjustment are not in the current usable rule references or Orakle data.",Add a compact optional rule alongside Orakle; preserve the difference from the default yes/no procedure.,depths-orakle-dr,QUICK_RULE,Solo; Dungeon
depths-rare-five-card,Sölitary Depths,16; 17; 18; 19,"13, 14, 15, 16",Five-card Rare Monster construction,Five-card Rare Monster construction,Procedure,PARTIAL,P1,4,4,16,Reference Desk → rule:depths.rareMonster → TABLE / SOURCE,indirect: Five-card Rare Monster construction,no,yes,"Card look, feature, intention and special tables exist, but the card 3–5 HP/armor/morale/damage computation and repeated double-spade dependency are not fully specified in rule:depths.rareMonster. A player still needs PDF18–19 to construct the stat block.","Add the complete concise numbered card procedure, including clamping, face values, suits and conditional extra draw; do not invent stats or require a new generator.",depths-rare-five-card,QUICK_RULE,Monster
depths-hex-encounters,Sölitary Depths,25; 26; 27; 28; 29; 30; 31; 32; 33,"22, 23, 24, 25, 26, 27, 28, 29, 30",Hex travel: encounter level and regional routing,Hex travel: encounter level and regional routing,Procedure,PARTIAL,P1,4,4,16,Reference Desk → rule:depths.hex-travel,indirect: Hex travel: encounter level and regional routing,no,n/a,"The quick rule explains d20 versus Encounter Level, grouping and monster reaction adjustment, but no current reference supplies all eight regional Encounter Level numbers or the unmarked-region selection guidance.",Add the eight source Encounter Levels and the small region-selection instruction to the existing travel reference.,depths-hex-encounters,QUICK_RULE,Travel; Monster
depths-regional-dungeon-alternative,Sölitary Depths,23; 24,"20, 21",Using regional tables for dungeons and special rooms,Using regional tables for dungeons and special rooms,Procedure,PRESENT_BUT_INDIRECT,P2,3,2,6,Region hub / Dungeon → Common regional route; Reference Desk → individual regional tables,indirect: Using regional tables for dungeons and special rooms,no,n/a,The component tables and regional Common encounter route are accessible. The book’s optional Trait/Discovery/Chaos recipe is not grouped beside the room-preparation reference. Current four-room policy is clearly an app choice and is not a rules error.,Add a compact optional procedure link using the existing canonical tables; no new prose generation.,depths-regional-dungeon-alternative,QUICK_RULE; CONTEXT_LINK,Dungeon; Travel
depths-lake-onda-route,Sölitary Depths,29,26,Lake Onda regional monster follow-through,Lake Onda regional monster follow-through,Source reference,PRESENT_BUT_INDIRECT,P2,3,2,6,Reference Desk → oracle:depths.region.lake_onda.monsters,indirect: Lake Onda regional monster follow-through,no,yes,"The regional d6 identity/quantity table is searchable and inspectable, but this source region has no matching RegionId hub / regional-monster action. A player must manually search the named primary creature source.",Link each verified creature identity from the result without expanding the seven-region campaign model.,depths-lake-onda-route,RESULT_LINK; MONSTER_REFERENCE,Travel; Monster
depths-bergen-chrypt-route,Sölitary Depths,31,28,Bergen Chrypt regional monster follow-through,Bergen Chrypt regional monster follow-through,Source reference,PRESENT_BUT_INDIRECT,P2,3,2,6,Reference Desk → oracle:depths.region.bergen_chrypt.monsters,indirect: Bergen Chrypt regional monster follow-through,no,yes,"The regional d6 identity/quantity table is searchable and inspectable, but this source region has no matching RegionId hub / regional-monster action. A player must manually search the named primary creature source.",Link each verified creature identity from the result without expanding the seven-region campaign model.,depths-bergen-chrypt-route,RESULT_LINK; MONSTER_REFERENCE,Travel; Monster
depths-cursed-trout-source,Sölitary Depths,29,26,Lake Onda — Cursed Trout encounter effect,Lake Onda — Cursed Trout encounter effect,Source reference,RESOLVED,—,2,1,2,Reference Desk → creature:feretory:feretory.epk.cursed-trout,yes: Lake Onda — Cursed Trout encounter effect,no,n/a,"The supplied FERETORY PDF20 / printed18 defines the complete insomnia effect and intentionally gives no HP, Morale, armor or attack. The available fixed Cursed Trout reference preserves that effect. Missing combat stats are source-faithful, not a missing book or PDF-escape need. The indirect regional-table route is audited separately.",None.,feretory:creature-cursed-trout,,Monster; Travel
aitc-microcrawl,Alöne in the Crowd,5,3,City Micro-crawl,City Micro-crawl,Procedure,PRESENT_BUT_INDIRECT,P2,4,2,8,Reference Desk → CITY CRAWL → 탐험 방식 → 마이크로 크롤,indirect: City Micro-crawl,yes,n/a,"The complete d4 street mode is present, but the exact microcrawl search has no result leading to the mode.",Add a searchable procedure alias opening the existing City action at its relevant section.,aitc-microcrawl,SEARCH_ALIAS; CONTEXT_LINK,City
aitc-derive,Alöne in the Crowd,5; 6,"3, 4",Dérive,Dérive,Procedure,PRESENT_BUT_INDIRECT,P2,4,2,8,Reference Desk → CITY CRAWL → 탐험 방식 → Dérive,indirect: Dérive,yes,n/a,"Fixed street-count travel and DR10 Strong/Weak progress are implemented, but this procedure is reached through the City workspace instead of a directly searchable use reference.",Add a searchable procedure alias opening the existing City action at its relevant section.,aitc-derive,SEARCH_ALIAS; CONTEXT_LINK,City
aitc-city-crawl,Alöne in the Crowd,6; 7,"4, 5",City Crawl,City Crawl,Procedure,PRESENT_BUT_INDIRECT,P2,4,2,8,Reference Desk → CITY CRAWL → 도시 크롤,indirect: City Crawl,yes,n/a,Searching City Crawl prioritizes the Failure table; the actual complete DR10 three-outcome procedure is in the City workspace.,Add a searchable procedure alias opening the existing City action at its relevant section.,aitc-city-crawl,SEARCH_ALIAS; CONTEXT_LINK,City
aitc-directions,Alöne in the Crowd,7,5,Get Directions,Get Directions,Procedure,PRESENT_BUT_INDIRECT,P2,4,2,8,Reference Desk → CITY CRAWL → 길 묻기,indirect: Get Directions,yes,yes,"Search returns the Weak reaction table rather than the full action. The City action contains DR12, modifiers and all three outcomes.",Add a searchable procedure alias opening the existing City action at its relevant section.,aitc-directions,SEARCH_ALIAS; CONTEXT_LINK,City
aitc-pray,Alöne in the Crowd,7,5,Pray,Pray,Procedure,PRESENT_BUT_INDIRECT,P2,4,2,8,Reference Desk → CITY CRAWL → 기도,indirect: Pray,yes,yes,"Search prioritizes Failure; the City action contains DR14, site bonuses and Strong/Weak/Fail rules.",Add a searchable procedure alias opening the existing City action at its relevant section.,aitc-pray,SEARCH_ALIAS; CONTEXT_LINK,City
aitc-stash,Alöne in the Crowd,8,6,Stash Item,Stash Item,Procedure,PRESENT_BUT_INDIRECT,P2,4,2,8,Reference Desk → CITY CRAWL → 물건 숨기기,indirect: Stash Item,yes,yes,Search returns the Weak table; the City action contains the retrieval DR10 and all outcome branches.,Add a searchable procedure alias opening the existing City action at its relevant section.,aitc-stash,SEARCH_ALIAS; CONTEXT_LINK,City
aitc-merchant,Alöne in the Crowd,10,8,Merchant disposition and negotiation,Merchant disposition and negotiation,Procedure,PRESENT_BUT_INDIRECT,P2,4,2,8,Reference Desk → CITY CRAWL → 거래,indirect: Merchant disposition and negotiation,yes,yes,The modifier-aware 2d6 table and negotiation branches are implemented in City tools. Generic search primarily exposes the unmodified lookup.,Add a searchable procedure alias opening the existing City action at its relevant section.,aitc-merchant,SEARCH_ALIAS; CONTEXT_LINK,City
aitc-settlement-discovery,Alöne in the Crowd,5,3,Daily 1-in-8 settlement discovery,Daily 1-in-8 settlement discovery,Rule,RESOLVED,—,4,1,4,Journey → settlement discovery → CITY CRAWL,yes: Daily 1-in-8 settlement discovery,yes,n/a,"Journey provides the daily settlement check and directs the player to city material, without treating discovery as a required campaign-writing event.",None.,aitc-settlement-discovery,,Travel; City
aitc-settlement-generation,Alöne in the Crowd,5; 11; 12,"3, 9, 10","Settlement size, name and descriptor","Settlement size, name and descriptor",Procedure,RESOLVED,—,4,1,4,Reference Desk → procedure:aitc.settlement,"yes: Settlement size, name and descriptor",yes,yes,"The canonical size table correctly uses weighted d20 bands, followed only by the selected settlement street-count expression. Separate name columns and descriptor have a direct combined procedure.",None.,aitc-settlement-generation,,City
aitc-street-generation,Alöne in the Crowd,17,15,Street Descriptors with city/metropolis contents and optional exits,Street Descriptors with city/metropolis contents and optional exits,Procedure,RESOLVED,—,5,1,5,CITY CRAWL / Reference Desk → procedure:aitc.street,yes: Street Descriptors with city/metropolis contents and optional exits,yes,yes,"The documented street procedure keeps adjective/type independent, rolls d2 contents only for city/metropolis and allows exits to be optional.",None.,aitc-street-generation,,City
aitc-artefact-generation,Alöne in the Crowd,11,9,Notable Artefacts branching and effects,Notable Artefacts branching and effects,Procedure,RESOLVED,—,3,1,3,CITY CRAWL → artefact / procedure:aitc.notable-artefact-type,yes: Notable Artefacts branching and effects,yes,yes,The active procedural result chooses book/manuscript versus depiction branches correctly and displays the associated ownership/use effect. Static TABLE’s omissions are a separate lookup finding.,None.,aitc-artefact-generation,,City; Equipment
aitc-default-npc-stats,Alöne in the Crowd,16,14,Default city NPC statistics and explicit overrides,Default city NPC statistics and explicit overrides,Procedure,RESOLVED,—,4,1,4,CITY CRAWL → NPC / Reference Desk → NPC Encounters,yes: Default city NPC statistics and explicit overrides,yes,yes,The default HP/Morale/armor/damage procedure is separate from NPC encounter selection and preserves explicit stat overrides rather than adding a second generic stat block.,None.,aitc-default-npc-stats,,City; NPC
aitc-lookup-spider-owl,Alöne in the Crowd,8,6,Spider-owl fixed stats lookup,Spider-owl fixed stats lookup,Creature,PRESENT_BUT_INDIRECT,P2,3,2,6,Reference Desk → oracle:aitc.animals,indirect: Spider-owl,no,yes,"The named source entry has its usable stat/effect text inside the broader table, but search indexes table titles/metadata rather than individual entry names. Finding this known creature requires opening and scanning the table.",Add a fixed-entry search/reference route using the existing canonical entry; never roll randomly to retrieve known stats.,aitc-lookup-spider-owl,MONSTER_REFERENCE; SEARCH_ALIAS,City; NPC; Monster
aitc-lookup-assassin,Alöne in the Crowd,15,13,Assassin fixed stats lookup,Assassin fixed stats lookup,Creature,PRESENT_BUT_INDIRECT,P2,3,2,6,Reference Desk → oracle:aitc.npc-encounters,indirect: Assassin,no,yes,"The named source entry has its usable stat/effect text inside the broader table, but search indexes table titles/metadata rather than individual entry names. Finding this known creature requires opening and scanning the table.",Add a fixed-entry search/reference route using the existing canonical entry; never roll randomly to retrieve known stats.,aitc-lookup-assassin,MONSTER_REFERENCE; SEARCH_ALIAS,City; NPC; Monster
aitc-lookup-soldier,Alöne in the Crowd,15,13,Soldier fixed stats lookup,Soldier fixed stats lookup,Creature,PRESENT_BUT_INDIRECT,P2,3,2,6,Reference Desk → oracle:aitc.npc-encounters,indirect: Soldier,no,yes,"The named source entry has its usable stat/effect text inside the broader table, but search indexes table titles/metadata rather than individual entry names. Finding this known creature requires opening and scanning the table.",Add a fixed-entry search/reference route using the existing canonical entry; never roll randomly to retrieve known stats.,aitc-lookup-soldier,MONSTER_REFERENCE; SEARCH_ALIAS,City; NPC; Monster
aitc-lookup-hard-case,Alöne in the Crowd,16,14,Hard Case fixed stats lookup,Hard Case fixed stats lookup,Creature,PRESENT_BUT_INDIRECT,P2,3,2,6,Reference Desk → oracle:aitc.npc-encounters,indirect: Hard Case,no,yes,"The named source entry has its usable stat/effect text inside the broader table, but search indexes table titles/metadata rather than individual entry names. Finding this known creature requires opening and scanning the table.",Add a fixed-entry search/reference route using the existing canonical entry; never roll randomly to retrieve known stats.,aitc-lookup-hard-case,MONSTER_REFERENCE; SEARCH_ALIAS,City; NPC; Monster
aitc-lookup-fugitive,Alöne in the Crowd,16,14,Fugitive fixed stats lookup,Fugitive fixed stats lookup,Creature,PRESENT_BUT_INDIRECT,P2,3,2,6,Reference Desk → oracle:aitc.npc-encounters,indirect: Fugitive,no,yes,"The named source entry has its usable stat/effect text inside the broader table, but search indexes table titles/metadata rather than individual entry names. Finding this known creature requires opening and scanning the table.",Add a fixed-entry search/reference route using the existing canonical entry; never roll randomly to retrieve known stats.,aitc-lookup-fugitive,MONSTER_REFERENCE; SEARCH_ALIAS,City; NPC; Monster
aitc-lookup-guards,Alöne in the Crowd,16,14,Guards fixed stats lookup,Guards fixed stats lookup,Creature,PRESENT_BUT_INDIRECT,P2,3,2,6,Reference Desk → oracle:aitc.npc-encounters,indirect: Guards,no,yes,"The named source entry has its usable stat/effect text inside the broader table, but search indexes table titles/metadata rather than individual entry names. Finding this known creature requires opening and scanning the table.",Add a fixed-entry search/reference route using the existing canonical entry; never roll randomly to retrieve known stats.,aitc-lookup-guards,MONSTER_REFERENCE; SEARCH_ALIAS,City; NPC; Monster
aitc-item-berserker-s-honey,Alöne in the Crowd,14,12,Berserker’s Honey,Berserker’s Honey,Item,PRESENT_BUT_INDIRECT,P2,3,2,6,Reference Desk → oracle:aitc.businesses,indirect: Berserker’s Honey,no,yes,Relevant purchase/use material is embedded in Businesses or the Cursed Toy table; the named item is not a fixed reference search result.,"Create a fixed-entry alias to the canonical effect-bearing row, with links to any already supplied primary item rule.",aitc-item-berserker-s-honey,SEARCH_ALIAS,City; Equipment
aitc-item-defixione,Alöne in the Crowd,14,12,Defixione,Defixione,Item,PRESENT_BUT_INDIRECT,P2,3,2,6,Reference Desk → oracle:aitc.businesses,indirect: Defixione,no,yes,Relevant purchase/use material is embedded in Businesses or the Cursed Toy table; the named item is not a fixed reference search result.,"Create a fixed-entry alias to the canonical effect-bearing row, with links to any already supplied primary item rule.",aitc-item-defixione,SEARCH_ALIAS,City; Equipment
aitc-item-poppet,Alöne in the Crowd,14,12,Poppet,Poppet,Item,PRESENT_BUT_INDIRECT,P2,3,2,6,Reference Desk → oracle:aitc.businesses,indirect: Poppet,no,yes,Relevant purchase/use material is embedded in Businesses or the Cursed Toy table; the named item is not a fixed reference search result.,"Create a fixed-entry alias to the canonical effect-bearing row, with links to any already supplied primary item rule.",aitc-item-poppet,SEARCH_ALIAS,City; Equipment
aitc-item-horse-powder,Alöne in the Crowd,14,12,Horse Powder,Horse Powder,Item,PRESENT_BUT_INDIRECT,P2,3,2,6,Reference Desk → oracle:aitc.businesses,indirect: Horse Powder,no,yes,Relevant purchase/use material is embedded in Businesses or the Cursed Toy table; the named item is not a fixed reference search result.,"Create a fixed-entry alias to the canonical effect-bearing row, with links to any already supplied primary item rule.",aitc-item-horse-powder,SEARCH_ALIAS,City; Equipment
aitc-item-accursed-rhubarb,Alöne in the Crowd,14,12,Accursed Rhubarb,Accursed Rhubarb,Item,PRESENT_BUT_INDIRECT,P2,3,2,6,Reference Desk → oracle:aitc.businesses,indirect: Accursed Rhubarb,no,yes,Relevant purchase/use material is embedded in Businesses or the Cursed Toy table; the named item is not a fixed reference search result.,"Create a fixed-entry alias to the canonical effect-bearing row, with links to any already supplied primary item rule.",aitc-item-accursed-rhubarb,SEARCH_ALIAS,City; Equipment
aitc-item-aqua-vitae,Alöne in the Crowd,14,12,Aqua Vitae,Aqua Vitae,Item,PRESENT_BUT_INDIRECT,P2,3,2,6,Reference Desk → oracle:aitc.businesses,indirect: Aqua Vitae,no,yes,Relevant purchase/use material is embedded in Businesses or the Cursed Toy table; the named item is not a fixed reference search result.,"Create a fixed-entry alias to the canonical effect-bearing row, with links to any already supplied primary item rule.",aitc-item-aqua-vitae,SEARCH_ALIAS,City; Equipment
aitc-item-uric-vigour,Alöne in the Crowd,14,12,Uric Vigour,Uric Vigour,Item,PRESENT_BUT_INDIRECT,P2,3,2,6,Reference Desk → oracle:aitc.businesses,indirect: Uric Vigour,no,yes,Relevant purchase/use material is embedded in Businesses or the Cursed Toy table; the named item is not a fixed reference search result.,"Create a fixed-entry alias to the canonical effect-bearing row, with links to any already supplied primary item rule.",aitc-item-uric-vigour,SEARCH_ALIAS,City; Equipment
aitc-item-pick-me-up,Alöne in the Crowd,14,12,Pick-me-up,Pick-me-up,Item,PRESENT_BUT_INDIRECT,P2,3,2,6,Reference Desk → oracle:aitc.businesses,indirect: Pick-me-up,no,yes,Relevant purchase/use material is embedded in Businesses or the Cursed Toy table; the named item is not a fixed reference search result.,"Create a fixed-entry alias to the canonical effect-bearing row, with links to any already supplied primary item rule.",aitc-item-pick-me-up,SEARCH_ALIAS,City; Equipment
aitc-item-embalming-fluid,Alöne in the Crowd,14,12,Embalming Fluid,Embalming Fluid,Item,PRESENT_BUT_INDIRECT,P2,3,2,6,Reference Desk → oracle:aitc.businesses,indirect: Embalming Fluid,no,yes,Relevant purchase/use material is embedded in Businesses or the Cursed Toy table; the named item is not a fixed reference search result.,"Create a fixed-entry alias to the canonical effect-bearing row, with links to any already supplied primary item rule.",aitc-item-embalming-fluid,SEARCH_ALIAS,City; Equipment
aitc-item-bone-saw,Alöne in the Crowd,14,12,Bone Saw,Bone Saw,Item,PRESENT_BUT_INDIRECT,P2,3,2,6,Reference Desk → oracle:aitc.businesses,indirect: Bone Saw,no,yes,Relevant purchase/use material is embedded in Businesses or the Cursed Toy table; the named item is not a fixed reference search result.,"Create a fixed-entry alias to the canonical effect-bearing row, with links to any already supplied primary item rule.",aitc-item-bone-saw,SEARCH_ALIAS,City; Equipment
aitc-item-algae-flakes,Alöne in the Crowd,14,12,Algae flakes,Algae flakes,Item,PRESENT_BUT_INDIRECT,P2,3,2,6,Reference Desk → oracle:aitc.businesses,indirect: Algae flakes,no,yes,Relevant purchase/use material is embedded in Businesses or the Cursed Toy table; the named item is not a fixed reference search result.,"Create a fixed-entry alias to the canonical effect-bearing row, with links to any already supplied primary item rule.",aitc-item-algae-flakes,SEARCH_ALIAS,City; Equipment
aitc-item-dried-mushrooms,Alöne in the Crowd,14,12,Dried mushrooms,Dried mushrooms,Item,PRESENT_BUT_INDIRECT,P2,3,2,6,Reference Desk → oracle:aitc.businesses,indirect: Dried mushrooms,no,yes,Relevant purchase/use material is embedded in Businesses or the Cursed Toy table; the named item is not a fixed reference search result.,"Create a fixed-entry alias to the canonical effect-bearing row, with links to any already supplied primary item rule.",aitc-item-dried-mushrooms,SEARCH_ALIAS,City; Equipment
aitc-item-cursed-toys,Alöne in the Crowd,15,13,Cursed Toys,Cursed Toys,Item,PRESENT_BUT_INDIRECT,P2,3,2,6,Reference Desk → oracle:aitc.npc-cursed-toy,indirect: Cursed Toys,no,yes,Relevant purchase/use material is embedded in Businesses or the Cursed Toy table; the named item is not a fixed reference search result.,"Create a fixed-entry alias to the canonical effect-bearing row, with links to any already supplied primary item rule.",aitc-item-cursed-toys,SEARCH_ALIAS,City; Equipment
aitc-item-gunpowder-and-blackpowder-weapons,Alöne in the Crowd,14,12,Gunpowder and blackpowder weapons,Gunpowder and blackpowder weapons,Source reference,MISSING,P2,3,5,15,Reference Desk → oracle:aitc.businesses,indirect: Gunpowder and blackpowder weapons,no,yes,"The Gunsmith explicitly routes to MBC Blackpowder Weapons. That source IS supplied: HERETIC PDF46 / printed44, Ian McClung’s Blackpowder Weapons for the Rich and Foolhardy. The app lacks the usable firearm rules/prices reference, so this is a routing/reference gap rather than an unavailable source.",Link Gunsmith to the supplied HERETIC Blackpowder rule and fixed weapon/ammunition references; do not duplicate the source item set.,heretic:blackpowder-rule,RESULT_LINK; ITEM_REFERENCE,City; Equipment
aitc-scenario-haav-custodian,Alöne in the Crowd,21,19,"Haav, Custodian","Haav, Custodian",Creature,MISSING,P3,1,5,5,Reference Desk → no matching usable reference,"no: Haav, Custodian",no,n/a,"The supplied scenario contains an actual fixed stat block and any special mechanics, but the current creature/reference registry has no usable named entry. Scenario prose itself is assessed as PDF-appropriate.","Add a source-labeled fixed creature reference; retain scenario identity, without copying the adventure narrative.",aitc-scenario-haav-custodian,MONSTER_REFERENCE,City; Dungeon; Monster
aitc-scenario-aversus-the-demi-lich,Alöne in the Crowd,22,20,"Aversus, the Demi-Lich","Aversus, the Demi-Lich",Creature,MISSING,P3,1,5,5,Reference Desk → no matching usable reference,"no: Aversus, the Demi-Lich",no,n/a,"The supplied scenario contains an actual fixed stat block and any special mechanics, but the current creature/reference registry has no usable named entry. Scenario prose itself is assessed as PDF-appropriate.","Add a source-labeled fixed creature reference; retain scenario identity, without copying the adventure narrative.",aitc-scenario-aversus-the-demi-lich,MONSTER_REFERENCE,City; Dungeon; Monster
aitc-scenario-svampist-acolyte,Alöne in the Crowd,22,20,Svampist Acolyte,Svampist Acolyte,Creature,MISSING,P3,1,5,5,Reference Desk → no matching usable reference,no: Svampist Acolyte,no,n/a,"The supplied scenario contains an actual fixed stat block and any special mechanics, but the current creature/reference registry has no usable named entry. Scenario prose itself is assessed as PDF-appropriate.","Add a source-labeled fixed creature reference; retain scenario identity, without copying the adventure narrative.",aitc-scenario-svampist-acolyte,MONSTER_REFERENCE,City; Dungeon; Monster
aitc-scenario-leech-swarm,Alöne in the Crowd,22,20,Leech Swarm,Leech Swarm,Creature,MISSING,P3,1,5,5,Reference Desk → no matching usable reference,no: Leech Swarm,no,n/a,"The supplied scenario contains an actual fixed stat block and any special mechanics, but the current creature/reference registry has no usable named entry. Scenario prose itself is assessed as PDF-appropriate.","Add a source-labeled fixed creature reference; retain scenario identity, without copying the adventure narrative.",aitc-scenario-leech-swarm,MONSTER_REFERENCE,City; Dungeon; Monster
aitc-scenario-svampist-adept,Alöne in the Crowd,22,20,Svampist Adept,Svampist Adept,Creature,MISSING,P3,1,5,5,Reference Desk → no matching usable reference,no: Svampist Adept,no,n/a,"The supplied scenario contains an actual fixed stat block and any special mechanics, but the current creature/reference registry has no usable named entry. Scenario prose itself is assessed as PDF-appropriate.","Add a source-labeled fixed creature reference; retain scenario identity, without copying the adventure narrative.",aitc-scenario-svampist-adept,MONSTER_REFERENCE,City; Dungeon; Monster
aitc-scenario-svamp-the-heretical-prophet,Alöne in the Crowd,22,20,"Svamp, the Heretical Prophet","Svamp, the Heretical Prophet",Creature,MISSING,P3,1,5,5,Reference Desk → no matching usable reference,"no: Svamp, the Heretical Prophet",no,n/a,"The supplied scenario contains an actual fixed stat block and any special mechanics, but the current creature/reference registry has no usable named entry. Scenario prose itself is assessed as PDF-appropriate.","Add a source-labeled fixed creature reference; retain scenario identity, without copying the adventure narrative.",aitc-scenario-svamp-the-heretical-prophet,MONSTER_REFERENCE,City; Dungeon; Monster
aitc-chalice-of-ruin,Alöne in the Crowd,21; 22,"19, 20",Chalice of Ruin,Chalice of Ruin,Item,MISSING,P3,1,5,5,Reference Desk → no matching usable reference,no: Chalice of Ruin,no,n/a,This named scenario objective has an explicit use consequence and target handling; neither a fixed item reference nor its mechanical summary exists.,Add a compact scenario-spoiler-labeled item reference; keep the adventure’s narrative in the PDF.,aitc-chalice-of-ruin,ITEM_REFERENCE,Equipment; City
aitc-scenario-table-galgenbeck-catacombs-common-encounters,Alöne in the Crowd,22,20,Galgenbeck Catacombs — Common Encounters,Galgenbeck Catacombs — Common Encounters,Table,MISSING,P3,1,5,5,Reference Desk → no matching usable reference,no: Galgenbeck Catacombs — Common Encounters,no,no,The supplied keyed scenario gives a fixed encounter table with source-specific dice and entries; there is no corresponding lookup in the current registry.,Add a small scenario-labeled table reference if supporting this supplied adventure; preserve its fixed entries rather than using a generic generated encounter pool.,aitc-scenario-table-galgenbeck-catacombs-common-encounters,TABLE_INDEX,City; Dungeon
aitc-scenario-table-galgenbeck-catacombs-rare-encounters,Alöne in the Crowd,22,20,Galgenbeck Catacombs — Rare Encounters,Galgenbeck Catacombs — Rare Encounters,Table,MISSING,P3,1,5,5,Reference Desk → no matching usable reference,no: Galgenbeck Catacombs — Rare Encounters,no,no,The supplied keyed scenario gives a fixed encounter table with source-specific dice and entries; there is no corresponding lookup in the current registry.,Add a small scenario-labeled table reference if supporting this supplied adventure; preserve its fixed entries rather than using a generic generated encounter pool.,aitc-scenario-table-galgenbeck-catacombs-rare-encounters,TABLE_INDEX,City; Dungeon
aitc-scenario-table-svamp-townhouse-common-encounters,Alöne in the Crowd,22,20,Svamp Townhouse — Common Encounters,Svamp Townhouse — Common Encounters,Table,MISSING,P3,1,5,5,Reference Desk → no matching usable reference,no: Svamp Townhouse — Common Encounters,no,no,The supplied keyed scenario gives a fixed encounter table with source-specific dice and entries; there is no corresponding lookup in the current registry.,Add a small scenario-labeled table reference if supporting this supplied adventure; preserve its fixed entries rather than using a generic generated encounter pool.,aitc-scenario-table-svamp-townhouse-common-encounters,TABLE_INDEX,City; Dungeon
aitc-scenario-table-svamp-townhouse-rare-encounters,Alöne in the Crowd,22,20,Svamp Townhouse — Rare Encounters,Svamp Townhouse — Rare Encounters,Table,MISSING,P3,1,5,5,Reference Desk → no matching usable reference,no: Svamp Townhouse — Rare Encounters,no,no,The supplied keyed scenario gives a fixed encounter table with source-specific dice and entries; there is no corresponding lookup in the current registry.,Add a small scenario-labeled table reference if supporting this supplied adventure; preserve its fixed entries rather than using a generic generated encounter pool.,aitc-scenario-table-svamp-townhouse-rare-encounters,TABLE_INDEX,City; Dungeon
reclvse-move-test,RECLVSE,11,11,RECLVSE basic Move test,RECLVSE basic Move test,Rule,RESOLVED,—,5,1,5,Reference Desk → rule:reclvse.move-test,yes: RECLVSE basic Move test,no,n/a,The canonical table has usable original results and visible roll ranges; no additional mandatory rule is needed for this standalone lookup.,None.,reclvse-move-test,,Solo
reclvse-attack,RECLVSE,41,41,RECLVSE attack and initiative,RECLVSE attack and initiative,Rule,RESOLVED,—,5,1,5,Reference Desk → rule:reclvse.combat,yes: RECLVSE attack and initiative,no,n/a,The canonical table has usable original results and visible roll ranges; no additional mandatory rule is needed for this standalone lookup.,None.,reclvse-attack,,Combat
reclvse-travel-road,RECLVSE,49,49,Travel the Road,Travel the Road,Rule,PARTIAL,P1,4,4,16,Reference Desk → rule:reclvse.road-travel,yes: Travel the Road,no,n/a,"The initial move is summarized, but its Miss names Hold Your Bearing without supplying that move’s complete result branches.",Link a compact Hold Your Bearing quick reference.,reclvse-travel-road,QUICK_RULE,Travel
reclvse-delve,RECLVSE,67,67,Delve the Depths,Delve the Depths,Rule,PRESENT_BUT_INDIRECT,P2,4,2,8,Reference Desk → rule:reclvse.delve,yes: Delve the Depths,no,n/a,"The move’s outcomes are available. Room Generation is named and component tables can be searched, but no complete ordered room reference is linked; the repeated source p88 cross-reference points to the entrance section.","Link the actual PDF90–93 room procedure, noting the source cross-reference discrepancy.",reclvse-delve,QUICK_RULE,Dungeon
reclvse-rule-advantage-and-disadvantage,RECLVSE,12,12,Advantage and Disadvantage,Advantage and Disadvantage,Rule,MISSING,P1,4,5,20,Reference Desk → no matching usable reference,no: Advantage and Disadvantage; RECLVSE Advantage and Disadvantage,no,n/a,"The source supplies 3d20 keep-two rule, but no matching usable RECLVSE reference is in the current index. Similar Core, SD or AitC rules are different variants and do not supply this rule.","Add a concise source-specific quick reference and links to existing canonical tables. Do not add a tracker, management screen or new large feature.",reclvse-rule-advantage-and-disadvantage,QUICK_RULE,Combat
reclvse-rule-critical-die,RECLVSE,12,12,Critical Die,Critical Die,Rule,MISSING,P1,4,5,20,Reference Desk → no matching usable reference,no: Critical Die; RECLVSE Critical Die,no,n/a,"The source supplies designated die and outcome-dependent criticals, but no matching usable RECLVSE reference is in the current index. Similar Core, SD or AitC rules are different variants and do not supply this rule.","Add a concise source-specific quick reference and links to existing canonical tables. Do not add a tracker, management screen or new large feature.",reclvse-rule-critical-die,QUICK_RULE,Combat
reclvse-rule-reclvse-character-creation,RECLVSE,17,17,RECLVSE character creation,RECLVSE character creation,Rule,MISSING,P2,3,5,15,Reference Desk → no matching usable reference,no: RECLVSE character creation; RECLVSE RECLVSE character creation,no,n/a,"The source supplies ability, HP, starting equipment and capacity sequence, but no matching usable RECLVSE reference is in the current index. Similar Core, SD or AitC rules are different variants and do not supply this rule.","Add a concise source-specific quick reference and links to existing canonical tables. Do not add a tracker, management screen or new large feature.",reclvse-rule-reclvse-character-creation,QUICK_RULE,Character
reclvse-rule-reclvse-omens,RECLVSE,18,18,RECLVSE Omens,RECLVSE Omens,Rule,MISSING,P1,4,5,20,Reference Desk → no matching usable reference,no: RECLVSE Omens; RECLVSE RECLVSE Omens,no,n/a,"The source supplies daily refresh, cap and permitted uses, but no matching usable RECLVSE reference is in the current index. Similar Core, SD or AitC rules are different variants and do not supply this rule.","Add a concise source-specific quick reference and links to existing canonical tables. Do not add a tracker, management screen or new large feature.",reclvse-rule-reclvse-omens,QUICK_RULE,Character
reclvse-rule-invoke-a-power,RECLVSE,18,18,Invoke a Power,Invoke a Power,Rule,MISSING,P1,4,5,20,Reference Desk → no matching usable reference,no: Invoke a Power; RECLVSE Invoke a Power,no,n/a,"The source supplies uses, attribute, partial failure and corruption trigger, but no matching usable RECLVSE reference is in the current index. Similar Core, SD or AitC rules are different variants and do not supply this rule.","Add a concise source-specific quick reference and links to existing canonical tables. Do not add a tracker, management screen or new large feature.",reclvse-rule-invoke-a-power,QUICK_RULE,Character
reclvse-rule-armor-degradation,RECLVSE,32,32,Armor degradation,Armor degradation,Rule,MISSING,P2,3,5,15,Reference Desk → no matching usable reference,no: Armor degradation; RECLVSE Armor degradation,no,n/a,"The source supplies critical defense damage to a source-specific armor tier, but no matching usable RECLVSE reference is in the current index. Similar Core, SD or AitC rules are different variants and do not supply this rule.","Add a concise source-specific quick reference and links to existing canonical tables. Do not add a tracker, management screen or new large feature.",reclvse-rule-armor-degradation,QUICK_RULE,Character
reclvse-rule-pricing-guide,RECLVSE,34,34,Pricing Guide,Pricing Guide,Rule,MISSING,P2,3,5,15,Reference Desk → no matching usable reference,no: Pricing Guide; RECLVSE Pricing Guide,no,n/a,"The source supplies price tiers, services and contextual multipliers, but no matching usable RECLVSE reference is in the current index. Similar Core, SD or AitC rules are different variants and do not supply this rule.","Add a concise source-specific quick reference and links to existing canonical tables. Do not add a tracker, management screen or new large feature.",reclvse-rule-pricing-guide,QUICK_RULE,Equipment
reclvse-rule-guarding,RECLVSE,42,42,Guarding,Guarding,Rule,MISSING,P1,4,5,20,Reference Desk → no matching usable reference,no: Guarding; RECLVSE Guarding,no,n/a,"The source supplies defense roll and one-hit shield sacrifice, but no matching usable RECLVSE reference is in the current index. Similar Core, SD or AitC rules are different variants and do not supply this rule.","Add a concise source-specific quick reference and links to existing canonical tables. Do not add a tracker, management screen or new large feature.",reclvse-rule-guarding,QUICK_RULE,Combat
reclvse-rule-criticals-and-fumbles-in-combat,RECLVSE,42,42,Criticals and Fumbles in combat,Criticals and Fumbles in combat,Rule,MISSING,P1,4,5,20,Reference Desk → no matching usable reference,no: Criticals and Fumbles in combat; RECLVSE Criticals and Fumbles in combat,no,n/a,"The source supplies attack/defense crit and fumble effects, but no matching usable RECLVSE reference is in the current index. Similar Core, SD or AitC rules are different variants and do not supply this rule.","Add a concise source-specific quick reference and links to existing canonical tables. Do not add a tracker, management screen or new large feature.",reclvse-rule-criticals-and-fumbles-in-combat,QUICK_RULE,Combat
reclvse-rule-reclvse-morale,RECLVSE,42,42,RECLVSE Morale,RECLVSE Morale,Rule,MISSING,P1,4,5,20,Reference Desk → no matching usable reference,no: RECLVSE Morale; RECLVSE RECLVSE Morale,no,n/a,"The source supplies triggers and break resolution, but no matching usable RECLVSE reference is in the current index. Similar Core, SD or AitC rules are different variants and do not supply this rule.","Add a concise source-specific quick reference and links to existing canonical tables. Do not add a tracker, management screen or new large feature.",reclvse-rule-reclvse-morale,QUICK_RULE,Combat
reclvse-rule-below-zero-death-and-recovery,RECLVSE,43,43,Below-zero death and recovery,Below-zero death and recovery,Rule,MISSING,P1,4,5,20,Reference Desk → no matching usable reference,no: Below-zero death and recovery; RECLVSE Below-zero death and recovery,no,n/a,"The source supplies death boundary, short/full recovery and source-summary differences, but no matching usable RECLVSE reference is in the current index. Similar Core, SD or AitC rules are different variants and do not supply this rule.","Add a concise source-specific quick reference and links to existing canonical tables. Do not add a tracker, management screen or new large feature.",reclvse-rule-below-zero-death-and-recovery,QUICK_RULE,Combat
reclvse-rule-infection,RECLVSE,43,43,Infection,Infection,Rule,MISSING,P1,4,5,20,Reference Desk → no matching usable reference,no: Infection; RECLVSE Infection,no,n/a,"The source supplies healing prevention and daily loss, but no matching usable RECLVSE reference is in the current index. Similar Core, SD or AitC rules are different variants and do not supply this rule.","Add a concise source-specific quick reference and links to existing canonical tables. Do not add a tracker, management screen or new large feature.",reclvse-rule-infection,QUICK_RULE,Combat
reclvse-rule-medicine-kit,RECLVSE,43,43,Medicine kit,Medicine kit,Rule,MISSING,P1,4,5,20,Reference Desk → no matching usable reference,no: Medicine kit; RECLVSE Medicine kit,no,n/a,"The source supplies uses, healing and treatment, but no matching usable RECLVSE reference is in the current index. Similar Core, SD or AitC rules are different variants and do not supply this rule.","Add a concise source-specific quick reference and links to existing canonical tables. Do not add a tracker, management screen or new large feature.",reclvse-rule-medicine-kit,QUICK_RULE,Combat
reclvse-rule-start-a-quest,RECLVSE,45,45,Start a Quest,Start a Quest,Procedure,MISSING,P2,3,5,15,Reference Desk → no matching usable reference,no: Start a Quest; RECLVSE Start a Quest,no,n/a,"The source supplies rank and initial progress, but no matching usable RECLVSE reference is in the current index. Similar Core, SD or AitC rules are different variants and do not supply this rule.","Add a concise source-specific quick reference and links to existing canonical tables. Do not add a tracker, management screen or new large feature.",reclvse-rule-start-a-quest,QUICK_RULE,Solo
reclvse-rule-quest-progress-tracks,RECLVSE,45,45,Quest progress tracks,Quest progress tracks,Procedure,MISSING,P2,3,5,15,Reference Desk → no matching usable reference,no: Quest progress tracks; RECLVSE Quest progress tracks,no,n/a,"The source supplies segments by rank, but no matching usable RECLVSE reference is in the current index. Similar Core, SD or AitC rules are different variants and do not supply this rule.","Add a concise source-specific quick reference and links to existing canonical tables. Do not add a tracker, management screen or new large feature.",reclvse-rule-quest-progress-tracks,QUICK_RULE,Solo
reclvse-rule-advance-a-quest,RECLVSE,46,46,Advance a Quest,Advance a Quest,Procedure,MISSING,P2,3,5,15,Reference Desk → no matching usable reference,no: Advance a Quest; RECLVSE Advance a Quest,no,n/a,"The source supplies progress and consequences, but no matching usable RECLVSE reference is in the current index. Similar Core, SD or AitC rules are different variants and do not supply this rule.","Add a concise source-specific quick reference and links to existing canonical tables. Do not add a tracker, management screen or new large feature.",reclvse-rule-advance-a-quest,QUICK_RULE,Solo
reclvse-rule-face-a-setback,RECLVSE,46,46,Face a Setback,Face a Setback,Procedure,MISSING,P2,3,5,15,Reference Desk → no matching usable reference,no: Face a Setback; RECLVSE Face a Setback,no,n/a,"The source supplies progress loss and costs, but no matching usable RECLVSE reference is in the current index. Similar Core, SD or AitC rules are different variants and do not supply this rule.","Add a concise source-specific quick reference and links to existing canonical tables. Do not add a tracker, management screen or new large feature.",reclvse-rule-face-a-setback,QUICK_RULE,Solo
reclvse-rule-fulfill-a-quest,RECLVSE,46,46,Fulfill a Quest,Fulfill a Quest,Procedure,MISSING,P2,3,5,15,Reference Desk → no matching usable reference,no: Fulfill a Quest; RECLVSE Fulfill a Quest,no,n/a,"The source supplies completion and failure reset, but no matching usable RECLVSE reference is in the current index. Similar Core, SD or AitC rules are different variants and do not supply this rule.","Add a concise source-specific quick reference and links to existing canonical tables. Do not add a tracker, management screen or new large feature.",reclvse-rule-fulfill-a-quest,QUICK_RULE,Solo
reclvse-rule-determine-journey-length,RECLVSE,49,49,Determine Journey Length,Determine Journey Length,Procedure,MISSING,P1,4,5,20,Reference Desk → no matching usable reference,no: Determine Journey Length; RECLVSE Determine Journey Length,no,n/a,"The source supplies duration by scope and result, but no matching usable RECLVSE reference is in the current index. Similar Core, SD or AitC rules are different variants and do not supply this rule.","Add a concise source-specific quick reference and links to existing canonical tables. Do not add a tracker, management screen or new large feature.",reclvse-rule-determine-journey-length,QUICK_RULE,Travel
reclvse-rule-move-through-an-area,RECLVSE,49,49,Move Through an Area,Move Through an Area,Procedure,MISSING,P1,4,5,20,Reference Desk → no matching usable reference,no: Move Through an Area; RECLVSE Move Through an Area,no,n/a,"The source supplies journey progress and costs, but no matching usable RECLVSE reference is in the current index. Similar Core, SD or AitC rules are different variants and do not supply this rule.","Add a concise source-specific quick reference and links to existing canonical tables. Do not add a tracker, management screen or new large feature.",reclvse-rule-move-through-an-area,QUICK_RULE,Travel
reclvse-rule-reclvse-daily-travel-loop,RECLVSE,49,49,RECLVSE daily travel loop,RECLVSE daily travel loop,Procedure,MISSING,P1,4,5,20,Reference Desk → no matching usable reference,no: RECLVSE daily travel loop; RECLVSE RECLVSE daily travel loop,no,n/a,"The source supplies source-specific dawn, activity, supply and night sequence, but no matching usable RECLVSE reference is in the current index. Similar Core, SD or AitC rules are different variants and do not supply this rule.","Add a concise source-specific quick reference and links to existing canonical tables. Do not add a tracker, management screen or new large feature.",reclvse-rule-reclvse-daily-travel-loop,QUICK_RULE,Travel
reclvse-rule-face-the-wilds,RECLVSE,50,50,Face the Wilds,Face the Wilds,Procedure,MISSING,P2,3,5,15,Reference Desk → no matching usable reference,no: Face the Wilds; RECLVSE Face the Wilds,no,n/a,"The source supplies ability alternatives and outcomes, but no matching usable RECLVSE reference is in the current index. Similar Core, SD or AitC rules are different variants and do not supply this rule.","Add a concise source-specific quick reference and links to existing canonical tables. Do not add a tracker, management screen or new large feature.",reclvse-rule-face-the-wilds,QUICK_RULE,Travel
reclvse-rule-tracking,RECLVSE,50,50,Tracking,Tracking,Procedure,MISSING,P2,3,5,15,Reference Desk → no matching usable reference,no: Tracking; RECLVSE Tracking,no,n/a,"The source supplies trail results, but no matching usable RECLVSE reference is in the current index. Similar Core, SD or AitC rules are different variants and do not supply this rule.","Add a concise source-specific quick reference and links to existing canonical tables. Do not add a tracker, management screen or new large feature.",reclvse-rule-tracking,QUICK_RULE,Travel
reclvse-rule-endure-the-environment,RECLVSE,50,50,Endure the Environment,Endure the Environment,Procedure,MISSING,P2,3,5,15,Reference Desk → no matching usable reference,no: Endure the Environment; RECLVSE Endure the Environment,no,n/a,"The source supplies resistance and harm outcomes, but no matching usable RECLVSE reference is in the current index. Similar Core, SD or AitC rules are different variants and do not supply this rule.","Add a concise source-specific quick reference and links to existing canonical tables. Do not add a tracker, management screen or new large feature.",reclvse-rule-endure-the-environment,QUICK_RULE,Travel
reclvse-rule-discover-a-feature,RECLVSE,50,50,Discover a Feature,Discover a Feature,Procedure,MISSING,P2,3,5,15,Reference Desk → no matching usable reference,no: Discover a Feature; RECLVSE Discover a Feature,no,n/a,"The source supplies discovery and complication outcomes, but no matching usable RECLVSE reference is in the current index. Similar Core, SD or AitC rules are different variants and do not supply this rule.","Add a concise source-specific quick reference and links to existing canonical tables. Do not add a tracker, management screen or new large feature.",reclvse-rule-discover-a-feature,QUICK_RULE,Travel
reclvse-rule-weather-move,RECLVSE,51,51,Weather Move,Weather Move,Procedure,MISSING,P1,4,5,20,Reference Desk → no matching usable reference,no: Weather Move; RECLVSE Weather Move,no,n/a,"The source supplies travel advantage/disadvantage and weather interpretation, but no matching usable RECLVSE reference is in the current index. Similar Core, SD or AitC rules are different variants and do not supply this rule.","Add a concise source-specific quick reference and links to existing canonical tables. Do not add a tracker, management screen or new large feature.",reclvse-rule-weather-move,QUICK_RULE,Travel
reclvse-rule-hunt,RECLVSE,51,51,Hunt,Hunt,Procedure,MISSING,P1,4,5,20,Reference Desk → no matching usable reference,no: Hunt; RECLVSE Hunt,no,n/a,"The source supplies prey encounter and complication, but no matching usable RECLVSE reference is in the current index. Similar Core, SD or AitC rules are different variants and do not supply this rule.","Add a concise source-specific quick reference and links to existing canonical tables. Do not add a tracker, management screen or new large feature.",reclvse-rule-hunt,QUICK_RULE,Travel
reclvse-rule-butcher-a-kill,RECLVSE,51,51,Butcher a Kill,Butcher a Kill,Procedure,MISSING,P1,4,5,20,Reference Desk → no matching usable reference,no: Butcher a Kill; RECLVSE Butcher a Kill,no,n/a,"The source supplies ration yield and failure, but no matching usable RECLVSE reference is in the current index. Similar Core, SD or AitC rules are different variants and do not supply this rule.","Add a concise source-specific quick reference and links to existing canonical tables. Do not add a tracker, management screen or new large feature.",reclvse-rule-butcher-a-kill,QUICK_RULE,Travel
reclvse-rule-make-camp,RECLVSE,51,51,Make Camp,Make Camp,Procedure,MISSING,P1,4,5,20,Reference Desk → no matching usable reference,no: Make Camp; RECLVSE Make Camp,no,n/a,"The source supplies HP recovery and Night Encounter branch, but no matching usable RECLVSE reference is in the current index. Similar Core, SD or AitC rules are different variants and do not supply this rule.","Add a concise source-specific quick reference and links to existing canonical tables. Do not add a tracker, management screen or new large feature.",reclvse-rule-make-camp,QUICK_RULE,Travel
reclvse-rule-night-encounter,RECLVSE,51,51,Night Encounter,Night Encounter,Procedure,MISSING,P1,4,5,20,Reference Desk → no matching usable reference,no: Night Encounter; RECLVSE Night Encounter,no,n/a,"The source supplies quiet/complication/threat outcomes, but no matching usable RECLVSE reference is in the current index. Similar Core, SD or AitC rules are different variants and do not supply this rule.","Add a concise source-specific quick reference and links to existing canonical tables. Do not add a tracker, management screen or new large feature.",reclvse-rule-night-encounter,QUICK_RULE,Travel
reclvse-rule-hold-your-bearing,RECLVSE,52,52,Hold Your Bearing,Hold Your Bearing,Procedure,MISSING,P1,4,5,20,Reference Desk → no matching usable reference,no: Hold Your Bearing; RECLVSE Hold Your Bearing,no,n/a,"The source supplies lost-route consequences and next navigation DR, but no matching usable RECLVSE reference is in the current index. Similar Core, SD or AitC rules are different variants and do not supply this rule.","Add a concise source-specific quick reference and links to existing canonical tables. Do not add a tracker, management screen or new large feature.",reclvse-rule-hold-your-bearing,QUICK_RULE,Travel
reclvse-rule-foraging-move,RECLVSE,52,52,Foraging Move,Foraging Move,Procedure,MISSING,P1,4,5,20,Reference Desk → no matching usable reference,no: Foraging Move; RECLVSE Foraging Move,no,n/a,"The source supplies ration yield and contamination branch, but no matching usable RECLVSE reference is in the current index. Similar Core, SD or AitC rules are different variants and do not supply this rule.","Add a concise source-specific quick reference and links to existing canonical tables. Do not add a tracker, management screen or new large feature.",reclvse-rule-foraging-move,QUICK_RULE,Travel
reclvse-rule-tend-wounds,RECLVSE,53,53,Tend Wounds,Tend Wounds,Procedure,MISSING,P1,4,5,20,Reference Desk → no matching usable reference,no: Tend Wounds; RECLVSE Tend Wounds,no,n/a,"The source supplies healing and failure harm, but no matching usable RECLVSE reference is in the current index. Similar Core, SD or AitC rules are different variants and do not supply this rule.","Add a concise source-specific quick reference and links to existing canonical tables. Do not add a tracker, management screen or new large feature.",reclvse-rule-tend-wounds,QUICK_RULE,Travel
reclvse-rule-short-rest-move,RECLVSE,53,53,Short Rest Move,Short Rest Move,Procedure,MISSING,P1,4,5,20,Reference Desk → no matching usable reference,no: Short Rest Move; RECLVSE Short Rest Move,no,n/a,"The source supplies HP and next-action modifiers, but no matching usable RECLVSE reference is in the current index. Similar Core, SD or AitC rules are different variants and do not supply this rule.","Add a concise source-specific quick reference and links to existing canonical tables. Do not add a tracker, management screen or new large feature.",reclvse-rule-short-rest-move,QUICK_RULE,Travel
reclvse-rule-starvation,RECLVSE,53,53,Starvation,Starvation,Procedure,MISSING,P1,4,5,20,Reference Desk → no matching usable reference,no: Starvation; RECLVSE Starvation,no,n/a,"The source supplies daily ration and next-day penalties, but no matching usable RECLVSE reference is in the current index. Similar Core, SD or AitC rules are different variants and do not supply this rule.","Add a concise source-specific quick reference and links to existing canonical tables. Do not add a tracker, management screen or new large feature.",reclvse-rule-starvation,QUICK_RULE,Travel
reclvse-rule-reclvse-city-crawl,RECLVSE,55,55,RECLVSE City Crawl,RECLVSE City Crawl,Procedure,MISSING,P2,3,5,15,Reference Desk → no matching usable reference,no: RECLVSE City Crawl; RECLVSE RECLVSE City Crawl,no,n/a,"The source supplies Agility move with source-specific street outcomes, but no matching usable RECLVSE reference is in the current index. Similar Core, SD or AitC rules are different variants and do not supply this rule.","Add a concise source-specific quick reference and links to existing canonical tables. Do not add a tracker, management screen or new large feature.",reclvse-rule-reclvse-city-crawl,QUICK_RULE,City; NPC
reclvse-rule-collect-information,RECLVSE,56,56,Collect Information,Collect Information,Procedure,MISSING,P2,3,5,15,Reference Desk → no matching usable reference,no: Collect Information; RECLVSE Collect Information,no,n/a,"The source supplies social information move, but no matching usable RECLVSE reference is in the current index. Similar Core, SD or AitC rules are different variants and do not supply this rule.","Add a concise source-specific quick reference and links to existing canonical tables. Do not add a tracker, management screen or new large feature.",reclvse-rule-collect-information,QUICK_RULE,City; NPC
reclvse-rule-influence,RECLVSE,56,56,Influence,Influence,Procedure,MISSING,P2,3,5,15,Reference Desk → no matching usable reference,no: Influence; RECLVSE Influence,no,n/a,"The source supplies cooperation and conditions, but no matching usable RECLVSE reference is in the current index. Similar Core, SD or AitC rules are different variants and do not supply this rule.","Add a concise source-specific quick reference and links to existing canonical tables. Do not add a tracker, management screen or new large feature.",reclvse-rule-influence,QUICK_RULE,City; NPC
reclvse-rule-prepare,RECLVSE,56,56,Prepare,Prepare,Procedure,MISSING,P2,3,5,15,Reference Desk → no matching usable reference,no: Prepare; RECLVSE Prepare,no,n/a,"The source supplies tactical advantage move, but no matching usable RECLVSE reference is in the current index. Similar Core, SD or AitC rules are different variants and do not supply this rule.","Add a concise source-specific quick reference and links to existing canonical tables. Do not add a tracker, management screen or new large feature.",reclvse-rule-prepare,QUICK_RULE,City; NPC
reclvse-rule-find-a-location,RECLVSE,56,56,Find a Location,Find a Location,Procedure,MISSING,P2,3,5,15,Reference Desk → no matching usable reference,no: Find a Location; RECLVSE Find a Location,no,n/a,"The source supplies location search outcomes, but no matching usable RECLVSE reference is in the current index. Similar Core, SD or AitC rules are different variants and do not supply this rule.","Add a concise source-specific quick reference and links to existing canonical tables. Do not add a tracker, management screen or new large feature.",reclvse-rule-find-a-location,QUICK_RULE,City; NPC
reclvse-rule-barter,RECLVSE,57,57,Barter,Barter,Procedure,MISSING,P2,3,5,15,Reference Desk → no matching usable reference,no: Barter; RECLVSE Barter,no,n/a,"The source supplies trade outcomes, but no matching usable RECLVSE reference is in the current index. Similar Core, SD or AitC rules are different variants and do not supply this rule.","Add a concise source-specific quick reference and links to existing canonical tables. Do not add a tracker, management screen or new large feature.",reclvse-rule-barter,QUICK_RULE,City; NPC
reclvse-rule-read-intent,RECLVSE,57,57,Read Intent,Read Intent,Procedure,MISSING,P2,3,5,15,Reference Desk → no matching usable reference,no: Read Intent; RECLVSE Read Intent,no,n/a,"The source supplies reading motives, but no matching usable RECLVSE reference is in the current index. Similar Core, SD or AitC rules are different variants and do not supply this rule.","Add a concise source-specific quick reference and links to existing canonical tables. Do not add a tracker, management screen or new large feature.",reclvse-rule-read-intent,QUICK_RULE,City; NPC
reclvse-rule-reassure-or-steady,RECLVSE,57,57,Reassure or Steady,Reassure or Steady,Procedure,MISSING,P2,3,5,15,Reference Desk → no matching usable reference,no: Reassure or Steady; RECLVSE Reassure or Steady,no,n/a,"The source supplies fear/disadvantage removal, but no matching usable RECLVSE reference is in the current index. Similar Core, SD or AitC rules are different variants and do not supply this rule.","Add a concise source-specific quick reference and links to existing canonical tables. Do not add a tracker, management screen or new large feature.",reclvse-rule-reassure-or-steady,QUICK_RULE,City; NPC
reclvse-rule-deceive-or-mislead,RECLVSE,57,57,Deceive or Mislead,Deceive or Mislead,Procedure,MISSING,P2,3,5,15,Reference Desk → no matching usable reference,no: Deceive or Mislead; RECLVSE Deceive or Mislead,no,n/a,"The source supplies deception outcomes, but no matching usable RECLVSE reference is in the current index. Similar Core, SD or AitC rules are different variants and do not supply this rule.","Add a concise source-specific quick reference and links to existing canonical tables. Do not add a tracker, management screen or new large feature.",reclvse-rule-deceive-or-mislead,QUICK_RULE,City; NPC
reclvse-rule-intimidate,RECLVSE,58,58,Intimidate,Intimidate,Procedure,MISSING,P2,3,5,15,Reference Desk → no matching usable reference,no: Intimidate; RECLVSE Intimidate,no,n/a,"The source supplies coercion outcomes, but no matching usable RECLVSE reference is in the current index. Similar Core, SD or AitC rules are different variants and do not supply this rule.","Add a concise source-specific quick reference and links to existing canonical tables. Do not add a tracker, management screen or new large feature.",reclvse-rule-intimidate,QUICK_RULE,City; NPC
reclvse-rule-parley,RECLVSE,58,58,Parley,Parley,Procedure,MISSING,P2,3,5,15,Reference Desk → no matching usable reference,no: Parley; RECLVSE Parley,no,n/a,"The source supplies negotiation under threat, but no matching usable RECLVSE reference is in the current index. Similar Core, SD or AitC rules are different variants and do not supply this rule.","Add a concise source-specific quick reference and links to existing canonical tables. Do not add a tracker, management screen or new large feature.",reclvse-rule-parley,QUICK_RULE,City; NPC
reclvse-rule-leaving-the-city,RECLVSE,58,58,Leaving the City,Leaving the City,Procedure,MISSING,P2,3,5,15,Reference Desk → no matching usable reference,no: Leaving the City; RECLVSE Leaving the City,no,n/a,"The source supplies exit resolution and travel-move routing, but no matching usable RECLVSE reference is in the current index. Similar Core, SD or AitC rules are different variants and do not supply this rule.","Add a concise source-specific quick reference and links to existing canonical tables. Do not add a tracker, management screen or new large feature.",reclvse-rule-leaving-the-city,QUICK_RULE,City; NPC
reclvse-rule-finding-hirelings,RECLVSE,59,59,Finding Hirelings,Finding Hirelings,Procedure,MISSING,P2,3,5,15,Reference Desk → no matching usable reference,no: Finding Hirelings; RECLVSE Finding Hirelings,no,n/a,"The source supplies 2d6+Presence availability bands, but no matching usable RECLVSE reference is in the current index. Similar Core, SD or AitC rules are different variants and do not supply this rule.","Add a concise source-specific quick reference and links to existing canonical tables. Do not add a tracker, management screen or new large feature.",reclvse-rule-finding-hirelings,QUICK_RULE,City; NPC
reclvse-rule-hireling-morale-checks,RECLVSE,59,59,Hireling morale checks,Hireling morale checks,Procedure,MISSING,P2,3,5,15,Reference Desk → no matching usable reference,no: Hireling morale checks; RECLVSE Hireling morale checks,no,n/a,"The source supplies triggers, score comparison and consequence roll, but no matching usable RECLVSE reference is in the current index. Similar Core, SD or AitC rules are different variants and do not supply this rule.","Add a concise source-specific quick reference and links to existing canonical tables. Do not add a tracker, management screen or new large feature.",reclvse-rule-hireling-morale-checks,QUICK_RULE,City; NPC
reclvse-rule-connection-track,RECLVSE,63,63,Connection Track,Connection Track,Rule,MISSING,P2,2,5,10,Reference Desk → no matching usable reference,no: Connection Track; RECLVSE Connection Track,no,n/a,"The source supplies six-point benefits and gain/loss conditions, but no matching usable RECLVSE reference is in the current index. Similar Core, SD or AitC rules are different variants and do not supply this rule.","Add a concise source-specific quick reference and links to existing canonical tables. Do not add a tracker, management screen or new large feature.",reclvse-rule-connection-track,QUICK_RULE,NPC
reclvse-rule-connection-fallout,RECLVSE,64,64,Connection Fallout,Connection Fallout,Rule,MISSING,P2,2,5,10,Reference Desk → no matching usable reference,no: Connection Fallout; RECLVSE Connection Fallout,no,n/a,"The source supplies loss, zero-track severance, but no matching usable RECLVSE reference is in the current index. Similar Core, SD or AitC rules are different variants and do not supply this rule.","Add a concise source-specific quick reference and links to existing canonical tables. Do not add a tracker, management screen or new large feature.",reclvse-rule-connection-fallout,QUICK_RULE,NPC
reclvse-rule-test-a-connection,RECLVSE,65,65,Test a Connection,Test a Connection,Procedure,MISSING,P2,2,5,10,Reference Desk → no matching usable reference,no: Test a Connection; RECLVSE Test a Connection,no,n/a,"The source supplies assistance and consequences, but no matching usable RECLVSE reference is in the current index. Similar Core, SD or AitC rules are different variants and do not supply this rule.","Add a concise source-specific quick reference and links to existing canonical tables. Do not add a tracker, management screen or new large feature.",reclvse-rule-test-a-connection,QUICK_RULE,NPC
reclvse-rule-maintain-a-connection,RECLVSE,65,65,Maintain a Connection,Maintain a Connection,Procedure,MISSING,P2,2,5,10,Reference Desk → no matching usable reference,no: Maintain a Connection; RECLVSE Maintain a Connection,no,n/a,"The source supplies maintenance outcomes, but no matching usable RECLVSE reference is in the current index. Similar Core, SD or AitC rules are different variants and do not supply this rule.","Add a concise source-specific quick reference and links to existing canonical tables. Do not add a tracker, management screen or new large feature.",reclvse-rule-maintain-a-connection,QUICK_RULE,NPC
reclvse-rule-form-a-connection,RECLVSE,65,65,Form a Connection,Form a Connection,Procedure,MISSING,P2,2,5,10,Reference Desk → no matching usable reference,no: Form a Connection; RECLVSE Form a Connection,no,n/a,"The source supplies initial progress, but no matching usable RECLVSE reference is in the current index. Similar Core, SD or AitC rules are different variants and do not supply this rule.","Add a concise source-specific quick reference and links to existing canonical tables. Do not add a tracker, management screen or new large feature.",reclvse-rule-form-a-connection,QUICK_RULE,NPC
reclvse-rule-develop-a-connection,RECLVSE,65,65,Develop a Connection,Develop a Connection,Procedure,MISSING,P2,2,5,10,Reference Desk → no matching usable reference,no: Develop a Connection; RECLVSE Develop a Connection,no,n/a,"The source supplies progress and setbacks, but no matching usable RECLVSE reference is in the current index. Similar Core, SD or AitC rules are different variants and do not supply this rule.","Add a concise source-specific quick reference and links to existing canonical tables. Do not add a tracker, management screen or new large feature.",reclvse-rule-develop-a-connection,QUICK_RULE,NPC
reclvse-rule-navigate-the-passage,RECLVSE,68,68,Navigate the Passage,Navigate the Passage,Procedure,MISSING,P1,4,5,20,Reference Desk → no matching usable reference,no: Navigate the Passage; RECLVSE Navigate the Passage,no,n/a,"The source supplies corridor movement, but no matching usable RECLVSE reference is in the current index. Similar Core, SD or AitC rules are different variants and do not supply this rule.","Add a concise source-specific quick reference and links to existing canonical tables. Do not add a tracker, management screen or new large feature.",reclvse-rule-navigate-the-passage,QUICK_RULE,Dungeon
reclvse-rule-search-the-room,RECLVSE,68,68,Search the Room,Search the Room,Procedure,MISSING,P1,4,5,20,Reference Desk → no matching usable reference,no: Search the Room; RECLVSE Search the Room,no,n/a,"The source supplies search and equipment/loot follow-through, but no matching usable RECLVSE reference is in the current index. Similar Core, SD or AitC rules are different variants and do not supply this rule.","Add a concise source-specific quick reference and links to existing canonical tables. Do not add a tracker, management screen or new large feature.",reclvse-rule-search-the-room,QUICK_RULE,Dungeon
reclvse-rule-face-the-trap,RECLVSE,68,68,Face the Trap,Face the Trap,Procedure,MISSING,P1,4,5,20,Reference Desk → no matching usable reference,no: Face the Trap; RECLVSE Face the Trap,no,n/a,"The source supplies source-specific trap avoidance, but no matching usable RECLVSE reference is in the current index. Similar Core, SD or AitC rules are different variants and do not supply this rule.","Add a concise source-specific quick reference and links to existing canonical tables. Do not add a tracker, management screen or new large feature.",reclvse-rule-face-the-trap,QUICK_RULE,Dungeon
reclvse-rule-room-encounter,RECLVSE,68,68,Room Encounter,Room Encounter,Procedure,MISSING,P1,4,5,20,Reference Desk → no matching usable reference,no: Room Encounter; RECLVSE Room Encounter,no,n/a,"The source supplies initial positioning and combat branch, but no matching usable RECLVSE reference is in the current index. Similar Core, SD or AitC rules are different variants and do not supply this rule.","Add a concise source-specific quick reference and links to existing canonical tables. Do not add a tracker, management screen or new large feature.",reclvse-rule-room-encounter,QUICK_RULE,Dungeon
reclvse-rule-reveal-a-secret,RECLVSE,69,69,Reveal a Secret,Reveal a Secret,Procedure,MISSING,P2,3,5,15,Reference Desk → no matching usable reference,no: Reveal a Secret; RECLVSE Reveal a Secret,no,n/a,"The source supplies secret discovery, but no matching usable RECLVSE reference is in the current index. Similar Core, SD or AitC rules are different variants and do not supply this rule.","Add a concise source-specific quick reference and links to existing canonical tables. Do not add a tracker, management screen or new large feature.",reclvse-rule-reveal-a-secret,QUICK_RULE,Dungeon
reclvse-rule-withstand-the-ruin,RECLVSE,69,69,Withstand the Ruin,Withstand the Ruin,Procedure,MISSING,P2,3,5,15,Reference Desk → no matching usable reference,no: Withstand the Ruin; RECLVSE Withstand the Ruin,no,n/a,"The source supplies environmental danger, but no matching usable RECLVSE reference is in the current index. Similar Core, SD or AitC rules are different variants and do not supply this rule.","Add a concise source-specific quick reference and links to existing canonical tables. Do not add a tracker, management screen or new large feature.",reclvse-rule-withstand-the-ruin,QUICK_RULE,Dungeon
reclvse-rule-retrace-your-steps,RECLVSE,69,69,Retrace Your Steps,Retrace Your Steps,Procedure,MISSING,P2,3,5,15,Reference Desk → no matching usable reference,no: Retrace Your Steps; RECLVSE Retrace Your Steps,no,n/a,"The source supplies backtracking outcomes, but no matching usable RECLVSE reference is in the current index. Similar Core, SD or AitC rules are different variants and do not supply this rule.","Add a concise source-specific quick reference and links to existing canonical tables. Do not add a tracker, management screen or new large feature.",reclvse-rule-retrace-your-steps,QUICK_RULE,Dungeon
reclvse-rule-loot-bodies,RECLVSE,69,69,Loot Bodies,Loot Bodies,Procedure,MISSING,P2,3,5,15,Reference Desk → no matching usable reference,no: Loot Bodies; RECLVSE Loot Bodies,no,n/a,"The source supplies loot quantity and outcome, but no matching usable RECLVSE reference is in the current index. Similar Core, SD or AitC rules are different variants and do not supply this rule.","Add a concise source-specific quick reference and links to existing canonical tables. Do not add a tracker, management screen or new large feature.",reclvse-rule-loot-bodies,QUICK_RULE,Dungeon
reclvse-rule-claim-a-shelter,RECLVSE,71,71,Claim a Shelter,Claim a Shelter,Procedure,MISSING,P2,2,5,10,Reference Desk → no matching usable reference,no: Claim a Shelter; RECLVSE Claim a Shelter,no,n/a,"The source supplies claim method and feature/complication branch, but no matching usable RECLVSE reference is in the current index. Similar Core, SD or AitC rules are different variants and do not supply this rule.","Add a concise source-specific quick reference and links to existing canonical tables. Do not add a tracker, management screen or new large feature.",reclvse-rule-claim-a-shelter,QUICK_RULE,Solo
reclvse-rule-upkeep-track,RECLVSE,73,73,Upkeep Track,Upkeep Track,Rule,MISSING,P2,2,5,10,Reference Desk → no matching usable reference,no: Upkeep Track; RECLVSE Upkeep Track,no,n/a,"The source supplies weekly upkeep and deterioration, but no matching usable RECLVSE reference is in the current index. Similar Core, SD or AitC rules are different variants and do not supply this rule.","Add a concise source-specific quick reference and links to existing canonical tables. Do not add a tracker, management screen or new large feature.",reclvse-rule-upkeep-track,QUICK_RULE,Solo
reclvse-rule-maintain-your-shelter,RECLVSE,73,73,Maintain Your Shelter,Maintain Your Shelter,Rule,MISSING,P2,2,5,10,Reference Desk → no matching usable reference,no: Maintain Your Shelter; RECLVSE Maintain Your Shelter,no,n/a,"The source supplies maintenance effect, but no matching usable RECLVSE reference is in the current index. Similar Core, SD or AitC rules are different variants and do not supply this rule.","Add a concise source-specific quick reference and links to existing canonical tables. Do not add a tracker, management screen or new large feature.",reclvse-rule-maintain-your-shelter,QUICK_RULE,Solo
reclvse-rule-build-or-barricade,RECLVSE,73,73,Build or Barricade,Build or Barricade,Rule,MISSING,P2,2,5,10,Reference Desk → no matching usable reference,no: Build or Barricade; RECLVSE Build or Barricade,no,n/a,"The source supplies time cost and consequences, but no matching usable RECLVSE reference is in the current index. Similar Core, SD or AitC rules are different variants and do not supply this rule.","Add a concise source-specific quick reference and links to existing canonical tables. Do not add a tracker, management screen or new large feature.",reclvse-rule-build-or-barricade,QUICK_RULE,Solo
reclvse-rule-abandonment-destruction,RECLVSE,73,73,Abandonment / Destruction,Abandonment / Destruction,Rule,MISSING,P2,2,5,10,Reference Desk → no matching usable reference,no: Abandonment / Destruction; RECLVSE Abandonment / Destruction,no,n/a,"The source supplies stored gear and upkeep consequences, but no matching usable RECLVSE reference is in the current index. Similar Core, SD or AitC rules are different variants and do not supply this rule.","Add a concise source-specific quick reference and links to existing canonical tables. Do not add a tracker, management screen or new large feature.",reclvse-rule-abandonment-destruction,QUICK_RULE,Solo
reclvse-rule-pursuit-of-growth,RECLVSE,77,77,Pursuit of Growth,Pursuit of Growth,Rule,MISSING,P2,2,5,10,Reference Desk → no matching usable reference,no: Pursuit of Growth; RECLVSE Pursuit of Growth,no,n/a,"The source supplies advancement outcomes, but no matching usable RECLVSE reference is in the current index. Similar Core, SD or AitC rules are different variants and do not supply this rule.","Add a concise source-specific quick reference and links to existing canonical tables. Do not add a tracker, management screen or new large feature.",reclvse-rule-pursuit-of-growth,QUICK_RULE,Character
reclvse-rule-advancement-options,RECLVSE,77,77,Advancement Options,Advancement Options,Rule,MISSING,P2,2,5,10,Reference Desk → no matching usable reference,no: Advancement Options; RECLVSE Advancement Options,no,n/a,"The source supplies limits and options, but no matching usable RECLVSE reference is in the current index. Similar Core, SD or AitC rules are different variants and do not supply this rule.","Add a concise source-specific quick reference and links to existing canonical tables. Do not add a tracker, management screen or new large feature.",reclvse-rule-advancement-options,QUICK_RULE,Character
reclvse-rule-adventure-reveal-safe-preparation,RECLVSE,79,79,Adventure Reveal safe preparation,Adventure Reveal safe preparation,Procedure,MISSING,P2,3,5,15,Reference Desk → no matching usable reference,no: Adventure Reveal safe preparation; RECLVSE Adventure Reveal safe preparation,no,n/a,"The source supplies safe-reading scope for prewritten adventures, but no matching usable RECLVSE reference is in the current index. Similar Core, SD or AitC rules are different variants and do not supply this rule.","Add a concise source-specific quick reference and links to existing canonical tables. Do not add a tracker, management screen or new large feature.",reclvse-rule-adventure-reveal-safe-preparation,QUICK_RULE,Solo
reclvse-rule-room-entry-procedure,RECLVSE,80,80,Room Entry Procedure,Room Entry Procedure,Procedure,MISSING,P2,3,5,15,Reference Desk → no matching usable reference,no: Room Entry Procedure; RECLVSE Room Entry Procedure,no,n/a,"The source supplies step order and source-contained interpretation, but no matching usable RECLVSE reference is in the current index. Similar Core, SD or AitC rules are different variants and do not supply this rule.","Add a concise source-specific quick reference and links to existing canonical tables. Do not add a tracker, management screen or new large feature.",reclvse-rule-room-entry-procedure,QUICK_RULE,Solo
reclvse-rule-module-momentum-loop,RECLVSE,80,80,Module Momentum Loop,Module Momentum Loop,Procedure,MISSING,P2,3,5,15,Reference Desk → no matching usable reference,no: Module Momentum Loop; RECLVSE Module Momentum Loop,no,n/a,"The source supplies follow-module-first rule, but no matching usable RECLVSE reference is in the current index. Similar Core, SD or AitC rules are different variants and do not supply this rule.","Add a concise source-specific quick reference and links to existing canonical tables. Do not add a tracker, management screen or new large feature.",reclvse-rule-module-momentum-loop,QUICK_RULE,Solo
reclvse-rule-searching-path-failure-escalation-within-a-module,RECLVSE,81,81,Searching / path / failure / escalation within a module,Searching / path / failure / escalation within a module,Procedure,MISSING,P2,3,5,15,Reference Desk → no matching usable reference,no: Searching / path / failure / escalation within a module; RECLVSE Searching / path / failure / escalation within a module,no,n/a,"The source supplies restrictions that prevent spoilers and outside invention, but no matching usable RECLVSE reference is in the current index. Similar Core, SD or AitC rules are different variants and do not supply this rule.","Add a concise source-specific quick reference and links to existing canonical tables. Do not add a tracker, management screen or new large feature.",reclvse-rule-searching-path-failure-escalation-within-a-module,QUICK_RULE,Solo
reclvse-rule-clarify-the-text,RECLVSE,82,82,Clarify the Text,Clarify the Text,Procedure,MISSING,P2,3,5,15,Reference Desk → no matching usable reference,no: Clarify the Text; RECLVSE Clarify the Text,no,n/a,"The source supplies module interpretation move, but no matching usable RECLVSE reference is in the current index. Similar Core, SD or AitC rules are different variants and do not supply this rule.","Add a concise source-specific quick reference and links to existing canonical tables. Do not add a tracker, management screen or new large feature.",reclvse-rule-clarify-the-text,QUICK_RULE,Solo
reclvse-rule-choose-a-direction,RECLVSE,82,82,Choose a Direction,Choose a Direction,Procedure,MISSING,P2,3,5,15,Reference Desk → no matching usable reference,no: Choose a Direction; RECLVSE Choose a Direction,no,n/a,"The source supplies module path selection, but no matching usable RECLVSE reference is in the current index. Similar Core, SD or AitC rules are different variants and do not supply this rule.","Add a concise source-specific quick reference and links to existing canonical tables. Do not add a tracker, management screen or new large feature.",reclvse-rule-choose-a-direction,QUICK_RULE,Solo
reclvse-rule-determine-npc-intent,RECLVSE,82,82,Determine NPC Intent,Determine NPC Intent,Procedure,MISSING,P2,3,5,15,Reference Desk → no matching usable reference,no: Determine NPC Intent; RECLVSE Determine NPC Intent,no,n/a,"The source supplies module NPC interpretation, but no matching usable RECLVSE reference is in the current index. Similar Core, SD or AitC rules are different variants and do not supply this rule.","Add a concise source-specific quick reference and links to existing canonical tables. Do not add a tracker, management screen or new large feature.",reclvse-rule-determine-npc-intent,QUICK_RULE,Solo
reclvse-rule-ask-the-oracle,RECLVSE,85,85,Ask the Oracle,Ask the Oracle,Procedure,MISSING,P1,4,5,20,Reference Desk → no matching usable reference,no: Ask the Oracle; RECLVSE Ask the Oracle,no,n/a,"The source supplies likelihood thresholds for a d100 question, but no matching usable RECLVSE reference is in the current index. Similar Core, SD or AitC rules are different variants and do not supply this rule.","Add a concise source-specific quick reference and links to existing canonical tables. Do not add a tracker, management screen or new large feature.",reclvse-rule-ask-the-oracle,QUICK_RULE,Solo
reclvse-blessing-rapid-investment,RECLVSE,13,13,Rapid Investment,Rapid Investment,Rule,MISSING,P2,2,5,10,Reference Desk → no matching usable reference,no: Rapid Investment,no,n/a,The named optional starting blessing has distinct numeric effects and conditions that are absent from the current reference data.,Add a compact optional blessing reference; no quest or bond tracker is required.,reclvse-blessing-rapid-investment,QUICK_RULE,Character; Solo
reclvse-blessing-progress-inheritance,RECLVSE,13,13,Progress Inheritance,Progress Inheritance,Rule,MISSING,P2,2,5,10,Reference Desk → no matching usable reference,no: Progress Inheritance,no,n/a,The named optional starting blessing has distinct numeric effects and conditions that are absent from the current reference data.,Add a compact optional blessing reference; no quest or bond tracker is required.,reclvse-blessing-progress-inheritance,QUICK_RULE,Character; Solo
reclvse-blessing-vital-commitments,RECLVSE,13,13,Vital Commitments,Vital Commitments,Rule,MISSING,P2,2,5,10,Reference Desk → no matching usable reference,no: Vital Commitments,no,n/a,The named optional starting blessing has distinct numeric effects and conditions that are absent from the current reference data.,Add a compact optional blessing reference; no quest or bond tracker is required.,reclvse-blessing-vital-commitments,QUICK_RULE,Character; Solo
reclvse-blessing-enhanced-fortitude,RECLVSE,14,14,Enhanced Fortitude,Enhanced Fortitude,Rule,MISSING,P2,2,5,10,Reference Desk → no matching usable reference,no: Enhanced Fortitude,no,n/a,The named optional starting blessing has distinct numeric effects and conditions that are absent from the current reference data.,Add a compact optional blessing reference; no quest or bond tracker is required.,reclvse-blessing-enhanced-fortitude,QUICK_RULE,Character; Solo
reclvse-blessing-legacy-sacrifice,RECLVSE,14,14,Legacy Sacrifice,Legacy Sacrifice,Rule,MISSING,P2,2,5,10,Reference Desk → no matching usable reference,no: Legacy Sacrifice,no,n/a,The named optional starting blessing has distinct numeric effects and conditions that are absent from the current reference data.,Add a compact optional blessing reference; no quest or bond tracker is required.,reclvse-blessing-legacy-sacrifice,QUICK_RULE,Character; Solo
reclvse-class-defiler,RECLVSE,20,20,Defiler complete archetype,Defiler complete archetype,Class,PARTIAL,P2,3,4,12,Reference Desk → oracle:reclvse.class.defiler.specialty / oracle:reclvse.class.defiler.starting / oracle:reclvse.class.defiler.powers,indirect: Defiler complete archetype,no,yes,"The three option tables are present with their effects, but base ability adjustments, starting resources, intrinsic abilities and downside are not in a complete class reference.",Add a compact complete archetype reference linked to its three existing tables; distinguish RECLVSE variants from Core classes.,reclvse-class-defiler,CLASS_REFERENCE,Character
reclvse-class-venom,RECLVSE,22,22,Venom complete archetype,Venom complete archetype,Class,PARTIAL,P2,3,4,12,Reference Desk → oracle:reclvse.class.venom.specialty / oracle:reclvse.class.venom.starting / oracle:reclvse.class.venom.powers,indirect: Venom complete archetype,no,yes,"The three option tables are present with their effects, but base ability adjustments, starting resources, intrinsic abilities and downside are not in a complete class reference.",Add a compact complete archetype reference linked to its three existing tables; distinguish RECLVSE variants from Core classes.,reclvse-class-venom,CLASS_REFERENCE,Character
reclvse-class-brute,RECLVSE,24,24,Brute complete archetype,Brute complete archetype,Class,PARTIAL,P2,3,4,12,Reference Desk → oracle:reclvse.class.brute.specialty / oracle:reclvse.class.brute.starting / oracle:reclvse.class.brute.powers,indirect: Brute complete archetype,no,yes,"The three option tables are present with their effects, but base ability adjustments, starting resources, intrinsic abilities and downside are not in a complete class reference.",Add a compact complete archetype reference linked to its three existing tables; distinguish RECLVSE variants from Core classes.,reclvse-class-brute,CLASS_REFERENCE,Character
reclvse-class-vessel,RECLVSE,26,26,Vessel complete archetype,Vessel complete archetype,Class,PARTIAL,P2,3,4,12,Reference Desk → oracle:reclvse.class.vessel.specialty / oracle:reclvse.class.vessel.starting / oracle:reclvse.class.vessel.powers,indirect: Vessel complete archetype,no,yes,"The three option tables are present with their effects, but base ability adjustments, starting resources, intrinsic abilities and downside are not in a complete class reference.",Add a compact complete archetype reference linked to its three existing tables; distinguish RECLVSE variants from Core classes.,reclvse-class-vessel,CLASS_REFERENCE,Character
reclvse-class-beast,RECLVSE,28,28,Beast complete archetype,Beast complete archetype,Class,PARTIAL,P2,3,4,12,Reference Desk → oracle:reclvse.class.beast.specialty / oracle:reclvse.class.beast.starting / oracle:reclvse.class.beast.powers,indirect: Beast complete archetype,no,yes,"The three option tables are present with their effects, but base ability adjustments, starting resources, intrinsic abilities and downside are not in a complete class reference.",Add a compact complete archetype reference linked to its three existing tables; distinguish RECLVSE variants from Core classes.,reclvse-class-beast,CLASS_REFERENCE,Character
reclvse-class-fanatic,RECLVSE,30,30,Fanatic complete archetype,Fanatic complete archetype,Class,PARTIAL,P2,3,4,12,Reference Desk → oracle:reclvse.class.fanatic.specialty / oracle:reclvse.class.fanatic.starting / oracle:reclvse.class.fanatic.powers,indirect: Fanatic complete archetype,no,yes,"The three option tables are present with their effects, but base ability adjustments, starting resources, intrinsic abilities and downside are not in a complete class reference.",Add a compact complete archetype reference linked to its three existing tables; distinguish RECLVSE variants from Core classes.,reclvse-class-fanatic,CLASS_REFERENCE,Character
reclvse-relic-grief-engine,RECLVSE,37,37,Grief Engine,Grief Engine,Item,MISSING,P2,2,5,10,Reference Desk → no matching usable reference,no: Grief Engine,no,n/a,"This named relic and its actual use, cost/duration or drawback are absent from the current private table/reference registry.","Add a fixed item reference with the short complete use rule, retaining any ambiguous source wording.",reclvse-relic-grief-engine,ITEM_REFERENCE,Equipment
reclvse-relic-the-mute,RECLVSE,37,37,The Mute,The Mute,Item,MISSING,P2,2,5,10,Reference Desk → no matching usable reference,no: The Mute,no,n/a,"This named relic and its actual use, cost/duration or drawback are absent from the current private table/reference registry.","Add a fixed item reference with the short complete use rule, retaining any ambiguous source wording.",reclvse-relic-the-mute,ITEM_REFERENCE,Equipment
reclvse-relic-prison-collar,RECLVSE,37,37,Prison Collar,Prison Collar,Item,MISSING,P2,2,5,10,Reference Desk → no matching usable reference,no: Prison Collar,no,n/a,"This named relic and its actual use, cost/duration or drawback are absent from the current private table/reference registry.","Add a fixed item reference with the short complete use rule, retaining any ambiguous source wording.",reclvse-relic-prison-collar,ITEM_REFERENCE,Equipment
reclvse-relic-well-of-shut-eyes,RECLVSE,37,37,Well of Shut Eyes,Well of Shut Eyes,Item,MISSING,P2,2,5,10,Reference Desk → no matching usable reference,no: Well of Shut Eyes,no,n/a,"This named relic and its actual use, cost/duration or drawback are absent from the current private table/reference registry.","Add a fixed item reference with the short complete use rule, retaining any ambiguous source wording.",reclvse-relic-well-of-shut-eyes,ITEM_REFERENCE,Equipment
reclvse-relic-gallows-key,RECLVSE,37,37,Gallows Key,Gallows Key,Item,MISSING,P2,2,5,10,Reference Desk → no matching usable reference,no: Gallows Key,no,n/a,"This named relic and its actual use, cost/duration or drawback are absent from the current private table/reference registry.","Add a fixed item reference with the short complete use rule, retaining any ambiguous source wording.",reclvse-relic-gallows-key,ITEM_REFERENCE,Equipment
reclvse-relic-molly-s-candle,RECLVSE,37,37,Molly’s Candle,Molly’s Candle,Item,MISSING,P2,2,5,10,Reference Desk → no matching usable reference,no: Molly’s Candle,no,n/a,"This named relic and its actual use, cost/duration or drawback are absent from the current private table/reference registry.","Add a fixed item reference with the short complete use rule, retaining any ambiguous source wording.",reclvse-relic-molly-s-candle,ITEM_REFERENCE,Equipment
reclvse-relic-stitchwvrm,RECLVSE,38,38,Stitchwvrm,Stitchwvrm,Item,MISSING,P2,2,5,10,Reference Desk → no matching usable reference,no: Stitchwvrm,no,n/a,"This named relic and its actual use, cost/duration or drawback are absent from the current private table/reference registry.","Add a fixed item reference with the short complete use rule, retaining any ambiguous source wording.",reclvse-relic-stitchwvrm,ITEM_REFERENCE,Equipment
reclvse-relic-vizonn-s-chain,RECLVSE,38,38,Vizonn’s Chain,Vizonn’s Chain,Item,MISSING,P2,2,5,10,Reference Desk → no matching usable reference,no: Vizonn’s Chain,no,n/a,"This named relic and its actual use, cost/duration or drawback are absent from the current private table/reference registry.","Add a fixed item reference with the short complete use rule, retaining any ambiguous source wording.",reclvse-relic-vizonn-s-chain,ITEM_REFERENCE,Equipment
reclvse-relic-mask-of-the-unjudged,RECLVSE,38,38,Mask of the Unjudged,Mask of the Unjudged,Item,MISSING,P2,2,5,10,Reference Desk → no matching usable reference,no: Mask of the Unjudged,no,n/a,"This named relic and its actual use, cost/duration or drawback are absent from the current private table/reference registry.","Add a fixed item reference with the short complete use rule, retaining any ambiguous source wording.",reclvse-relic-mask-of-the-unjudged,ITEM_REFERENCE,Equipment
reclvse-relic-surgeon-s-saw,RECLVSE,38,38,Surgeon’s Saw,Surgeon’s Saw,Item,MISSING,P2,2,5,10,Reference Desk → no matching usable reference,no: Surgeon’s Saw,no,n/a,"This named relic and its actual use, cost/duration or drawback are absent from the current private table/reference registry.","Add a fixed item reference with the short complete use rule, retaining any ambiguous source wording.",reclvse-relic-surgeon-s-saw,ITEM_REFERENCE,Equipment
reclvse-relic-morphed-monocle,RECLVSE,38,38,Morphed Monocle,Morphed Monocle,Item,MISSING,P2,2,5,10,Reference Desk → no matching usable reference,no: Morphed Monocle,no,n/a,"This named relic and its actual use, cost/duration or drawback are absent from the current private table/reference registry.","Add a fixed item reference with the short complete use rule, retaining any ambiguous source wording.",reclvse-relic-morphed-monocle,ITEM_REFERENCE,Equipment
reclvse-relic-druid-s-map,RECLVSE,38,38,Druid’s Map,Druid’s Map,Item,MISSING,P2,2,5,10,Reference Desk → no matching usable reference,no: Druid’s Map,no,n/a,"This named relic and its actual use, cost/duration or drawback are absent from the current private table/reference registry.","Add a fixed item reference with the short complete use rule, retaining any ambiguous source wording.",reclvse-relic-druid-s-map,ITEM_REFERENCE,Equipment
reclvse-unspokens-calendar,RECLVSE,9,9,The Unspokens — daily doom check,The Unspokens — daily doom check,Procedure,MISSING,P1,4,5,20,Reference Desk → no matching usable reference,no: The Unspokens — daily doom check,no,n/a,The source-specific daily die choices and new-Truth / seventh-event procedure are absent; the Core Calendar cannot stand in for this variant.,Add a compact optional variant reference without changing the default campaign calendar.,reclvse-unspokens-calendar,QUICK_RULE,Solo; Travel
reclvse-unspokens-truths,RECLVSE,9; 10,"9, 10",The Unspokens — 36 Truths and final event,The Unspokens — 36 Truths and final event,Table,MISSING,P2,3,5,15,Reference Desk → no matching usable reference,no: The Unspokens — 36 Truths and final event,no,no,No corresponding table or fixed lookup exists in the current private registry.,Add a private canonical table and link it from the variant procedure.,reclvse-unspokens-truths,TABLE_INDEX,Solo; Travel
reclvse-krav,RECLVSE,60,60,"Krav, the One-Eyed Bearer","Krav, the One-Eyed Bearer",Creature,MISSING,P3,1,5,5,Reference Desk → no matching usable reference,"no: Krav, the One-Eyed Bearer",no,n/a,"The named hireling has explicit HP, Morale, carrying capacity and flaw, but no fixed reference exists.",Add a compact named hireling reference; no new hireling management feature.,reclvse-krav,MONSTER_REFERENCE,NPC
reclvse-power-name-lookup,RECLVSE,35; 36,"35, 36",Named RECLVSE Power effect lookup,Named RECLVSE Power effect lookup,Power,PRESENT_BUT_INDIRECT,P2,4,2,8,Reference Desk → oracle:reclvse.powers,indirect: Grace of the Stillborn Saint; Hermetic Step; RECLVSE Powers,no,yes,"All 36 replacement Power effects are in the canonical d66 table, but individual Power names are not indexed. Grace of the Stillborn Saint returns no search result; a player must open Powers and scan the table.",Index canonical Power names as fixed entries that open the existing effect-bearing row.,reclvse-power-name-lookup,POWER_REFERENCE; SEARCH_ALIAS,Powers
reclvse-beasts,RECLVSE,75; 76,"75, 76",Beast construction,Beast construction,Procedure,PRESENT_BUT_INDIRECT,P2,3,2,6,Reference Desk → oracle:reclvse.creatureType / oracle:reclvse.creatureArmor / oracle:reclvse.creatureMorale / oracle:reclvse.creatureDamage / oracle:reclvse.creatureBehavior / oracle:reclvse.creatureAppearance,indirect: Beast construction,no,yes,"All component tables and HP-range choice instructions are available, but their required/optional relationship is not grouped into one usable procedure.",Add a concise optional sequence/reference group using these canonical tables. Automation is not necessary for PDF-free lookup.,reclvse-beasts,PROCEDURE; CONTEXT_LINK,Monster
reclvse-wildlife,RECLVSE,76,76,Wildlife construction,Wildlife construction,Procedure,PARTIAL,P2,3,4,12,Reference Desk → oracle:reclvse.wildlifeType / oracle:reclvse.wildlifeSize,indirect: Wildlife construction,no,yes,"HP ranges are available, but the source’s ordinary/large-predator damage guidance and typical armor are not attached to the wildlife reference.",Add a concise optional sequence/reference group using these canonical tables. Automation is not necessary for PDF-free lookup.,reclvse-wildlife,PROCEDURE; CONTEXT_LINK,Monster
reclvse-quick-room,RECLVSE,90,90,Quick Room Generator,Quick Room Generator,Procedure,PRESENT_BUT_INDIRECT,P2,3,2,6,Reference Desk → oracle:reclvse.quickSizeShape / oracle:reclvse.quickAtmosphere / oracle:reclvse.quickDressing / oracle:reclvse.quickContents / oracle:reclvse.quickExits,indirect: Quick Room Generator,no,yes,"All five tables exist and the twice-on-size/shape caveat is preserved in SOURCE, but there is no grouped ordered procedure reference.",Add a concise optional sequence/reference group using these canonical tables. Automation is not necessary for PDF-free lookup.,reclvse-quick-room,PROCEDURE; CONTEXT_LINK,Dungeon
reclvse-full-room,RECLVSE,90; 91; 92; 93,"90, 91, 92, 93",Full Room Generation Procedure,Full Room Generation Procedure,Procedure,PARTIAL,P2,3,4,12,Reference Desk → oracle:reclvse.roomSize / oracle:reclvse.roomShape / oracle:reclvse.roomPurpose / oracle:reclvse.architecture / oracle:reclvse.light / oracle:reclvse.air / oracle:reclvse.dressing / oracle:reclvse.sounds / oracle:reclvse.smells / oracle:reclvse.contentsCategory / oracle:reclvse.exitsNumber / oracle:reclvse.exitType,indirect: Full Room Generation Procedure,no,yes,"All component tables exist, but the ordered sequence, optional extent, content selection and paired exit instruction are not available as one reference.",Add a concise optional sequence/reference group using these canonical tables. Automation is not necessary for PDF-free lookup.,reclvse-full-room,PROCEDURE; CONTEXT_LINK,Dungeon
reclvse-quick-street,RECLVSE,98,98,Quick Street Generator,Quick Street Generator,Procedure,PRESENT_BUT_INDIRECT,P2,3,2,6,Reference Desk → oracle:reclvse.street_quick_type / oracle:reclvse.street_quick_atmosphere / oracle:reclvse.street_quick_feature / oracle:reclvse.street_quick_content / oracle:reclvse.street_quick_exits,indirect: Quick Street Generator,no,yes,"The source’s five-roll instruction is in each table’s SOURCE note, but the five sibling tables are not exposed as one quick use reference.",Add a concise optional sequence/reference group using these canonical tables. Automation is not necessary for PDF-free lookup.,reclvse-quick-street,PROCEDURE; CONTEXT_LINK,City
reclvse-full-street,RECLVSE,98; 99; 100; 101,"98, 99, 100, 101",Full Street Generation Procedure,Full Street Generation Procedure,Procedure,PARTIAL,P2,3,4,12,Reference Desk → oracle:reclvse.street_size / oracle:reclvse.street_shape / oracle:reclvse.street_quality_condition / oracle:reclvse.street_surface / oracle:reclvse.street_activity / oracle:reclvse.street_buildings_lots,indirect: Full Street Generation Procedure,no,yes,"The fourteen-step order and selective-use guidance are absent from a single usable reference, despite the component tables being present.",Add a concise optional sequence/reference group using these canonical tables. Automation is not necessary for PDF-free lookup.,reclvse-full-street,PROCEDURE; CONTEXT_LINK,City
reclvse-weather-detail,RECLVSE,107; 108,"107, 108",Weather detail and exceptional weather branch,Weather detail and exceptional weather branch,Procedure,PARTIAL,P2,3,4,12,Reference Desk → oracle:reclvse.precipitation / oracle:reclvse.temperature / oracle:reclvse.wind / oracle:reclvse.visibility / oracle:reclvse.unnatural_weather,indirect: Weather detail and exceptional weather branch,no,yes,The 1–3-table guidance and roll-20 → Unnatural Weather optional trigger are not attached to the current weather references.,Add a concise optional sequence/reference group using these canonical tables. Automation is not necessary for PDF-free lookup.,reclvse-weather-detail,PROCEDURE; CONTEXT_LINK,Travel
reclvse-adventure-calls,RECLVSE,138,138,Adventure Calls — four separate d20 rolls,Adventure Calls — four separate d20 rolls,Procedure,PRESENT_BUT_INDIRECT,P2,3,2,6,Reference Desk → oracle:reclvse.adventureCalls.spark / oracle:reclvse.adventureCalls.destination / oracle:reclvse.adventureCalls.danger / oracle:reclvse.adventureCalls.twist,indirect: Adventure Calls — four separate d20 rolls,no,yes,"The four-roll procedure is retained in each table’s SOURCE note, but the four tables are not grouped for immediate use.",Add a concise optional sequence/reference group using these canonical tables. Automation is not necessary for PDF-free lookup.,reclvse-adventure-calls,PROCEDURE; CONTEXT_LINK,Solo
sd-front,Sölitary Defilement,1; 2; 3; 6; 10; 16; 18; 24; 39; 40,Mixed / see page ledger,"Front matter, section dividers, art credits and back cover","Front matter, section dividers, art credits and back cover",Long-form,PDF_APPROPRIATE,—,—,—,—,Supplied PDF,"n/a: Front matter, section dividers, art credits and back cover",n/a,n/a,"Full prose, worked-play narration, layout-dependent map or printable worksheet is appropriately left in the PDF. Extractable mechanics on these pages are separately enumerated.",None.,sd-front,PDF_APPROPRIATE,Solo
sd-advice,Sölitary Defilement,4; 11; 19; 20; 21; 22; 23; 25; 26; 27; 28; 29; 30; 31; 32; 33; 34; 35; 36; 37; 38,Mixed / see page ledger,"Solo-play advice, no-FER alternatives and worked example","Solo-play advice, no-FER alternatives and worked example",Long-form,PDF_APPROPRIATE,—,—,—,—,Supplied PDF,"n/a: Solo-play advice, no-FER alternatives and worked example",n/a,n/a,"Full prose, worked-play narration, layout-dependent map or printable worksheet is appropriately left in the PDF. Extractable mechanics on these pages are separately enumerated.",None.,sd-advice,PDF_APPROPRIATE,Solo
sd-worksheets,Sölitary Defilement,22; 23,Mixed / see page ledger,Worksheet and record-keeping guidance,Worksheet and record-keeping guidance,Long-form,PDF_APPROPRIATE,—,—,—,—,Supplied PDF,n/a: Worksheet and record-keeping guidance,n/a,n/a,"Full prose, worked-play narration, layout-dependent map or printable worksheet is appropriately left in the PDF. Extractable mechanics on these pages are separately enumerated.",None.,sd-worksheets,PDF_APPROPRIATE,Solo
depths-front,Sölitary Depths,1; 2; 3; 4; 8; 22; 36,Mixed / see page ledger,"Front matter, illustration and blank pages","Front matter, illustration and blank pages",Long-form,PDF_APPROPRIATE,—,—,—,—,Supplied PDF,"n/a: Front matter, illustration and blank pages",n/a,n/a,"Full prose, worked-play narration, layout-dependent map or printable worksheet is appropriately left in the PDF. Extractable mechanics on these pages are separately enumerated.",None.,depths-front,PDF_APPROPRIATE,Solo
depths-example,Sölitary Depths,6; 7; 16; 17; 18; 19; 20; 21,Mixed / see page ledger,Worked Orakle / rare-creature examples,Worked Orakle / rare-creature examples,Long-form,PDF_APPROPRIATE,—,—,—,—,Supplied PDF,n/a: Worked Orakle / rare-creature examples,n/a,n/a,"Full prose, worked-play narration, layout-dependent map or printable worksheet is appropriately left in the PDF. Extractable mechanics on these pages are separately enumerated.",None.,depths-example,PDF_APPROPRIATE,Solo
depths-custom,Sölitary Depths,34; 35,Mixed / see page ledger,Custom-region advice and regional worksheet,Custom-region advice and regional worksheet,Long-form,PDF_APPROPRIATE,—,—,—,—,Supplied PDF,n/a: Custom-region advice and regional worksheet,n/a,n/a,"Full prose, worked-play narration, layout-dependent map or printable worksheet is appropriately left in the PDF. Extractable mechanics on these pages are separately enumerated.",None.,depths-custom,PDF_APPROPRIATE,Solo
aitc-front,Alöne in the Crowd,1; 2; 3; 4; 23; 24,Mixed / see page ledger,"Cover, contents, introduction, art credits and back cover","Cover, contents, introduction, art credits and back cover",Long-form,PDF_APPROPRIATE,—,—,—,—,Supplied PDF,"n/a: Cover, contents, introduction, art credits and back cover",n/a,n/a,"Full prose, worked-play narration, layout-dependent map or printable worksheet is appropriately left in the PDF. Extractable mechanics on these pages are separately enumerated.",None.,aitc-front,PDF_APPROPRIATE,Solo
aitc-worked,Alöne in the Crowd,18; 19; 20; 21,Mixed / see page ledger,Belsum worked city example,Belsum worked city example,Long-form,PDF_APPROPRIATE,—,—,—,—,Supplied PDF,n/a: Belsum worked city example,n/a,n/a,"Full prose, worked-play narration, layout-dependent map or printable worksheet is appropriately left in the PDF. Extractable mechanics on these pages are separately enumerated.",None.,aitc-worked,PDF_APPROPRIATE,Solo
aitc-scenario,Alöne in the Crowd,21; 22,Mixed / see page ledger,Svamp adventure narrative and map context,Svamp adventure narrative and map context,Long-form,PDF_APPROPRIATE,—,—,—,—,Supplied PDF,n/a: Svamp adventure narrative and map context,n/a,n/a,"Full prose, worked-play narration, layout-dependent map or printable worksheet is appropriately left in the PDF. Extractable mechanics on these pages are separately enumerated.",None.,aitc-scenario,PDF_APPROPRIATE,Solo
reclvse-front,RECLVSE,1; 2; 3; 4; 5; 6; 7; 8; 15; 16; 19; 21; 23; 25; 27; 29; 33; 44; 47; 48; 54; 61; 62; 66; 70; 74; 78; 83; 84; 137,Mixed / see page ledger,"Credits, introduction, illustration, map, blank pages and appendix","Credits, introduction, illustration, map, blank pages and appendix",Long-form,PDF_APPROPRIATE,—,—,—,—,Supplied PDF,"n/a: Credits, introduction, illustration, map, blank pages and appendix",n/a,n/a,"Full prose, worked-play narration, layout-dependent map or printable worksheet is appropriately left in the PDF. Extractable mechanics on these pages are separately enumerated.",None.,reclvse-front,PDF_APPROPRIATE,Solo
reclvse-advice,RECLVSE,13; 14; 17; 45; 46; 49; 50; 52; 53; 55; 58; 59; 63; 64; 67; 71; 77; 79; 80; 81; 82; 85; 86; 88; 94; 96; 98; 102; 104; 107; 109; 112; 114; 116; 119; 124; 130; 134,Mixed / see page ledger,Long-form framing and interpretation guidance,Long-form framing and interpretation guidance,Long-form,PDF_APPROPRIATE,—,—,—,—,Supplied PDF,n/a: Long-form framing and interpretation guidance,n/a,n/a,"Full prose, worked-play narration, layout-dependent map or printable worksheet is appropriately left in the PDF. Extractable mechanics on these pages are separately enumerated.",None.,reclvse-advice,PDF_APPROPRIATE,Solo
mythic-fate-chart,Mythic Game Master Emulator Second Edition,18; 19; 20; 21; 24; 25,"17, 18, 19, 20, 23, 24","Fate Questions: odds, Fate Chart and four answers","Fate Questions: odds, Fate Chart and four answers",Procedure,RESOLVED,—,—,—,—,Global MYTHIC FATE > Yes / No > Odds / CF > ROLL FATE,yes: Fate Chart,partial,indirect,"Full numeric outcome is usable from the global panel, including manual dice. Desk search finds a reminder without a direct panel action; this extra routing inconvenience is recorded in SEARCH-AUDIT, not counted as a second missing rule.",None.,mythic-fate-chart,,Solo
mythic-fate-check,Mythic Game Master Emulator Second Edition,26; 27,"25, 26","Fate Check alternative: 2d10, modifiers and exceptional bands","Fate Check alternative: 2d10, modifiers and exceptional bands",Procedure,RESOLVED,—,—,—,—,Global MYTHIC FATE > method Fate Check > ROLL FATE,yes: Fate Check,partial,indirect,Global panel offers full alternative resolution and manual dice even though universal search has no Fate Check entry.,None.,mythic-fate-check,,Solo
mythic-chaos,Mythic Game Master Emulator Second Edition,22; 115,"21, 114","Chaos Factor: start, bounds and scene-end adjustment","Chaos Factor: start, bounds and scene-end adjustment",Procedure,RESOLVED,—,—,—,—,Global MYTHIC FATE > Chaos Factor,yes: Chaos Factor,partial,n/a,Usable source content through the stated current route.,None.,mythic-chaos,,Solo
mythic-event-trigger,Mythic Game Master Emulator Second Edition,26; 36; 73,"25, 35, 72",Random Event triggers from doubles and Interrupt Scene,Random Event triggers from doubles and Interrupt Scene,Procedure,RESOLVED,—,—,—,—,MYTHIC FATE result > 사건 단서 굴리기,yes: random event,partial,n/a,Usable source content through the stated current route.,None.,mythic-event-trigger,,Solo
mythic-event-focus,Mythic Game Master Emulator Second Edition,37; 38; 39; 40; 41; 42; 43,"36, 37, 38, 39, 40, 41, 42",Random Event Focus: twelve outcomes and referent selection,Random Event Focus: twelve outcomes and referent selection,Table,PARTIAL,P2,3,3,9,Desk > oracle:mythic2.random-event-focus-table; MYTHIC FATE event,indirect: Random Event Focus Table,partial,yes,Focus labels and Meaning rolls are present. NPC/Thread results do not explain which notebook list to consult; empty-list and selection rules are not available. Search random event also puts the prepared-adventure variant first.,Add a concise focus interpretation/list-selection reminder alongside this existing table; preserve notebook ownership.,mythic-event-focus,QUICK_RULE; RESULT_LINK; SEARCH_RANKING,Solo
mythic-choose-focus,Mythic Game Master Emulator Second Edition,43; 44,"42, 43",Choosing Event Focus instead of rolling; optional once-per-five-Scenes allowance,Choosing Event Focus instead of rolling; optional once-per-five-Scenes allowance,Aid,MISSING,P3,1,2,2,No dedicated reference,no: Choosing Event Focus,partial,n/a,"The circumstance-to-focus reference and optional choice allowance are absent. Reading a visible focus row can replace a roll, but does not explain when the source permits choosing.",Add a short optional-rule reminder linked from Event Focus; no choice-tracking subsystem.,mythic-choose-focus,QUICK_RULE,Solo
mythic-lists,Mythic Game Master Emulator Second Edition,45; 46; 47,"44, 45, 46","Notebook Adventure Lists: section dice, Choose blanks and empty-list Current Context","Notebook Adventure Lists: section dice, Choose blanks and empty-list Current Context",Procedure,MISSING,P2,3,3,9,No dedicated reference,no: Adventure Lists; empty list,partial,n/a,"The event result can invoke a Thread/NPC but the 5-line section dice, blank Choose result and empty-list substitution are not explained in the app.","One notebook-compatible list-selection Quick Rule, linked from Event Focus. Do not build a digital journal.",mythic-lists,QUICK_RULE; CONTEXT_LINK,Solo
mythic-action-pair,Mythic Game Master Emulator Second Edition,47; 48; 52,"46, 47, 51",Meaning Tables: Actions pair,Meaning Tables: Actions pair,Table,RESOLVED,—,—,—,—,Desk > procedure:mythic2.action-pair,yes: Meaning Tables: Actions,partial,yes,Usable source content through the stated current route.,None.,mythic-action-pair,,Solo
mythic-description-pair,Mythic Game Master Emulator Second Edition,47; 49; 52,"46, 48, 51",Meaning Tables: Descriptions pair,Meaning Tables: Descriptions pair,Table,RESOLVED,—,—,—,—,Desk > procedure:mythic2.description-pair,yes: Meaning Tables: Descriptions,partial,yes,Usable source content through the stated current route.,None.,mythic-description-pair,,Solo
mythic-meaning-adventure-tone,Mythic Game Master Emulator Second Edition,88,87,Adventure Tone — Elements Meaning pair,Adventure Tone — Elements Meaning pair,Table,RESOLVED,—,—,—,—,Desk > oracle:mythic2.meaning.adventure-tone; procedure:mythic2.meaning.adventure-tone.pair,yes: Adventure Tone; Adventure Tone Meaning pair,partial,yes,"Complete 100-entry source table, pair procedure and inspector. Exact table heading has canonical route at rank 1; single-roll and pair actions coexist. Player interprets the words.",None.,mythic-meaning-adventure-tone,,Solo
mythic-meaning-alien-species-descriptors,Mythic Game Master Emulator Second Edition,88,87,Alien Species Descriptors — Elements Meaning pair,Alien Species Descriptors — Elements Meaning pair,Table,RESOLVED,—,—,—,—,Desk > oracle:mythic2.meaning.alien-species-descriptors; procedure:mythic2.meaning.alien-species-descriptors.pair,yes: Alien Species Descriptors; Alien Species Descriptors Meaning pair,partial,yes,"Complete 100-entry source table, pair procedure and inspector. Exact table heading has canonical route at rank 1; single-roll and pair actions coexist. Player interprets the words.",None.,mythic-meaning-alien-species-descriptors,,Solo
mythic-meaning-animal-actions,Mythic Game Master Emulator Second Edition,88,87,Animal Actions — Elements Meaning pair,Animal Actions — Elements Meaning pair,Table,RESOLVED,—,—,—,—,Desk > oracle:mythic2.meaning.animal-actions; procedure:mythic2.meaning.animal-actions.pair,yes: Animal Actions; Animal Actions Meaning pair,partial,yes,"Complete 100-entry source table, pair procedure and inspector. Exact table heading has canonical route at rank 1; single-roll and pair actions coexist. Player interprets the words.",None.,mythic-meaning-animal-actions,,Solo
mythic-meaning-army-descriptors,Mythic Game Master Emulator Second Edition,89,88,Army Descriptors — Elements Meaning pair,Army Descriptors — Elements Meaning pair,Table,RESOLVED,—,—,—,—,Desk > oracle:mythic2.meaning.army-descriptors; procedure:mythic2.meaning.army-descriptors.pair,yes: Army Descriptors; Army Descriptors Meaning pair,partial,yes,"Complete 100-entry source table, pair procedure and inspector. Exact table heading has canonical route at rank 1; single-roll and pair actions coexist. Player interprets the words.",None.,mythic-meaning-army-descriptors,,Solo
mythic-meaning-cavern-descriptors,Mythic Game Master Emulator Second Edition,89,88,Cavern Descriptors — Elements Meaning pair,Cavern Descriptors — Elements Meaning pair,Table,RESOLVED,—,—,—,—,Desk > oracle:mythic2.meaning.cavern-descriptors; procedure:mythic2.meaning.cavern-descriptors.pair,yes: Cavern Descriptors; Cavern Descriptors Meaning pair,partial,yes,"Complete 100-entry source table, pair procedure and inspector. Exact table heading has canonical route at rank 1; single-roll and pair actions coexist. Player interprets the words.",None.,mythic-meaning-cavern-descriptors,,Solo
mythic-meaning-characters,Mythic Game Master Emulator Second Edition,50; 89,"49, 88",Characters — Elements Meaning pair,Characters — Elements Meaning pair,Table,RESOLVED,—,—,—,—,Desk > oracle:mythic2.meaning.characters; procedure:mythic2.meaning.characters.pair,yes: Characters; Characters Meaning pair,partial,yes,"Complete 100-entry source table, pair procedure and inspector. Exact table heading has canonical route at rank 1; single-roll and pair actions coexist. Player interprets the words.",None.,mythic-meaning-characters,,Solo
mythic-meaning-character-actions-combat,Mythic Game Master Emulator Second Edition,90,89,"Character Actions, Combat — Elements Meaning pair","Character Actions, Combat — Elements Meaning pair",Table,RESOLVED,—,—,—,—,Desk > oracle:mythic2.meaning.character-actions-combat; procedure:mythic2.meaning.character-actions-combat.pair,"yes: Character Actions, Combat; Character Actions, Combat Meaning pair",partial,yes,"Complete 100-entry source table, pair procedure and inspector. Exact table heading has canonical route at rank 1; single-roll and pair actions coexist. Player interprets the words.",None.,mythic-meaning-character-actions-combat,,Solo
mythic-meaning-character-actions-general,Mythic Game Master Emulator Second Edition,90,89,"Character Actions, General — Elements Meaning pair","Character Actions, General — Elements Meaning pair",Table,RESOLVED,—,—,—,—,Desk > oracle:mythic2.meaning.character-actions-general; procedure:mythic2.meaning.character-actions-general.pair,"yes: Character Actions, General; Character Actions, General Meaning pair",partial,yes,"Complete 100-entry source table, pair procedure and inspector. Exact table heading has canonical route at rank 1; single-roll and pair actions coexist. Player interprets the words.",None.,mythic-meaning-character-actions-general,,Solo
mythic-meaning-character-appearance,Mythic Game Master Emulator Second Edition,90,89,Character Appearance — Elements Meaning pair,Character Appearance — Elements Meaning pair,Table,RESOLVED,—,—,—,—,Desk > oracle:mythic2.meaning.character-appearance; procedure:mythic2.meaning.character-appearance.pair,yes: Character Appearance; Character Appearance Meaning pair,partial,yes,"Complete 100-entry source table, pair procedure and inspector. Exact table heading has canonical route at rank 1; single-roll and pair actions coexist. Player interprets the words.",None.,mythic-meaning-character-appearance,,Solo
mythic-meaning-character-background,Mythic Game Master Emulator Second Edition,91,90,Character Background — Elements Meaning pair,Character Background — Elements Meaning pair,Table,RESOLVED,—,—,—,—,Desk > oracle:mythic2.meaning.character-background; procedure:mythic2.meaning.character-background.pair,yes: Character Background; Character Background Meaning pair,partial,yes,"Complete 100-entry source table, pair procedure and inspector. Exact table heading has canonical route at rank 1; single-roll and pair actions coexist. Player interprets the words.",None.,mythic-meaning-character-background,,Solo
mythic-meaning-character-conversations,Mythic Game Master Emulator Second Edition,91,90,Character Conversations — Elements Meaning pair,Character Conversations — Elements Meaning pair,Table,RESOLVED,—,—,—,—,Desk > oracle:mythic2.meaning.character-conversations; procedure:mythic2.meaning.character-conversations.pair,yes: Character Conversations; Character Conversations Meaning pair,partial,yes,"Complete 100-entry source table, pair procedure and inspector. Exact table heading has canonical route at rank 1; single-roll and pair actions coexist. Player interprets the words.",None.,mythic-meaning-character-conversations,,Solo
mythic-meaning-character-descriptors,Mythic Game Master Emulator Second Edition,91,90,Character Descriptors — Elements Meaning pair,Character Descriptors — Elements Meaning pair,Table,RESOLVED,—,—,—,—,Desk > oracle:mythic2.meaning.character-descriptors; procedure:mythic2.meaning.character-descriptors.pair,yes: Character Descriptors; Character Descriptors Meaning pair,partial,yes,"Complete 100-entry source table, pair procedure and inspector. Exact table heading has canonical route at rank 1; single-roll and pair actions coexist. Player interprets the words.",None.,mythic-meaning-character-descriptors,,Solo
mythic-meaning-character-identity,Mythic Game Master Emulator Second Edition,92,91,Character Identity — Elements Meaning pair,Character Identity — Elements Meaning pair,Table,RESOLVED,—,—,—,—,Desk > oracle:mythic2.meaning.character-identity; procedure:mythic2.meaning.character-identity.pair,yes: Character Identity; Character Identity Meaning pair,partial,yes,"Complete 100-entry source table, pair procedure and inspector. Exact table heading has canonical route at rank 1; single-roll and pair actions coexist. Player interprets the words.",None.,mythic-meaning-character-identity,,Solo
mythic-meaning-character-motivations,Mythic Game Master Emulator Second Edition,92,91,Character Motivations — Elements Meaning pair,Character Motivations — Elements Meaning pair,Table,RESOLVED,—,—,—,—,Desk > oracle:mythic2.meaning.character-motivations; procedure:mythic2.meaning.character-motivations.pair,yes: Character Motivations; Character Motivations Meaning pair,partial,yes,"Complete 100-entry source table, pair procedure and inspector. Exact table heading has canonical route at rank 1; single-roll and pair actions coexist. Player interprets the words.",None.,mythic-meaning-character-motivations,,Solo
mythic-meaning-character-personality,Mythic Game Master Emulator Second Edition,92,91,Character Personality — Elements Meaning pair,Character Personality — Elements Meaning pair,Table,RESOLVED,—,—,—,—,Desk > oracle:mythic2.meaning.character-personality; procedure:mythic2.meaning.character-personality.pair,yes: Character Personality; Character Personality Meaning pair,partial,yes,"Complete 100-entry source table, pair procedure and inspector. Exact table heading has canonical route at rank 1; single-roll and pair actions coexist. Player interprets the words.",None.,mythic-meaning-character-personality,,Solo
mythic-meaning-character-skills,Mythic Game Master Emulator Second Edition,93,92,Character Skills — Elements Meaning pair,Character Skills — Elements Meaning pair,Table,RESOLVED,—,—,—,—,Desk > oracle:mythic2.meaning.character-skills; procedure:mythic2.meaning.character-skills.pair,yes: Character Skills; Character Skills Meaning pair,partial,yes,"Complete 100-entry source table, pair procedure and inspector. Exact table heading has canonical route at rank 1; single-roll and pair actions coexist. Player interprets the words.",None.,mythic-meaning-character-skills,,Solo
mythic-meaning-character-traits-flaws,Mythic Game Master Emulator Second Edition,93,92,Character Traits & Flaws — Elements Meaning pair,Character Traits & Flaws — Elements Meaning pair,Table,RESOLVED,—,—,—,—,Desk > oracle:mythic2.meaning.character-traits-flaws; procedure:mythic2.meaning.character-traits-flaws.pair,yes: Character Traits & Flaws; Character Traits & Flaws Meaning pair,partial,yes,"Complete 100-entry source table, pair procedure and inspector. Exact table heading has canonical route at rank 1; single-roll and pair actions coexist. Player interprets the words.",None.,mythic-meaning-character-traits-flaws,,Solo
mythic-meaning-city-descriptors,Mythic Game Master Emulator Second Edition,93,92,City Descriptors — Elements Meaning pair,City Descriptors — Elements Meaning pair,Table,RESOLVED,—,—,—,—,Desk > oracle:mythic2.meaning.city-descriptors; procedure:mythic2.meaning.city-descriptors.pair,yes: City Descriptors; City Descriptors Meaning pair,partial,yes,"Complete 100-entry source table, pair procedure and inspector. Exact table heading has canonical route at rank 1; single-roll and pair actions coexist. Player interprets the words.",None.,mythic-meaning-city-descriptors,,Solo
mythic-meaning-civilization-descriptors,Mythic Game Master Emulator Second Edition,94,93,Civilization Descriptors — Elements Meaning pair,Civilization Descriptors — Elements Meaning pair,Table,RESOLVED,—,—,—,—,Desk > oracle:mythic2.meaning.civilization-descriptors; procedure:mythic2.meaning.civilization-descriptors.pair,yes: Civilization Descriptors; Civilization Descriptors Meaning pair,partial,yes,"Complete 100-entry source table, pair procedure and inspector. Exact table heading has canonical route at rank 1; single-roll and pair actions coexist. Player interprets the words.",None.,mythic-meaning-civilization-descriptors,,Solo
mythic-meaning-creature-abilities,Mythic Game Master Emulator Second Edition,94,93,Creature Abilities — Elements Meaning pair,Creature Abilities — Elements Meaning pair,Table,RESOLVED,—,—,—,—,Desk > oracle:mythic2.meaning.creature-abilities; procedure:mythic2.meaning.creature-abilities.pair,yes: Creature Abilities; Creature Abilities Meaning pair,partial,yes,"Complete 100-entry source table, pair procedure and inspector. Exact table heading has canonical route at rank 1; single-roll and pair actions coexist. Player interprets the words.",None.,mythic-meaning-creature-abilities,,Solo
mythic-meaning-creature-descriptors,Mythic Game Master Emulator Second Edition,94,93,Creature Descriptors — Elements Meaning pair,Creature Descriptors — Elements Meaning pair,Table,RESOLVED,—,—,—,—,Desk > oracle:mythic2.meaning.creature-descriptors; procedure:mythic2.meaning.creature-descriptors.pair,yes: Creature Descriptors; Creature Descriptors Meaning pair,partial,yes,"Complete 100-entry source table, pair procedure and inspector. Exact table heading has canonical route at rank 1; single-roll and pair actions coexist. Player interprets the words.",None.,mythic-meaning-creature-descriptors,,Solo
mythic-meaning-cryptic-message,Mythic Game Master Emulator Second Edition,95,94,Cryptic Message — Elements Meaning pair,Cryptic Message — Elements Meaning pair,Table,RESOLVED,—,—,—,—,Desk > oracle:mythic2.meaning.cryptic-message; procedure:mythic2.meaning.cryptic-message.pair,yes: Cryptic Message; Cryptic Message Meaning pair,partial,yes,"Complete 100-entry source table, pair procedure and inspector. Exact table heading has canonical route at rank 1; single-roll and pair actions coexist. Player interprets the words.",None.,mythic-meaning-cryptic-message,,Solo
mythic-meaning-curses,Mythic Game Master Emulator Second Edition,95,94,Curses — Elements Meaning pair,Curses — Elements Meaning pair,Table,RESOLVED,—,—,—,—,Desk > oracle:mythic2.meaning.curses; procedure:mythic2.meaning.curses.pair,yes: Curses; Curses Meaning pair,partial,yes,"Complete 100-entry source table, pair procedure and inspector. Exact table heading has canonical route at rank 1; single-roll and pair actions coexist. Player interprets the words.",None.,mythic-meaning-curses,,Solo
mythic-meaning-domicile-descriptors,Mythic Game Master Emulator Second Edition,95,94,Domicile Descriptors — Elements Meaning pair,Domicile Descriptors — Elements Meaning pair,Table,RESOLVED,—,—,—,—,Desk > oracle:mythic2.meaning.domicile-descriptors; procedure:mythic2.meaning.domicile-descriptors.pair,yes: Domicile Descriptors; Domicile Descriptors Meaning pair,partial,yes,"Complete 100-entry source table, pair procedure and inspector. Exact table heading has canonical route at rank 1; single-roll and pair actions coexist. Player interprets the words.",None.,mythic-meaning-domicile-descriptors,,Solo
mythic-meaning-dungeon-descriptors,Mythic Game Master Emulator Second Edition,96,95,Dungeon Descriptors — Elements Meaning pair,Dungeon Descriptors — Elements Meaning pair,Table,RESOLVED,—,—,—,—,Desk > oracle:mythic2.meaning.dungeon-descriptors; procedure:mythic2.meaning.dungeon-descriptors.pair,yes: Dungeon Descriptors; Dungeon Descriptors Meaning pair,partial,yes,"Complete 100-entry source table, pair procedure and inspector. Exact table heading has canonical route at rank 1; single-roll and pair actions coexist. Player interprets the words.",None.,mythic-meaning-dungeon-descriptors,,Solo
mythic-meaning-dungeon-traps,Mythic Game Master Emulator Second Edition,96,95,Dungeon Traps — Elements Meaning pair,Dungeon Traps — Elements Meaning pair,Table,RESOLVED,—,—,—,—,Desk > oracle:mythic2.meaning.dungeon-traps; procedure:mythic2.meaning.dungeon-traps.pair,yes: Dungeon Traps; Dungeon Traps Meaning pair,partial,yes,"Complete 100-entry source table, pair procedure and inspector. Exact table heading has canonical route at rank 1; single-roll and pair actions coexist. Player interprets the words.",None.,mythic-meaning-dungeon-traps,,Solo
mythic-meaning-forest-descriptors,Mythic Game Master Emulator Second Edition,96,95,Forest Descriptors — Elements Meaning pair,Forest Descriptors — Elements Meaning pair,Table,RESOLVED,—,—,—,—,Desk > oracle:mythic2.meaning.forest-descriptors; procedure:mythic2.meaning.forest-descriptors.pair,yes: Forest Descriptors; Forest Descriptors Meaning pair,partial,yes,"Complete 100-entry source table, pair procedure and inspector. Exact table heading has canonical route at rank 1; single-roll and pair actions coexist. Player interprets the words.",None.,mythic-meaning-forest-descriptors,,Solo
mythic-meaning-gods,Mythic Game Master Emulator Second Edition,97,96,Gods — Elements Meaning pair,Gods — Elements Meaning pair,Table,RESOLVED,—,—,—,—,Desk > oracle:mythic2.meaning.gods; procedure:mythic2.meaning.gods.pair,yes: Gods; Gods Meaning pair,partial,yes,"Complete 100-entry source table, pair procedure and inspector. Exact table heading has canonical route at rank 1; single-roll and pair actions coexist. Player interprets the words.",None.,mythic-meaning-gods,,Solo
mythic-meaning-legends,Mythic Game Master Emulator Second Edition,97,96,Legends — Elements Meaning pair,Legends — Elements Meaning pair,Table,RESOLVED,—,—,—,—,Desk > oracle:mythic2.meaning.legends; procedure:mythic2.meaning.legends.pair,yes: Legends; Legends Meaning pair,partial,yes,"Complete 100-entry source table, pair procedure and inspector. Exact table heading has canonical route at rank 1; single-roll and pair actions coexist. Player interprets the words.",None.,mythic-meaning-legends,,Solo
mythic-meaning-locations,Mythic Game Master Emulator Second Edition,50; 97,"49, 96",Locations — Elements Meaning pair,Locations — Elements Meaning pair,Table,RESOLVED,—,—,—,—,Desk > oracle:mythic2.meaning.locations; procedure:mythic2.meaning.locations.pair,yes: Locations; Locations Meaning pair,partial,yes,"Complete 100-entry source table, pair procedure and inspector. Exact table heading has canonical route at rank 1; single-roll and pair actions coexist. Player interprets the words.",None.,mythic-meaning-locations,,Solo
mythic-meaning-magic-item-descriptors,Mythic Game Master Emulator Second Edition,98,97,Magic Item Descriptors — Elements Meaning pair,Magic Item Descriptors — Elements Meaning pair,Table,RESOLVED,—,—,—,—,Desk > oracle:mythic2.meaning.magic-item-descriptors; procedure:mythic2.meaning.magic-item-descriptors.pair,yes: Magic Item Descriptors; Magic Item Descriptors Meaning pair,partial,yes,"Complete 100-entry source table, pair procedure and inspector. Exact table heading has canonical route at rank 1; single-roll and pair actions coexist. Player interprets the words.",None.,mythic-meaning-magic-item-descriptors,,Solo
mythic-meaning-mutation-descriptors,Mythic Game Master Emulator Second Edition,98,97,Mutation Descriptors — Elements Meaning pair,Mutation Descriptors — Elements Meaning pair,Table,RESOLVED,—,—,—,—,Desk > oracle:mythic2.meaning.mutation-descriptors; procedure:mythic2.meaning.mutation-descriptors.pair,yes: Mutation Descriptors; Mutation Descriptors Meaning pair,partial,yes,"Complete 100-entry source table, pair procedure and inspector. Exact table heading has canonical route at rank 1; single-roll and pair actions coexist. Player interprets the words.",None.,mythic-meaning-mutation-descriptors,,Solo
mythic-meaning-names,Mythic Game Master Emulator Second Edition,98,97,Names — Elements Meaning pair,Names — Elements Meaning pair,Table,RESOLVED,—,—,—,—,Desk > oracle:mythic2.meaning.names; procedure:mythic2.meaning.names.pair,yes: Names; Names Meaning pair,partial,yes,"Complete 100-entry source table, pair procedure and inspector. Exact table heading has canonical route at rank 2; single-roll and pair actions coexist. Player interprets the words.",None.,mythic-meaning-names,,Solo
mythic-meaning-noble-house,Mythic Game Master Emulator Second Edition,99,98,Noble House — Elements Meaning pair,Noble House — Elements Meaning pair,Table,RESOLVED,—,—,—,—,Desk > oracle:mythic2.meaning.noble-house; procedure:mythic2.meaning.noble-house.pair,yes: Noble House; Noble House Meaning pair,partial,yes,"Complete 100-entry source table, pair procedure and inspector. Exact table heading has canonical route at rank 1; single-roll and pair actions coexist. Player interprets the words.",None.,mythic-meaning-noble-house,,Solo
mythic-meaning-objects,Mythic Game Master Emulator Second Edition,50; 99,"49, 98",Objects — Elements Meaning pair,Objects — Elements Meaning pair,Table,RESOLVED,—,—,—,—,Desk > oracle:mythic2.meaning.objects; procedure:mythic2.meaning.objects.pair,yes: Objects; Objects Meaning pair,partial,yes,"Complete 100-entry source table, pair procedure and inspector. Exact table heading has canonical route at rank 1; single-roll and pair actions coexist. Player interprets the words.",None.,mythic-meaning-objects,,Solo
mythic-meaning-plot-twists,Mythic Game Master Emulator Second Edition,99,98,Plot Twists — Elements Meaning pair,Plot Twists — Elements Meaning pair,Table,RESOLVED,—,—,—,—,Desk > oracle:mythic2.meaning.plot-twists; procedure:mythic2.meaning.plot-twists.pair,yes: Plot Twists; Plot Twists Meaning pair,partial,yes,"Complete 100-entry source table, pair procedure and inspector. Exact table heading has canonical route at rank 1; single-roll and pair actions coexist. Player interprets the words.",None.,mythic-meaning-plot-twists,,Solo
mythic-meaning-powers,Mythic Game Master Emulator Second Edition,100,99,Powers — Elements Meaning pair,Powers — Elements Meaning pair,Table,RESOLVED,—,—,—,—,Desk > oracle:mythic2.meaning.powers; procedure:mythic2.meaning.powers.pair,yes: Powers; Powers Meaning pair,partial,yes,"Complete 100-entry source table, pair procedure and inspector. Exact table heading has canonical route at rank 1; single-roll and pair actions coexist. Player interprets the words.",None.,mythic-meaning-powers,,Solo
mythic-meaning-scavenging-results,Mythic Game Master Emulator Second Edition,100,99,Scavenging Results — Elements Meaning pair,Scavenging Results — Elements Meaning pair,Table,RESOLVED,—,—,—,—,Desk > oracle:mythic2.meaning.scavenging-results; procedure:mythic2.meaning.scavenging-results.pair,yes: Scavenging Results; Scavenging Results Meaning pair,partial,yes,"Complete 100-entry source table, pair procedure and inspector. Exact table heading has canonical route at rank 1; single-roll and pair actions coexist. Player interprets the words.",None.,mythic-meaning-scavenging-results,,Solo
mythic-meaning-smells,Mythic Game Master Emulator Second Edition,100,99,Smells — Elements Meaning pair,Smells — Elements Meaning pair,Table,RESOLVED,—,—,—,—,Desk > oracle:mythic2.meaning.smells; procedure:mythic2.meaning.smells.pair,yes: Smells; Smells Meaning pair,partial,yes,"Complete 100-entry source table, pair procedure and inspector. Exact table heading has canonical route at rank 1; single-roll and pair actions coexist. Player interprets the words.",None.,mythic-meaning-smells,,Solo
mythic-meaning-sounds,Mythic Game Master Emulator Second Edition,101,100,Sounds — Elements Meaning pair,Sounds — Elements Meaning pair,Table,RESOLVED,—,—,—,—,Desk > oracle:mythic2.meaning.sounds; procedure:mythic2.meaning.sounds.pair,yes: Sounds; Sounds Meaning pair,partial,yes,"Complete 100-entry source table, pair procedure and inspector. Exact table heading has canonical route at rank 1; single-roll and pair actions coexist. Player interprets the words.",None.,mythic-meaning-sounds,,Solo
mythic-meaning-spell-effects,Mythic Game Master Emulator Second Edition,101,100,Spell Effects — Elements Meaning pair,Spell Effects — Elements Meaning pair,Table,RESOLVED,—,—,—,—,Desk > oracle:mythic2.meaning.spell-effects; procedure:mythic2.meaning.spell-effects.pair,yes: Spell Effects; Spell Effects Meaning pair,partial,yes,"Complete 100-entry source table, pair procedure and inspector. Exact table heading has canonical route at rank 1; single-roll and pair actions coexist. Player interprets the words.",None.,mythic-meaning-spell-effects,,Solo
mythic-meaning-starship-descriptors,Mythic Game Master Emulator Second Edition,101,100,Starship Descriptors — Elements Meaning pair,Starship Descriptors — Elements Meaning pair,Table,RESOLVED,—,—,—,—,Desk > oracle:mythic2.meaning.starship-descriptors; procedure:mythic2.meaning.starship-descriptors.pair,yes: Starship Descriptors; Starship Descriptors Meaning pair,partial,yes,"Complete 100-entry source table, pair procedure and inspector. Exact table heading has canonical route at rank 1; single-roll and pair actions coexist. Player interprets the words.",None.,mythic-meaning-starship-descriptors,,Solo
mythic-meaning-terrain-descriptors,Mythic Game Master Emulator Second Edition,102,101,Terrain Descriptors — Elements Meaning pair,Terrain Descriptors — Elements Meaning pair,Table,RESOLVED,—,—,—,—,Desk > oracle:mythic2.meaning.terrain-descriptors; procedure:mythic2.meaning.terrain-descriptors.pair,yes: Terrain Descriptors; Terrain Descriptors Meaning pair,partial,yes,"Complete 100-entry source table, pair procedure and inspector. Exact table heading has canonical route at rank 1; single-roll and pair actions coexist. Player interprets the words.",None.,mythic-meaning-terrain-descriptors,,Solo
mythic-meaning-undead-descriptors,Mythic Game Master Emulator Second Edition,102,101,Undead Descriptors — Elements Meaning pair,Undead Descriptors — Elements Meaning pair,Table,RESOLVED,—,—,—,—,Desk > oracle:mythic2.meaning.undead-descriptors; procedure:mythic2.meaning.undead-descriptors.pair,yes: Undead Descriptors; Undead Descriptors Meaning pair,partial,yes,"Complete 100-entry source table, pair procedure and inspector. Exact table heading has canonical route at rank 1; single-roll and pair actions coexist. Player interprets the words.",None.,mythic-meaning-undead-descriptors,,Solo
mythic-meaning-visions-dreams,Mythic Game Master Emulator Second Edition,102,101,Visions & Dreams — Elements Meaning pair,Visions & Dreams — Elements Meaning pair,Table,RESOLVED,—,—,—,—,Desk > oracle:mythic2.meaning.visions-dreams; procedure:mythic2.meaning.visions-dreams.pair,yes: Visions & Dreams; Visions & Dreams Meaning pair,partial,yes,"Complete 100-entry source table, pair procedure and inspector. Exact table heading has canonical route at rank 1; single-roll and pair actions coexist. Player interprets the words.",None.,mythic-meaning-visions-dreams,,Solo
mythic-meaning-interpretation,Mythic Game Master Emulator Second Edition,51; 52; 53; 54; 55; 85; 86; 87; 103; 104; 105; 106; 107,"50, 51, 52, 53, 54, 84, 85, 86, 102, 103, 104, 105, 106",Choosing Meaning / doubling identical words / mining for meaning / I Dunno,Choosing Meaning / doubling identical words / mining for meaning / I Dunno,Long-form,PDF_APPROPRIATE,—,—,—,—,No dedicated reference,n/a: ,n/a,n/a,"Interpretation advice, worked illustrations and flexible use of fragments. Existing tables supply the prompts; narration remains the player’s task.",Keep the original explanation in the PDF; an optional reading link is sufficient.,mythic-meaning-interpretation,PDF_APPROPRIATE,Solo
mythic-first-scene,Mythic Game Master Emulator Second Edition,64; 65; 66; 67,"63, 64, 65, 66","First Scene: inspired idea, random event, Meaning and 4W alternatives","First Scene: inspired idea, random event, Meaning and 4W alternatives",Procedure,PARTIAL,P2,2,3,6,Desk > procedure:mythic2.the-4w,indirect: The 4W,partial,n/a,"The 4W procedure works, but its presence does not explain the alternative first-scene methods or that the first scene is not tested against Chaos.",Add a short first-scene reminder to the existing 4W/scene references; retain optional strategies and player interpretation.,mythic-first-scene,QUICK_RULE,Solo
mythic-scene-test,Mythic Game Master Emulator Second Edition,68,67,Testing the Expected Scene,Testing the Expected Scene,Procedure,RESOLVED,—,—,—,—,MYTHIC FATE > 장면 판정; Desk > rule:mythic2.scene-test,yes: Altered Scene; Interrupt Scene,partial,n/a,Usable source content through the stated current route.,None.,mythic-scene-test,,Solo
mythic-altered-followthrough,Mythic Game Master Emulator Second Edition,68; 69; 70; 71; 72; 73,"67, 68, 69, 70, 71, 72",Altered Scene: next expectation or optional Scene Adjustment,Altered Scene: next expectation or optional Scene Adjustment,Procedure,PARTIAL,P1,3,3,9,MYTHIC FATE > Altered result; separate oracle:mythic2.scene-adjustment-table,indirect: Scene Adjustment Table,partial,yes,Scene Check reports Altered but does not explain its next-most-expected meaning or offer a direct Scene Adjustment link. The separate table has only outcome labels: 7–10 Make 2 Adjustments omits repeat/conflict handling.,Add a concise next-step reminder/link and the source’s reroll/conflict rule to the existing adjustment table.,mythic-altered-followthrough,QUICK_RULE; RESULT_LINK; PROCEDURE,Solo
mythic-interrupt,Mythic Game Master Emulator Second Edition,73; 74,"72, 73",Interrupt Scene: Random Event Focus + Meaning,Interrupt Scene: Random Event Focus + Meaning,Procedure,RESOLVED,—,—,—,—,MYTHIC FATE > Interrupt > 사건 단서 굴리기,yes: Interrupt Scene,partial,n/a,Panel provides the event-clue action. List-selection guidance is a separate missing need counted in mythic-lists.,None.,mythic-interrupt,,Solo
mythic-automatic-interrupt,Mythic Game Master Emulator Second Edition,80; 81,"79, 80",Automatic Interrupt to unstick play; optional Move Toward A Thread,Automatic Interrupt to unstick play; optional Move Toward A Thread,Procedure,MISSING,P2,2,3,6,No dedicated reference,no: Automatic Interrupt,partial,n/a,No concise reference explains bypassing the scene test or fixing Event Focus when stuck.,Add a brief optional reminder and link to existing Focus/Meaning tables.,mythic-automatic-interrupt,QUICK_RULE; RESULT_LINK,Solo
mythic-npc-behavior,Mythic Game Master Emulator Second Edition,107; 108; 109; 110; 111; 112,"106, 107, 108, 109, 110, 111",NPC Behavior Table: Yes/No/Exceptional/Random Event interpretation,NPC Behavior Table: Yes/No/Exceptional/Random Event interpretation,Rule,MISSING,P1,3,3,9,No dedicated reference,no: NPC behavior,partial,n/a,"Many NPC inspiration tables exist, but this specific outcome-to-action reminder is absent. The Random Event branch fixes Current Context and supplements the NPC action; generic event focus rolling is not the same procedure.",Index the short NPC Behavior reminder with links to the existing Character Action/Conversation tables; no behavior automation.,mythic-npc-behavior,QUICK_RULE; CONTEXT_LINK,Solo
mythic-list-bookkeeping,Mythic Game Master Emulator Second Edition,112; 113; 114,"111, 112, 113","End-of-Scene notebook list weighting, removals and full-list cleanup","End-of-Scene notebook list weighting, removals and full-list cleanup",Procedure,MISSING,P2,3,2,6,No dedicated reference,no: End of Scene; bookkeeping,partial,n/a,The maximum three entries per element and full-list consolidation rule are absent. Optional app Threads are not a reference for this paper-list procedure.,A concise notebook list-maintenance reminder with exact source; no narrative logging feature.,mythic-list-bookkeeping,QUICK_RULE,Solo
mythic-chaos-variants,Mythic Game Master Emulator Second Edition,115,114,Revert Toward the Mean / Random Chaos optional adjustments,Revert Toward the Mean / Random Chaos optional adjustments,Procedure,MISSING,P3,1,3,3,No dedicated reference,no: Random Chaos,partial,n/a,Panel states only the normal control-based adjustment. The two source alternatives are not retrievable.,A compact optional-rule disclosure in the existing Chaos reference.,mythic-chaos-variants,QUICK_RULE,Solo
mythic-fate-rpg,Mythic Game Master Emulator Second Edition,31,30,Fate Questions as replacement RPG resolution,Fate Questions as replacement RPG resolution,Rule,MISSING,P3,1,2,2,No dedicated reference,no: Fate Questions RPG,partial,n/a,"The optional CF5, normally ignore exceptional/random events rule is absent. It is not a replacement for missing MÖRK BORG combat rules in this audit.",A small optional Mythic rule reminder only if users choose this variant.,mythic-fate-rpg,QUICK_RULE,Solo
mythic-examples,Mythic Game Master Emulator Second Edition,2; 4; 8; 9; 10; 11; 12; 13; 14; 15; 16; 23; 28; 29; 30; 32; 33; 55; 56; 57; 60; 61; 62; 63; 74; 75; 76; 78; 79; 80; 81; 82; 83; 84; 103; 104; 105; 106; 111; 116; 117; 118; 119; 120; 121,"1, 3, 7, 8, 9, 10, 11, 12, 13, 14, 15, 22, 27, 28, 29, 31, 32, 54, 55, 56, 59, 60, 61, 62, 73, 74, 75, 77, 78, 79, 80, 81, 82, 83, 102, 103, 104, 105, 110, 115, 116, 117, 118, 119, 120","Introductions, interpretation, scene framing and three extended worked examples","Introductions, interpretation, scene framing and three extended worked examples",Long-form,PDF_APPROPRIATE,—,—,—,—,No dedicated reference,n/a: ,n/a,n/a,Long-form examples and contextual guidance are appropriate reading. Mechanical sidebars on these pages are assessed separately above.,Keep long-form examples in the book.,mythic-examples,PDF_APPROPRIATE,Solo
mythic-art-and-forms,Mythic Game Master Emulator Second Edition,1; 3; 5; 6; 7; 17; 34; 35; 46; 58; 59; 122; 123,"0, 2, 4, 5, 6, 16, 33, 34, 45, 57, 58, 121, 122","Cover/art, contents and printed layout aids","Cover/art, contents and printed layout aids",Aid,PDF_APPROPRIATE,—,—,—,—,No dedicated reference,n/a: ,n/a,n/a,Artwork and printable notebook sheets are intentionally book/PDF material; no need to replace the handwritten record.,None.,mythic-art-and-forms,PDF_APPROPRIATE,Solo
mythic-extra-preparation-advice,Mythic Game Master Emulator Second Edition,124; 125; 126; 127,"123, 124, 125, 126",Variations,"Solo preparation, journaling approaches and piecemeal play",Long-form,PDF_APPROPRIATE,—,—,—,—,Original supplied PDF,"n/a: Solo preparation, journaling approaches and piecemeal play",n/a,n/a,"Organizing books, theater of mind, blogs and novelization are reading advice. These pages do not justify adding campaign diaries or automatic narrative writing.",None.,mythic-preparation-advice,PDF_APPROPRIATE,Solo
mythic-extra-npc-statistics,Mythic Game Master Emulator Second Edition,128; 129; 190; 218,"127, 128, 189, 217",Variations,Determining NPC Statistics,Procedure,MISSING,P2,2,4,8,No usable application reference,no: NPC statistics; Does the NPC have a statistic value,no,n/a,"The generic Fate roller exists, but the statistic-result mapping and automatic Current Context special-condition branch are not exposed. This optional Mythic method starts with a player-chosen expected value; it is not verified MÖRK BORG creature data.",Add a concise optional rule with expected-value input interpretation and its five result branches. Never feed it into source-faithful monster presets as a missing-stat fallback.,mythic-npc-statistics,QUICK_RULE,NPC; Monster; Solo
mythic-extra-sourcebook-advice,Mythic Game Master Emulator Second Edition,129; 130; 131,"128, 129, 130",Variations,"Sourcebooks: world building, lists and inspiration",Long-form,PDF_APPROPRIATE,—,—,—,—,Original supplied PDF,"n/a: Sourcebooks: world building, lists and inspiration",n/a,n/a,"Inspirational versus practical source use, list preparation and random shelf/book selection are long-form play advice, not missing fixed MÖRK BORG data.",None.,mythic-sourcebook-advice,PDF_APPROPRIATE,Solo
mythic-extra-random-source-page,Mythic Game Master Emulator Second Edition,132,131,Variations,Books as Random Tables,Procedure,PDF_APPROPRIATE,—,—,—,—,Original supplied PDF,n/a: Books as Random Tables,n/a,n/a,This optional technique intentionally sends the player to a random page of a chosen external sourcebook. The original book/PDF is the useful destination; automating a broad private-book sampler would add scope without removing this intended reading step.,Keep this advice and its random-page technique in the PDF; do not classify its deliberate PDF reading as an escape defect.,mythic-random-source-page,PDF_APPROPRIATE,Solo
mythic-extra-thread-progress,Mythic Game Master Emulator Second Edition,133; 134; 135; 136; 191; 219,"132, 133, 134, 135, 190, 218",Variations,"Thread Progress Track: points, phases and Flashpoints",Procedure,MISSING,P2,3,4,12,No usable application reference,no: Thread Progress Track; Flashpoint,no,n/a,"The optional 10/15/20-point rules, progress versus Flashpoint distinction, five-point phase checks, one Flashpoint per phase and timing are absent. Existing generic Threads are campaign notes, not this method.","Add one compact optional rule packet, usable with the paper track. No digital progress tracker or automatic narrative is required.",mythic-thread-progress,QUICK_RULE,Solo
mythic-extra-thread-discovery-fate,Mythic Game Master Emulator Second Edition,136; 137; 191; 220,"135, 136, 190, 219",Variations,Discovery Fate Question,Procedure,MISSING,P2,3,4,12,No usable application reference,no: Discovery Fate Question; Is something discovered,no,n/a,"The minimum odds, prerequisite discovery action and four Fate-answer branches are absent. Exceptional Yes combines two Discovery checks; Exceptional No prohibits another check this Scene. An ordinary Fate answer does not expose these consequences.",Add the short conditional rule and link the canonical Thread Discovery Check table once imported.,mythic-thread-discovery-fate,QUICK_RULE; RESULT_LINK,Solo
mythic-extra-thread-discovery-table,Mythic Game Master Emulator Second Edition,137; 138; 220,"136, 137, 219",Variations,Thread Discovery Check,Table,MISSING,P2,3,5,15,No usable application reference,no: Thread Discovery Check; Strengthen Progress,no,no,"The eight ranges of d10 plus current Progress, including the open-ended final range and Progress/Flashpoint/Track/Strengthen distinctions, are absent from the registry.","Import the actual eight-range table with a user-entered Progress modifier, preserving branch meaning; link existing Meaning tables without automatic prose.",mythic-thread-discovery-table,TABLE_INDEX; TABLE_VIEW; PROCEDURE,Solo
mythic-extra-thread-conclusion,Mythic Game Master Emulator Second Edition,138; 139; 140; 141; 191,"137, 138, 139, 140, 190",Variations,Thread Plot Armor and Conclusion,Rule,MISSING,P2,2,4,8,No usable application reference,no: Thread Plot Armor; Conclusion Thread Progress,no,n/a,"The optional Focus Thread protection and removal at full progress are absent, including the delayed Conclusion exception that skips the next Expected Scene Chaos test. This is distinct from ordinary scene testing.",Add a short optional conclusion rule inside the Thread Progress packet. Preserve the player’s choice and ordinary MÖRK BORG lethality; do not enforce it globally.,mythic-thread-conclusion,QUICK_RULE; CONTEXT_LINK,Solo
mythic-extra-thread-diversify,Mythic Game Master Emulator Second Edition,141; 142,"140, 141",Variations,Diversifying Threads,Long-form,PDF_APPROPRIATE,—,—,—,—,Original supplied PDF,n/a: Diversifying Threads,n/a,n/a,"Advice to split a goal into narrower related Threads is player organization, not an additional mandatory generator or social graph.",None.,mythic-thread-diversify,PDF_APPROPRIATE,Solo
mythic-extra-player-knowledge,Mythic Game Master Emulator Second Edition,142; 143; 144; 145; 221,"141, 142, 143, 144, 220",Variations,Player versus Character Knowledge,Rule,MISSING,P3,2,3,6,No usable application reference,no: Player vs Character Knowledge; Test It Ask It,no,n/a,"The four-strategy summary is absent, including the mechanically consequential search/test-before-Fate ordering. Generic Oracle access does not explain when a hidden fact becomes established.",Add a concise optional strategy reference; retain examples and discussion in the PDF.,mythic-player-knowledge,QUICK_RULE,Solo
mythic-extra-conclusive-advice,Mythic Game Master Emulator Second Edition,146; 147,"145, 146",Variations,Conclusive Adventure Conclusions,Long-form,PDF_APPROPRIATE,—,—,—,—,Original supplied PDF,n/a: Conclusive Adventure Conclusions,n/a,n/a,"Move Toward A Thread is an application of Choosing Event Focus, already audited as mythic-choose-focus. Making the finale special is explicitly an attitude, not a new rule. No second missing procedure is counted.",None.,mythic-conclusive-advice,PDF_APPROPRIATE,Solo
mythic-extra-mid-chaos-chart,Mythic Game Master Emulator Second Edition,148; 222,"147, 221",Variations,Mid-Chaos Fate Chart,Table,MISSING,P2,2,5,10,No usable application reference,no: Mid-Chaos Fate Chart,no,no,Only the standard 81-cell Fate Chart is installed. This printed optional chart and its grouped Chaos columns are absent; keeping the ordinary Chaos number fixed does not provide all variant thresholds.,Add this exact optional chart behind deliberate source/table selection; retain standard Fate as the default.,mythic-mid-chaos-chart,TABLE_INDEX; TABLE_VIEW,Solo
mythic-extra-low-chaos-chart,Mythic Game Master Emulator Second Edition,149; 222,"148, 221",Variations,Low-Chaos Fate Chart,Table,MISSING,P2,2,5,10,No usable application reference,no: Low-Chaos Fate Chart,no,no,Only the standard 81-cell Fate Chart is installed. This printed optional chart and its grouped Chaos columns are absent; keeping the ordinary Chaos number fixed does not provide all variant thresholds.,Add this exact optional chart behind deliberate source/table selection; retain standard Fate as the default.,mythic-low-chaos-chart,TABLE_INDEX; TABLE_VIEW,Solo
mythic-extra-no-chaos-chart,Mythic Game Master Emulator Second Edition,149; 222,"148, 221",Variations,No-Chaos Fate Chart,Table,MISSING,P2,2,5,10,No usable application reference,no: No-Chaos Fate Chart,no,no,Only the standard 81-cell Fate Chart is installed. This printed optional chart and its grouped Chaos columns are absent; keeping the ordinary Chaos number fixed does not provide all variant thresholds.,Add this exact optional chart behind deliberate source/table selection; retain standard Fate as the default.,mythic-no-chaos-chart,TABLE_INDEX; TABLE_VIEW,Solo
mythic-extra-mid-chaos-check,Mythic Game Master Emulator Second Edition,148; 223,"147, 222",Variations,Mid-Chaos Fate Check Modifiers,Table,MISSING,P2,2,4,8,No usable application reference,no: Mid-Chaos Fate Check Modifiers,no,no,The alternate grouped Chaos modifier table is absent; checkModifier always uses the standard full-strength modifier array.,"Add the exact modifier table as optional quick reference and, if enabled later, keep its selected mode explicit.",mythic-mid-chaos-check,TABLE_INDEX; TABLE_VIEW,Solo
mythic-extra-low-chaos-check,Mythic Game Master Emulator Second Edition,149; 223,"148, 222",Variations,Low-Chaos Fate Check Modifiers,Table,MISSING,P2,2,4,8,No usable application reference,no: Low-Chaos Fate Check Modifiers,no,no,The alternate grouped Chaos modifier table is absent; checkModifier always uses the standard full-strength modifier array.,"Add the exact modifier table as optional quick reference and, if enabled later, keep its selected mode explicit.",mythic-low-chaos-check,TABLE_INDEX; TABLE_VIEW,Solo
mythic-extra-hold-chaos,Mythic Game Master Emulator Second Edition,150,149,Variations,No-Chaos questions and retained Scene/Event Chaos,Rule,MISSING,P2,2,3,6,No usable application reference,no: No-Chaos questions; Hold the Chaos,no,n/a,The option to remove Chaos only from Fate answers while retaining it for Scene and Random Event checks is absent. The source also permits player-chosen narrower Scene/Event Chaos ranges.,Include this short scope distinction with the alternate chart references. Do not implement No-Chaos by globally setting Chaos to zero.,mythic-hold-chaos,QUICK_RULE,Solo
mythic-extra-session-advice,Mythic Game Master Emulator Second Edition,149; 150,"148, 149",Variations,What is a Session in Solo Play?,Long-form,PDF_APPROPRIATE,—,—,—,—,Original supplied PDF,n/a: What is a Session in Solo Play?,n/a,n/a,"This is advice for relating another RPG’s session rewards to meaningful accomplishment. It does not mandate a Mythic timer, session diary or MÖRK BORG experience subsystem.",None.,mythic-session-advice,PDF_APPROPRIATE,Solo
mythic-extra-keyed-scenes,Mythic Game Master Emulator Second Edition,150; 151; 152; 153; 155; 156; 191,"149, 150, 151, 152, 154, 155, 190",Variations,"Keyed Scenes: triggers, events and timing",Procedure,MISSING,P2,2,4,8,No usable application reference,no: Keyed Scenes; Keyed Scene Trigger,no,n/a,"The actual optional procedure is absent: player-defined trigger, next-Scene event, normal Expected/Altered/Interrupt handling, Current Context option, count/randomizer/frequency conditions and nullification.",Add a compact rules reference beside Scene tools. Let the paper notebook hold custom triggers and counts; do not build an automatic story scheduler.,mythic-keyed-scenes,QUICK_RULE,Solo
mythic-extra-keyed-scene-templates,Mythic Game Master Emulator Second Edition,151; 152; 155,"150, 151, 154",Variations,Five sample Keyed Scene templates,Aid,MISSING,P3,1,3,3,No usable application reference,no: Keyed Scene templates; Set Dungeon Tone; Boss Fight Mythic,no,n/a,"The source provides five labeled, operational examples (Let’s Rumble, Boss Fight, The Horror, Set Dungeon Tone, Stay On Schedule), with explicit conditions. No reference exposes these sample trigger/event packets.","Expose them as optional examples under the Keyed Scenes rule, keeping their source label and game-agnostic status. They are not default MÖRK BORG dungeon procedures.",mythic-keyed-scene-templates,QUICK_RULE,Solo
mythic-extra-keyed-sheet,Mythic Game Master Emulator Second Edition,154; 224,"153, 223",Variations,Keyed Scenes Record Sheet,Aid,PDF_APPROPRIATE,—,—,—,—,Original supplied PDF,n/a: Keyed Scenes Record Sheet,n/a,n/a,"Blank paper worksheet is suitable for printing beside the notebook. Its repeated appendix copy is the same aid, not a second missing feature.",None.,mythic-keyed-sheet,PDF_APPROPRIATE,Solo
mythic-extra-prepared-scaling,Mythic Game Master Emulator Second Edition,158; 159; 191,"157, 158, 190",Variations,Prepared Adventure Scaling / Diminisher Value,Rule,MISSING,P2,2,4,8,No usable application reference,no: Diminisher Value; Prepared Adventure Scaling,no,n/a,The source’s player-estimated scaling guideline for a solo PC is absent. It is explicitly approximate and may change encounter quantity OR individual power; it is not a fixed source stat block.,Add an optional quick reference preserving manual estimation and rounding. Never silently scale original MÖRK BORG creature definitions.,mythic-prepared-scaling,QUICK_RULE,Solo; Dungeon; Monster
mythic-extra-adventure-features,Mythic Game Master Emulator Second Edition,159; 160; 161; 165; 192; 225,"158, 159, 160, 164, 191, 224",Variations,Prepared Adventure Features List and event interpretation,Procedure,PARTIAL,P2,2,4,8,oracle:mythic2.prepared-adventure-event-focus-table → SOURCE (list named only),indirect: Adventure Features; Adventure Feature,no,n/a,"The canonical Prepared Adventure Focus table mentions the player-maintained Features List, but the usable reference does not describe selecting source-specific features or the optional Meaning step when a feature already determines the consequence.",Add the concise list/interpretation rule and link it from the existing Adventure Feature result. Keep list maintenance on paper; no settlement/faction system.,mythic-adventure-features,QUICK_RULE; RESULT_LINK,Solo
mythic-extra-prepared-scene-test,Mythic Game Master Emulator Second Edition,160; 161; 162; 163; 164; 165; 192,"159, 160, 161, 162, 163, 164, 191",Variations,Prepared Adventure Scene Test and event routing,Procedure,PARTIAL,P2,3,4,12,Mythic → Scene uses standard rule; separate oracle:mythic2.prepared-adventure-event-focus-table,indirect: Prepared Adventure Scene Test; Mythic prepared adventure,no,n/a,"The replacement focus table is present, but the current Scene roller always chooses Altered/Interrupt within Chaos. The supplied prepared-adventure variant retains the Expected Scene and adds an event instead; it also uses the replacement focus table. That mode/procedure is unavailable.","Add a clear optional procedure reference connecting the existing table, and only an explicit variant roller if later authorized. Never substitute this behavior into the standard Scene test.",mythic-prepared-scene-test,PROCEDURE; CONTEXT_LINK; RESULT_LINK,Solo
mythic-extra-prepared-event-focus,Mythic Game Master Emulator Second Edition,165; 226,"164, 225",Variations,Prepared Adventure Event Focus Table,Table,RESOLVED,—,3,1,3,Reference Desk → oracle:mythic2.prepared-adventure-event-focus-table → ROLL / TABLE,yes: Prepared Adventure Event Focus Table,partial,yes,"All seven source d100 ranges and labels are present in the canonical registry. This table can be searched, rolled and intentionally inspected. The surrounding procedure is audited separately.",None.,mythic-prepared-event-focus,,Solo
mythic-extra-prepared-advice,Mythic Game Master Emulator Second Edition,157; 159; 160; 161; 162; 163; 164; 165; 166,"156, 158, 159, 160, 161, 162, 163, 164, 165",Variations,Prepared Adventures: reading one detail at a time,Long-form,PDF_APPROPRIATE,—,—,—,—,Original supplied PDF,n/a: Prepared Adventures: reading one detail at a time,n/a,n/a,"Scenario text, spoilers, encounter examples and soft co-GM advice remain appropriate PDF reading. Numeric scaling and changed Scene procedure have separate gap rows; this exclusion does not hide them.",None.,mythic-prepared-advice,PDF_APPROPRIATE,Solo
mythic-extra-features-sheet,Mythic Game Master Emulator Second Edition,161; 225,"160, 224",Variations,Adventure Features List sheet,Aid,PDF_APPROPRIATE,—,—,—,—,Original supplied PDF,n/a: Adventure Features List sheet,n/a,n/a,The printable third-list sheet is an aid. Its usage rule is audited separately; no extra digital database is required.,None.,mythic-features-sheet,PDF_APPROPRIATE,Solo
mythic-extra-complicated-campaigns,Mythic Game Master Emulator Second Edition,167; 168; 169; 170,"166, 167, 168, 169",Variations,"Complicated Campaigns: pruning, fresh starts and multiple lists",Long-form,PDF_APPROPRIATE,—,—,—,—,Original supplied PDF,"n/a: Complicated Campaigns: pruning, fresh starts and multiple lists",n/a,n/a,"Organization advice extends the existing I Dunno and List rules. Multiple paper lists and fresh narrative starts are elective practices, not missing campaign-management features.",None.,mythic-complicated-campaigns,PDF_APPROPRIATE,Solo
mythic-extra-peril-points,Mythic Game Master Emulator Second Edition,171; 172; 192,"170, 171, 191",Variations,Peril Points,Rule,MISSING,P3,1,4,4,No usable application reference,no: Peril Points,no,n/a,"The optional limited narrative-rescue resource, suggested initial pool and player choice of replenishment are absent. MÖRK BORG Omens are a different rule and do not resolve this lookup.",Add one short optional Mythic rule with manual paper bookkeeping; keep it distinct from Omens and do not add automatic rescues.,mythic-peril-points,QUICK_RULE,Solo
mythic-extra-crafter-integration,Mythic Game Master Emulator Second Edition,172; 173; 174; 175; 176; 192; 227,"171, 172, 173, 174, 175, 191, 226",Variations,Adventure Crafter integration rules,Procedure,MISSING,P3,1,3,3,No usable application reference,no: Adventure Crafter Mythic; Turning Point Mythic,no,n/a,"The supplied Mythic text fully describes integration: Turning Points for opening/Interrupt only, Mythic Lists, immediate additions, full-list 2d10 invocation, empty-line choices and PC handling. None is exposed as a quick reference.",Add an optional integration reminder with a separate unavailable dependency notice for the external generation tables. Do not invent Turning Points.,mythic-crafter-integration,QUICK_RULE,Solo
mythic-extra-crafter-source,Mythic Game Master Emulator Second Edition,172; 173; 175,"171, 172, 174",Variations,Adventure Crafter Turning Point / Plot Point and Deck data,Source reference,SOURCE_UNAVAILABLE,P3,1,5,5,No usable application reference,no: Adventure Crafter source; Adventure Crafter Deck,no,n/a,This book refers to external Adventure Crafter generation tables and an optional deck; they are not printed here and no supplied file or installed canonical source contains them. The integration instructions themselves are available and separately audited.,Identify the external dependency clearly. Do not synthesize the absent Plot Point tables or count the separate product as missing MÖRK BORG data.,mythic-crafter-source,SOURCE_MISSING,Solo
mythic-extra-support-art,Mythic Game Master Emulator Second Edition,176; 177; 228; 229; 230,"175, 176, 227, 228, 229",Variations,"Support resources, illustrations, patrons and cover",Long-form,PDF_APPROPRIATE,—,—,—,—,Original supplied PDF,"n/a: Support resources, illustrations, patrons and cover",n/a,n/a,"Credits, support/community links and illustrations are not reusable rule mechanics; no application counterpart is required.",None.,mythic-support-art,PDF_APPROPRIATE,Solo
mythic-extra-big-example,Mythic Game Master Emulator Second Edition,178; 179; 180; 181; 182; 183; 184; 185; 186,"177, 178, 179, 180, 181, 182, 183, 184, 185",Variations,The Big Example: Rapid Red playthrough,Long-form,PDF_APPROPRIATE,—,—,—,—,Original supplied PDF,n/a: The Big Example: Rapid Red playthrough,n/a,n/a,"Nine-page worked superhero narrative demonstrates already audited Fate, Meaning, Lists and Scene tools. Its invented-in-example names and stats are not MÖRK BORG content to import.",None.,mythic-big-example,PDF_APPROPRIATE,Solo
mythic-extra-paper-journal,Mythic Game Master Emulator Second Edition,77; 193,"76, 192",Variations,Adventure Journal sheet,Aid,PDF_APPROPRIATE,—,—,—,—,Original supplied PDF,n/a: Adventure Journal sheet,n/a,n/a,Printable scene journal belongs beside the handwritten notebook; reproducing it as an app chronology would conflict with product priorities.,None.,mythic-paper-journal,PDF_APPROPRIATE,Solo
