tableId,bookId,title,pdfPage,printedPage,dice,entryCount,referenceId,canonicalIds,aliasToGroupedReference,referenceAvailable,roll,reroll,rollScope,view,sourceDisclosure,manualReadingChoice,selectRowToResult,manualDieInput,tableTitleSearchRank,tableTitleSearchTop,tableViewCopies,sourceStatus,nonRollableReason,hiddenPlayableRowCount,hiddenPlayableKeys,selectorOmissionCount,selectorKeys,inlineFollowupRows,topLevelDescriptionNotInsideTable,relatedNeedIds,assessment
core.names,core,Names,2,2,d6 × d8,48,oracle:core.names,"[""core.names""]",False,True,True,True,single table,True,True,True,False,False,1,oracle:core.names,1,VERIFIED,,0,[],0,[],0,False,"[""core-names""]",Entry fragments are readable. Any metadata listed as a candidate is not automatically a missing rule; source completeness remains in the linked book audit.
core.titleA,core,What Is It Called? — First Column,71,71,d12,12,oracle:core.titleA,"[""core.titleA""]",False,True,True,True,single table,True,True,True,False,False,1,oracle:core.titleA,1,VERIFIED,,0,[],0,[],0,False,"[""core-dungeon-name""]",Entry fragments are readable. Any metadata listed as a candidate is not automatically a missing rule; source completeness remains in the linked book audit.
core.titleB,core,What Is It Called? — Second Column,71,71,d12,12,oracle:core.titleB,"[""core.titleB""]",False,True,True,True,single table,True,True,True,False,False,1,oracle:core.titleB,1,VERIFIED,,0,[],0,[],0,False,[],Entry fragments are readable. Any metadata listed as a candidate is not automatically a missing rule; source completeness remains in the linked book audit.
core.status,core,Status,71,71,d6,2,oracle:core.status,"[""core.status""]",False,True,True,True,single table,True,True,True,False,False,1,oracle:core.status,1,VERIFIED,,0,[],0,[],1,False,"[""core-dungeon-status""]",Entry fragments are readable. Any metadata listed as a candidate is not automatically a missing rule; source completeness remains in the linked book audit.
core.danger,core,Imminent Danger,72,72,d10,10,oracle:core.danger,"[""core.danger""]",False,True,True,True,single table,True,True,True,False,False,1,oracle:core.danger,1,VERIFIED,,0,[],0,[],1,False,"[""core-dungeon-danger""]",Entry fragments are readable. Any metadata listed as a candidate is not automatically a missing rule; source completeness remains in the linked book audit.
core.inhabitants,core,Who or What Dwells Here Now?,72,72,d12,12,oracle:core.inhabitants,"[""core.inhabitants""]",False,True,True,True,single table,True,True,True,False,False,1,oracle:core.inhabitants,1,VERIFIED,,0,[],0,[],0,False,"[""core-dungeon-inhabitants""]",Entry fragments are readable. Any metadata listed as a candidate is not automatically a missing rule; source completeness remains in the linked book audit.
core.feature,core,Distinctive Feature,73,73,d12,12,oracle:core.feature,"[""core.feature""]",False,True,True,True,single table,True,True,True,False,False,1,oracle:core.feature,1,VERIFIED,,0,[],0,[],0,False,"[""core-dungeon-feature""]",Entry fragments are readable. Any metadata listed as a candidate is not automatically a missing rule; source completeness remains in the linked book audit.
core.rooms,core,Sample Rooms,"[73, 74]",73–74,d4 × d6,24,oracle:core.rooms,"[""core.rooms""]",False,True,True,True,single table,True,True,True,False,False,1,oracle:core.rooms,1,VERIFIED,,0,[],0,[],3,False,"[""core-sample-rooms""]",Entry fragments are readable. Any metadata listed as a candidate is not automatically a missing rule; source completeness remains in the linked book audit.
core.traits,core,Terrible Traits,38,38,d20,20,oracle:core.traits,"[""core.traits""]",False,True,True,True,single table,True,True,True,False,False,1,oracle:core.traits,1,VERIFIED,,0,[],0,[],0,False,"[""core-traits""]",Entry fragments are readable. Any metadata listed as a candidate is not automatically a missing rule; source completeness remains in the linked book audit.
core.bodies,core,Broken Bodies,39,39,d20,20,oracle:core.bodies,"[""core.bodies""]",False,True,True,True,single table,True,True,True,False,False,1,oracle:core.bodies,1,VERIFIED,,0,[],0,[],0,False,"[""core-bodies""]",Entry fragments are readable. Any metadata listed as a candidate is not automatically a missing rule; source completeness remains in the linked book audit.
core.containers,core,Starting Equipment — Container,21,21,d6,5,oracle:core.containers,"[""core.containers""]",False,True,True,True,single table,True,True,True,False,False,1,oracle:core.containers,1,VERIFIED,,0,[],0,[],0,False,"[""core-equipment-backpack"", ""core-equipment-sack"", ""core-equipment-small-wagon""]",Capacities and player choices are fully present in entry.text; no omission of these mechanics.
core.gearA,core,Starting Equipment — First d12 Table,22,22,d12,12,oracle:core.gearA,"[""core.gearA""]",False,True,True,True,single table,True,True,True,False,False,1,oracle:core.gearA,1,VERIFIED,,0,[],0,[],0,False,"[""core-equipment-bear-trap"", ""core-equipment-crucifix-silver"", ""core-equipment-lantern-oil"", ""core-equipment-lockpicks"", ""core-equipment-magnesium-strip"", ""core-equipment-medicine-box"", ""core-equipment-metal-file"", ""core-equipment-oil-lamp"", ""core-equipment-poison-red"", ""core-equipment-rope"", ""core-equipment-sharp-needle"", ""core-equipment-torch"", ""core-starting-item-bomb""]","Dice quantities, duration, poison/trap/bomb effects and healing are in entry.text; corresponding metadata is redundant. Scroll follow-through is a separate link/usability issue."
core.gearB,core,Starting Equipment — Second d12 Table,22,22,d12,12,oracle:core.gearB,"[""core.gearB""]",False,True,True,True,single table,True,True,True,False,False,1,oracle:core.gearB,1,VERIFIED,,0,[],0,[],0,False,"[""core-equipment-crowbar"", ""core-equipment-exquisite-perfume"", ""core-equipment-grappling-hook"", ""core-equipment-heavy-chain"", ""core-equipment-iron-nails"", ""core-equipment-lard"", ""core-equipment-shield"", ""core-equipment-tent"", ""core-equipment-toolbox"", ""core-starting-item-life-elixir"", ""core-starting-item-monkeys"", ""core-starting-item-small-vicious-dog""]","Companion stats, elixir, shield effect and other item mechanics are in entry.text; metadata omission does not erase these effects."
core.weapons,core,Weapons,23,23,d10,10,oracle:core.weapons,"[""core.weapons""]",False,True,True,True,single table,True,True,True,False,False,1,oracle:core.weapons,1,VERIFIED,,10,"[""ammunition"", ""damage""]",0,[],0,False,"[""core-weapon-bow"", ""core-weapon-crossbow"", ""core-weapon-femur"", ""core-weapon-flail"", ""core-weapon-knife"", ""core-weapon-shortsword"", ""core-weapon-staff"", ""core-weapon-sword"", ""core-weapon-warhammer"", ""core-weapon-zweihander""]","TABLE and generic ROLL show weapon names without printed damage/ammunition. Character generation uses metadata, so generation is not proof of reference completeness."
core.armor,core,Armor,23,23,d4,4,oracle:core.armor,"[""core.armor""]",False,True,True,True,single table,True,True,True,False,False,2,rule:core.armor-shield,1,VERIFIED,,4,"[""agilityDRPenalty"", ""damageReduction"", ""defenseDRPenalty"", ""examples"", ""tier"", ""valueSilver""]",0,[],0,False,"[""core-equipment-heavy-armor"", ""core-equipment-light-armor"", ""core-equipment-medium-armor""]","TABLE and generic ROLL show category names without reductions, prices and penalties. Zero values are mechanically meaningful; full armor rules have a separate quick-reference path."
core.unclean,core,Unclean Scrolls,"[34, 35]",34–35,d10,10,oracle:core.unclean,"[""core.unclean""]",False,True,True,True,single table,True,True,True,False,False,1,oracle:core.unclean,1,VERIFIED,,10,"[""effect""]",0,[],0,False,"[""core-power-daemon-of-capillaries"", ""core-power-death"", ""core-power-eyelid-blinds-the-mind"", ""core-power-foul-psychompomp"", ""core-power-lucy-fires-levitation"", ""core-power-metzhuotl-blind-your-eye"", ""core-power-nine-violet-signs-unknot-the-storm"", ""core-power-palms-open-the-southern-gate"", ""core-power-te-le-kin-esis"", ""core-power-tongue-of-eris""]",Ten Power names display; their effect metadata does not render in TABLE or generic ROLL.
core.sacred,core,Sacred Scrolls,35,35,d10,10,oracle:core.sacred,"[""core.sacred""]",False,True,True,True,single table,True,True,True,False,False,1,oracle:core.sacred,1,VERIFIED,,10,"[""effect""]",0,[],0,False,"[""core-power-aegis-of-sorrow"", ""core-power-bestial-speech"", ""core-power-enochian-syntax"", ""core-power-false-dawn-nights-chariot"", ""core-power-grace-for-a-sinner"", ""core-power-grace-of-a-dead-saint"", ""core-power-hermetic-step"", ""core-power-roskoes-consuming-glare"", ""core-power-unmet-fate"", ""core-power-whispers-pass-the-gate""]",Ten Power names display; their effect metadata does not render in TABLE or generic ROLL.
core.traps,core,Traps and Devilry,4,4,d12,12,oracle:core.traps,"[""core.traps""]",False,True,True,True,single table,True,True,True,False,False,1,oracle:core.traps,1,VERIFIED,,0,[],0,[],0,False,"[""core-traps""]",Entry fragments are readable. Any metadata listed as a candidate is not automatically a missing rule; source completeness remains in the linked book audit.
core.sparks,core,Adventure Spark,"[69, 70]",69–70,d100,50,oracle:core.sparks,"[""core.sparks""]",False,True,True,True,single table,True,True,True,False,False,1,oracle:core.sparks,1,VERIFIED,,0,[],0,[],0,False,"[""core-sparks""]",Entry fragments are readable. Any metadata listed as a candidate is not automatically a missing rule; source completeness remains in the linked book audit.
core.contacts,core,Who (or What) Contacts You?,"[68, 69]",68–69,20 indexed entries; d20 selection,20,oracle:core.contacts,"[""core.contacts""]",False,True,False,False,single table,True,True,True,False,False,1,oracle:core.contacts,1,VERIFIED,20 numbered source entries; heading has no explicit die. d20 is the app selection convention and must be identified as inferred.,0,[],0,[],0,False,"[""core-contacts""]",Entry fragments are readable. Any metadata listed as a candidate is not automatically a missing rule; source completeness remains in the linked book audit. Automatic roll is deliberately blocked; see nonRollableReason. This alone is not a defective table.
feretory.A,feretory,The Monster Approaches — Table A,2,,d12,12,oracle:feretory.A,"[""feretory.A"", ""feretory.B"", ""feretory.C""]",False,True,True,True,all group steps,True,True,True,False,False,1,oracle:feretory.A,1,VERIFIED,,0,[],0,[],0,False,"[""feretory:monster-approaches""]",Entry fragments are readable. Any metadata listed as a candidate is not automatically a missing rule; source completeness remains in the linked book audit.
feretory.B,feretory,The Monster Approaches — Table B,2,,d12,12,oracle:feretory.A,"[""feretory.A"", ""feretory.B"", ""feretory.C""]",True,True,True,True,all group steps,True,True,True,False,False,1,oracle:feretory.A,1,VERIFIED,,0,[],0,[],0,False,"[""feretory:monster-approaches""]",Entry fragments are readable. Any metadata listed as a candidate is not automatically a missing rule; source completeness remains in the linked book audit.
feretory.C,feretory,The Monster Approaches — Table C,2,,d12,12,oracle:feretory.A,"[""feretory.A"", ""feretory.B"", ""feretory.C""]",True,True,True,True,all group steps,True,True,True,False,False,1,oracle:feretory.A,1,VERIFIED,,0,[],0,[],0,False,"[""feretory:monster-approaches""]",Entry fragments are readable. Any metadata listed as a candidate is not automatically a missing rule; source completeness remains in the linked book audit.
feretory.desire,feretory,"More Than Anything, It Wants To…",3,,d20,20,oracle:feretory.desire,"[""feretory.desire""]",False,True,True,True,single table,True,True,True,False,False,1,oracle:feretory.desire,1,VERIFIED,,0,[],0,[],0,False,"[""feretory:table-desire""]",Entry fragments are readable. Any metadata listed as a candidate is not automatically a missing rule; source completeness remains in the linked book audit.
feretory.trait,feretory,Terrible Traits,3,,d20,13,oracle:feretory.trait,"[""feretory.trait""]",False,True,True,True,single table,True,True,True,False,False,2,oracle:core.traits,1,VERIFIED,,0,[],0,[],0,False,"[""feretory:table-trait""]",Entry fragments are readable. Any metadata listed as a candidate is not automatically a missing rule; source completeness remains in the linked book audit.
feretory.roadType,feretory,What’s the Road Like?,7,5,d8,6,oracle:feretory.roadType,"[""feretory.roadType""]",False,True,True,True,single table,True,True,True,False,False,1,oracle:feretory.roadType,1,VERIFIED,,0,[],0,[],0,False,"[""feretory:table-roadType"", ""feretory:travel-checklist""]",Entry fragments are readable. Any metadata listed as a candidate is not automatically a missing rule; source completeness remains in the linked book audit.
feretory.roadEvent,feretory,Events by the Road. Roll Daily,7,5,d20,16,oracle:feretory.roadEvent,"[""feretory.roadEvent""]",False,True,True,True,single table,True,True,True,False,False,1,oracle:feretory.roadEvent,1,VERIFIED,,0,[],0,[],0,False,"[""feretory:table-roadEvent"", ""feretory:travel-checklist""]",Entry fragments are readable. Any metadata listed as a candidate is not automatically a missing rule; source completeness remains in the linked book audit.
feretory.village,feretory,The Village Is…,8,6,d6,6,oracle:feretory.village,"[""feretory.village""]",False,True,True,True,single table,True,True,True,False,False,1,oracle:feretory.village,1,VERIFIED,,0,[],0,[],0,False,"[""feretory:table-village""]",Entry fragments are readable. Any metadata listed as a candidate is not automatically a missing rule; source completeness remains in the linked book audit.
feretory.forage,feretory,Spending a Day Foraging,8,6,d6,5,oracle:feretory.forage,"[""feretory.forage""]",False,True,True,True,single table,True,True,True,False,False,1,oracle:feretory.forage,1,VERIFIED,,0,[],0,[],0,False,"[""feretory:table-forage""]",Entry fragments are readable. Any metadata listed as a candidate is not automatically a missing rule; source completeness remains in the linked book audit.
feretory.leaveRoad,feretory,"Leaving the Road, After Half a Day’s Journey, You Encounter…",9,7,d12,12,oracle:feretory.leaveRoad,"[""feretory.leaveRoad""]",False,True,True,True,single table,True,True,True,False,False,1,oracle:feretory.leaveRoad,1,VERIFIED,,0,[],0,[],0,False,"[""feretory:table-leaveRoad""]",Entry fragments are readable. Any metadata listed as a candidate is not automatically a missing rule; source completeness remains in the linked book audit.
feretory.campsite,feretory,Nightly Campsite Events,9,7,d12,8,oracle:feretory.campsite,"[""feretory.campsite""]",False,True,True,True,single table,True,True,True,False,False,1,oracle:feretory.campsite,1,VERIFIED,,0,[],0,[],0,False,"[""feretory:table-campsite""]","Dream branch is materialized as its own canonical campDream table; TABLE only shows parent text. It is not a lowercase followup disclosure, and generic ROLL does not run the dream table."
core.treasures,core,Occult Treasures,3,3,d10,10,oracle:core.treasures,"[""core.treasures""]",False,True,True,True,single table,True,True,True,False,False,1,oracle:core.treasures,1,VERIFIED,,0,[],0,[],0,False,"[""core-treasure-1"", ""core-treasure-10"", ""core-treasure-2"", ""core-treasure-3"", ""core-treasure-4"", ""core-treasure-5"", ""core-treasure-6"", ""core-treasure-7"", ""core-treasure-8"", ""core-treasure-9""]",Entry fragments are readable. Any metadata listed as a candidate is not automatically a missing rule; source completeness remains in the linked book audit.
reclvse.dungeonOrigin,reclvse,Dungeon Origin,86,86,d6,6,oracle:reclvse.dungeonOrigin,"[""reclvse.dungeonOrigin""]",False,True,True,True,single table,True,True,True,False,False,1,oracle:reclvse.dungeonOrigin,1,VERIFIED,,0,[],0,[],0,False,"[""reclvse-reclvse-dungeonorigin""]",Entry fragments are readable. Any metadata listed as a candidate is not automatically a missing rule; source completeness remains in the linked book audit.
reclvse.dungeonPurposeThen,reclvse,Dungeon Purpose (Then),86,86,d6,6,oracle:reclvse.dungeonPurposeThen,"[""reclvse.dungeonPurposeThen""]",False,True,True,True,single table,True,True,True,False,False,1,oracle:reclvse.dungeonPurposeThen,1,VERIFIED,,0,[],0,[],0,False,"[""reclvse-reclvse-dungeonpurposethen""]",Entry fragments are readable. Any metadata listed as a candidate is not automatically a missing rule; source completeness remains in the linked book audit.
reclvse.dungeonPurposeNow,reclvse,Dungeon Purpose (Now),86,86,d6,6,oracle:reclvse.dungeonPurposeNow,"[""reclvse.dungeonPurposeNow""]",False,True,True,True,single table,True,True,True,False,False,1,oracle:reclvse.dungeonPurposeNow,1,VERIFIED,,0,[],0,[],0,False,"[""reclvse-reclvse-dungeonpurposenow""]",Entry fragments are readable. Any metadata listed as a candidate is not automatically a missing rule; source completeness remains in the linked book audit.
reclvse.dungeonTheme,reclvse,Dungeon Theme,86,86,d12,12,oracle:reclvse.dungeonTheme,"[""reclvse.dungeonTheme""]",False,True,True,True,single table,True,True,True,False,False,1,oracle:reclvse.dungeonTheme,1,VERIFIED,,0,[],0,[],0,False,"[""reclvse-reclvse-dungeontheme""]",Entry fragments are readable. Any metadata listed as a candidate is not automatically a missing rule; source completeness remains in the linked book audit.
reclvse.dungeonArchitecture,reclvse,Dungeon Architecture,86,86,d12,12,oracle:reclvse.dungeonArchitecture,"[""reclvse.dungeonArchitecture""]",False,True,True,True,single table,True,True,True,False,False,1,oracle:reclvse.dungeonArchitecture,1,VERIFIED,,0,[],0,[],0,False,"[""reclvse-reclvse-dungeonarchitecture""]",Entry fragments are readable. Any metadata listed as a candidate is not automatically a missing rule; source completeness remains in the linked book audit.
reclvse.dungeonCondition,reclvse,Dungeon Condition,87,87,d20,20,oracle:reclvse.dungeonCondition,"[""reclvse.dungeonCondition""]",False,True,True,True,single table,True,True,True,False,False,1,oracle:reclvse.dungeonCondition,1,VERIFIED,,0,[],0,[],0,False,"[""reclvse-reclvse-dungeoncondition""]",Entry fragments are readable. Any metadata listed as a candidate is not automatically a missing rule; source completeness remains in the linked book audit.
reclvse.dungeonEntrance,reclvse,Dungeon Entrance,87,87,d20,20,oracle:reclvse.dungeonEntrance,"[""reclvse.dungeonEntrance""]",False,True,True,True,single table,True,True,True,False,False,1,oracle:reclvse.dungeonEntrance,1,VERIFIED,,0,[],0,[],0,False,"[""reclvse-reclvse-dungeonentrance""]",Entry fragments are readable. Any metadata listed as a candidate is not automatically a missing rule; source completeness remains in the linked book audit.
reclvse.dungeonInhabitants,reclvse,Current Inhabitants,87,87,d20,20,oracle:reclvse.dungeonInhabitants,"[""reclvse.dungeonInhabitants""]",False,True,True,True,single table,True,True,True,False,False,1,oracle:reclvse.dungeonInhabitants,1,VERIFIED,,0,[],0,[],0,False,"[""reclvse-reclvse-dungeoninhabitants""]",Entry fragments are readable. Any metadata listed as a candidate is not automatically a missing rule; source completeness remains in the linked book audit.
reclvse.dungeonMotive,reclvse,Primary Motive Within,87,87,d12,12,oracle:reclvse.dungeonMotive,"[""reclvse.dungeonMotive""]",False,True,True,True,single table,True,True,True,False,False,1,oracle:reclvse.dungeonMotive,1,VERIFIED,,0,[],0,[],0,False,"[""reclvse-reclvse-dungeonmotive""]",Entry fragments are readable. Any metadata listed as a candidate is not automatically a missing rule; source completeness remains in the linked book audit.
reclvse.entranceState,reclvse,Entrance State,88,88,d12,12,oracle:reclvse.entranceState,"[""reclvse.entranceState""]",False,True,True,True,single table,True,True,True,False,False,1,oracle:reclvse.entranceState,1,VERIFIED,,0,[],0,[],0,False,"[""reclvse-reclvse-entrancestate""]",Entry fragments are readable. Any metadata listed as a candidate is not automatically a missing rule; source completeness remains in the linked book audit.
reclvse.entranceImpression,reclvse,First Impression,88,88,d12,12,oracle:reclvse.entranceImpression,"[""reclvse.entranceImpression""]",False,True,True,True,single table,True,True,True,False,False,1,oracle:reclvse.entranceImpression,1,VERIFIED,,0,[],0,[],0,False,"[""reclvse-reclvse-entranceimpression""]",Entry fragments are readable. Any metadata listed as a candidate is not automatically a missing rule; source completeness remains in the linked book audit.
reclvse.entranceHazard,reclvse,Entrance Hazard,88,88,d20,20,oracle:reclvse.entranceHazard,"[""reclvse.entranceHazard""]",False,True,True,True,single table,True,True,True,False,False,1,oracle:reclvse.entranceHazard,1,VERIFIED,,0,[],0,[],0,False,"[""reclvse-reclvse-entrancehazard""]",Entry fragments are readable. Any metadata listed as a candidate is not automatically a missing rule; source completeness remains in the linked book audit.
reclvse.entranceSounds,reclvse,Entrance Sounds,88,88,d20,20,oracle:reclvse.entranceSounds,"[""reclvse.entranceSounds""]",False,True,True,True,single table,True,True,True,False,False,1,oracle:reclvse.entranceSounds,1,VERIFIED,,0,[],0,[],0,False,"[""reclvse-reclvse-entrancesounds""]",Entry fragments are readable. Any metadata listed as a candidate is not automatically a missing rule; source completeness remains in the linked book audit.
reclvse.entranceSmells,reclvse,Entrance Smells,89,89,d20,20,oracle:reclvse.entranceSmells,"[""reclvse.entranceSmells""]",False,True,True,True,single table,True,True,True,False,False,1,oracle:reclvse.entranceSmells,1,VERIFIED,,0,[],0,[],0,False,"[""reclvse-reclvse-entrancesmells""]",Entry fragments are readable. Any metadata listed as a candidate is not automatically a missing rule; source completeness remains in the linked book audit.
reclvse.entranceSigns,reclvse,Entrance Signs,89,89,d12,12,oracle:reclvse.entranceSigns,"[""reclvse.entranceSigns""]",False,True,True,True,single table,True,True,True,False,False,1,oracle:reclvse.entranceSigns,1,VERIFIED,,0,[],0,[],0,False,"[""reclvse-reclvse-entrancesigns""]",Entry fragments are readable. Any metadata listed as a candidate is not automatically a missing rule; source completeness remains in the linked book audit.
reclvse.entranceChallenge,reclvse,Immediate Challenge,89,89,d12,12,oracle:reclvse.entranceChallenge,"[""reclvse.entranceChallenge""]",False,True,True,True,single table,True,True,True,False,False,1,oracle:reclvse.entranceChallenge,1,VERIFIED,,0,[],0,[],0,False,"[""reclvse-reclvse-entrancechallenge""]",Entry fragments are readable. Any metadata listed as a candidate is not automatically a missing rule; source completeness remains in the linked book audit.
reclvse.entranceHelp,reclvse,Possible Help,89,89,d6,6,oracle:reclvse.entranceHelp,"[""reclvse.entranceHelp""]",False,True,True,True,single table,True,True,True,False,False,1,oracle:reclvse.entranceHelp,1,VERIFIED,,0,[],0,[],0,False,"[""reclvse-reclvse-entrancehelp""]",Entry fragments are readable. Any metadata listed as a candidate is not automatically a missing rule; source completeness remains in the linked book audit.
reclvse.quickSizeShape,reclvse,Room Size & Shape,90,90,d6,6,oracle:reclvse.quickSizeShape,"[""reclvse.quickSizeShape""]",False,True,True,True,single table,True,True,True,False,False,1,oracle:reclvse.quickSizeShape,1,VERIFIED,,0,[],0,[],0,False,"[""reclvse-quick-room"", ""reclvse-reclvse-quicksizeshape""]",Entry fragments are readable. Any metadata listed as a candidate is not automatically a missing rule; source completeness remains in the linked book audit.
reclvse.quickAtmosphere,reclvse,Atmosphere,90,90,d6,6,oracle:reclvse.quickAtmosphere,"[""reclvse.quickAtmosphere""]",False,True,True,True,single table,True,True,True,False,False,1,oracle:reclvse.quickAtmosphere,1,VERIFIED,,0,[],0,[],0,False,"[""reclvse-quick-room"", ""reclvse-reclvse-quickatmosphere""]",Entry fragments are readable. Any metadata listed as a candidate is not automatically a missing rule; source completeness remains in the linked book audit.
reclvse.quickDressing,reclvse,Dressing,90,90,d6,6,oracle:reclvse.quickDressing,"[""reclvse.quickDressing""]",False,True,True,True,single table,True,True,True,False,False,1,oracle:reclvse.quickDressing,1,VERIFIED,,0,[],0,[],0,False,"[""reclvse-quick-room"", ""reclvse-reclvse-quickdressing""]",Entry fragments are readable. Any metadata listed as a candidate is not automatically a missing rule; source completeness remains in the linked book audit.
reclvse.quickContents,reclvse,Contents,90,90,d6,6,oracle:reclvse.quickContents,"[""reclvse.quickContents""]",False,True,True,True,single table,True,True,True,False,False,1,oracle:reclvse.quickContents,1,VERIFIED,,0,[],0,[],0,False,"[""reclvse-quick-room"", ""reclvse-reclvse-quickcontents""]",Roll-twice instruction is visible; its recursion metadata is not an implemented automatic procedure. Child table names and IDs are a follow-through issue.
reclvse.quickExits,reclvse,Exits,90,90,d6,6,oracle:reclvse.quickExits,"[""reclvse.quickExits""]",False,True,True,True,single table,True,True,True,False,False,1,oracle:reclvse.quickExits,1,VERIFIED,,0,[],0,[],0,False,"[""reclvse-quick-room"", ""reclvse-reclvse-quickexits""]",Entry fragments are readable. Any metadata listed as a candidate is not automatically a missing rule; source completeness remains in the linked book audit.
reclvse.roomSize,reclvse,Room Size,90,90,d6,6,oracle:reclvse.roomSize,"[""reclvse.roomSize""]",False,True,True,True,single table,True,True,True,False,False,1,oracle:reclvse.roomSize,1,VERIFIED,,0,[],0,[],0,False,"[""reclvse-full-room"", ""reclvse-reclvse-roomsize""]",Entry fragments are readable. Any metadata listed as a candidate is not automatically a missing rule; source completeness remains in the linked book audit.
reclvse.architecture,reclvse,Architecture & Structure,91,91,d20,20,oracle:reclvse.architecture,"[""reclvse.architecture""]",False,True,True,True,single table,True,True,True,False,False,1,oracle:reclvse.architecture,1,VERIFIED,,0,[],0,[],0,False,"[""reclvse-full-room"", ""reclvse-reclvse-architecture""]",Entry fragments are readable. Any metadata listed as a candidate is not automatically a missing rule; source completeness remains in the linked book audit.
reclvse.roomShape,reclvse,Room Shape,91,91,d12,12,oracle:reclvse.roomShape,"[""reclvse.roomShape""]",False,True,True,True,single table,True,True,True,False,False,1,oracle:reclvse.roomShape,1,VERIFIED,,0,[],0,[],0,False,"[""reclvse-full-room"", ""reclvse-reclvse-roomshape""]",Entry fragments are readable. Any metadata listed as a candidate is not automatically a missing rule; source completeness remains in the linked book audit.
reclvse.roomPurpose,reclvse,Room Purpose,91,91,d20,20,oracle:reclvse.roomPurpose,"[""reclvse.roomPurpose""]",False,True,True,True,single table,True,True,True,False,False,1,oracle:reclvse.roomPurpose,1,VERIFIED,,0,[],0,[],0,False,"[""reclvse-full-room"", ""reclvse-reclvse-roompurpose""]",Entry fragments are readable. Any metadata listed as a candidate is not automatically a missing rule; source completeness remains in the linked book audit.
reclvse.light,reclvse,Light & Visibility,91,91,d12,12,oracle:reclvse.light,"[""reclvse.light""]",False,True,True,True,single table,True,True,True,False,False,1,oracle:reclvse.light,1,VERIFIED,,0,[],0,[],0,False,"[""reclvse-full-room"", ""reclvse-reclvse-light""]",Entry fragments are readable. Any metadata listed as a candidate is not automatically a missing rule; source completeness remains in the linked book audit.
reclvse.air,reclvse,Air / Temperature,91,91,d12,12,oracle:reclvse.air,"[""reclvse.air""]",False,True,True,True,single table,True,True,True,False,False,1,oracle:reclvse.air,1,VERIFIED,,0,[],0,[],0,False,"[""reclvse-full-room"", ""reclvse-reclvse-air""]",Entry fragments are readable. Any metadata listed as a candidate is not automatically a missing rule; source completeness remains in the linked book audit.
reclvse.smells,reclvse,Room Smells,92,92,d20,20,oracle:reclvse.smells,"[""reclvse.smells""]",False,True,True,True,single table,True,True,True,False,False,1,oracle:reclvse.smells,1,VERIFIED,,0,[],0,[],0,False,"[""reclvse-full-room"", ""reclvse-reclvse-smells""]",Entry fragments are readable. Any metadata listed as a candidate is not automatically a missing rule; source completeness remains in the linked book audit.
reclvse.dressing,reclvse,Room Dressing,92,92,d20,20,oracle:reclvse.dressing,"[""reclvse.dressing""]",False,True,True,True,single table,True,True,True,False,False,1,oracle:reclvse.dressing,1,VERIFIED,,0,[],0,[],0,False,"[""reclvse-full-room"", ""reclvse-reclvse-dressing""]",Entry fragments are readable. Any metadata listed as a candidate is not automatically a missing rule; source completeness remains in the linked book audit.
reclvse.contentsCategory,reclvse,Room Contents,92,92,d4,4,oracle:reclvse.contentsCategory,"[""reclvse.contentsCategory""]",False,True,True,True,single table,True,True,True,False,False,1,oracle:reclvse.contentsCategory,1,VERIFIED,,0,[],0,[],0,False,"[""reclvse-full-room"", ""reclvse-reclvse-contentscategory""]",Entry fragments are readable. Any metadata listed as a candidate is not automatically a missing rule; source completeness remains in the linked book audit.
reclvse.sounds,reclvse,Room Sounds,92,92,d20,20,oracle:reclvse.sounds,"[""reclvse.sounds""]",False,True,True,True,single table,True,True,True,False,False,1,oracle:reclvse.sounds,1,VERIFIED,,0,[],0,[],0,False,"[""reclvse-full-room"", ""reclvse-reclvse-sounds""]",Entry fragments are readable. Any metadata listed as a candidate is not automatically a missing rule; source completeness remains in the linked book audit.
reclvse.roomEncounter,reclvse,10C. Encounter,93,93,d20,20,oracle:reclvse.roomEncounter,"[""reclvse.roomEncounter""]",False,True,True,True,single table,True,True,True,False,False,1,oracle:reclvse.roomEncounter,1,VERIFIED,,0,[],0,[],0,False,"[""reclvse-reclvse-roomencounter""]",Entry fragments are readable. Any metadata listed as a candidate is not automatically a missing rule; source completeness remains in the linked book audit.
reclvse.roomDiscovery,reclvse,10A. Discovery,93,93,d20,20,oracle:reclvse.roomDiscovery,"[""reclvse.roomDiscovery""]",False,True,True,True,single table,True,True,True,False,False,1,oracle:reclvse.roomDiscovery,1,VERIFIED,,0,[],0,[],0,False,"[""reclvse-reclvse-roomdiscovery""]",Entry fragments are readable. Any metadata listed as a candidate is not automatically a missing rule; source completeness remains in the linked book audit.
reclvse.roomHazard,reclvse,10B. Hazard,93,93,d20,20,oracle:reclvse.roomHazard,"[""reclvse.roomHazard""]",False,True,True,True,single table,True,True,True,False,False,1,oracle:reclvse.roomHazard,1,VERIFIED,,0,[],0,[],0,False,"[""reclvse-reclvse-roomhazard""]",Entry fragments are readable. Any metadata listed as a candidate is not automatically a missing rule; source completeness remains in the linked book audit.
reclvse.roomLoot,reclvse,10D. Loot,93,93,d20,20,oracle:reclvse.roomLoot,"[""reclvse.roomLoot""]",False,True,True,True,single table,True,True,True,False,False,1,oracle:reclvse.roomLoot,1,VERIFIED,,0,[],0,[],0,False,"[""reclvse-reclvse-roomloot""]",Entry fragments are readable. Any metadata listed as a candidate is not automatically a missing rule; source completeness remains in the linked book audit.
reclvse.exitsNumber,reclvse,Number Of Exits,93,93,d6,6,oracle:reclvse.exitsNumber,"[""reclvse.exitsNumber""]",False,True,True,True,single table,True,True,True,False,False,1,oracle:reclvse.exitsNumber,1,VERIFIED,,0,[],0,[],0,False,"[""reclvse-full-room"", ""reclvse-reclvse-exitsnumber""]",Entry fragments are readable. Any metadata listed as a candidate is not automatically a missing rule; source completeness remains in the linked book audit.
reclvse.exitType,reclvse,Exit Type,93,93,d6,6,oracle:reclvse.exitType,"[""reclvse.exitType""]",False,True,True,True,single table,True,True,True,False,False,1,oracle:reclvse.exitType,1,VERIFIED,,0,[],0,[],0,False,"[""reclvse-full-room"", ""reclvse-reclvse-exittype""]",Entry fragments are readable. Any metadata listed as a candidate is not automatically a missing rule; source completeness remains in the linked book audit.
reclvse.encounterContext,reclvse,Encounter Context,119,119,d12,12,oracle:reclvse.encounterContext,"[""reclvse.encounterContext""]",False,True,True,True,single table,True,True,True,False,False,1,oracle:reclvse.encounterContext,1,VERIFIED,,0,[],0,[],0,False,"[""reclvse-reclvse-encountercontext""]",Entry fragments are readable. Any metadata listed as a candidate is not automatically a missing rule; source completeness remains in the linked book audit.
reclvse.initialDisposition,reclvse,Initial Disposition,120,120,d10,10,oracle:reclvse.initialDisposition,"[""reclvse.initialDisposition""]",False,True,True,True,single table,True,True,True,False,False,1,oracle:reclvse.initialDisposition,1,VERIFIED,,0,[],0,[],0,False,"[""reclvse-reclvse-initialdisposition""]",Entry fragments are readable. Any metadata listed as a candidate is not automatically a missing rule; source completeness remains in the linked book audit.
reclvse.immediateGoal,reclvse,Immediate Goal,120,120,d10,10,oracle:reclvse.immediateGoal,"[""reclvse.immediateGoal""]",False,True,True,True,single table,True,True,True,False,False,1,oracle:reclvse.immediateGoal,1,VERIFIED,,0,[],0,[],0,False,"[""reclvse-reclvse-immediategoal""]",Entry fragments are readable. Any metadata listed as a candidate is not automatically a missing rule; source completeness remains in the linked book audit.
reclvse.socialComplication,reclvse,Social & Narrative Complications,120,120,d10,10,oracle:reclvse.socialComplication,"[""reclvse.socialComplication""]",False,True,True,True,single table,True,True,True,False,False,1,oracle:reclvse.socialComplication,1,VERIFIED,,0,[],0,[],0,False,"[""reclvse-reclvse-socialcomplication""]",Entry fragments are readable. Any metadata listed as a candidate is not automatically a missing rule; source completeness remains in the linked book audit.
reclvse.strangeMeeting,reclvse,Strange Meetings,120,120,d10,10,oracle:reclvse.strangeMeeting,"[""reclvse.strangeMeeting""]",False,True,True,True,single table,True,True,True,False,False,1,oracle:reclvse.strangeMeeting,1,VERIFIED,,0,[],0,[],0,False,"[""reclvse-reclvse-strangemeeting""]",Entry fragments are readable. Any metadata listed as a candidate is not automatically a missing rule; source completeness remains in the linked book audit.
reclvse.encounterAftermath,reclvse,Immediate Aftermath,121,121,d10,10,oracle:reclvse.encounterAftermath,"[""reclvse.encounterAftermath""]",False,True,True,True,single table,True,True,True,False,False,1,oracle:reclvse.encounterAftermath,1,VERIFIED,,0,[],0,[],0,False,"[""reclvse-reclvse-encounteraftermath""]",Entry fragments are readable. Any metadata listed as a candidate is not automatically a missing rule; source completeness remains in the linked book audit.
reclvse.encounterConsequence,reclvse,Lasting Consequences,121,121,d12,12,oracle:reclvse.encounterConsequence,"[""reclvse.encounterConsequence""]",False,True,True,True,single table,True,True,True,False,False,1,oracle:reclvse.encounterConsequence,1,VERIFIED,,0,[],0,[],0,False,"[""reclvse-reclvse-encounterconsequence""]",Entry fragments are readable. Any metadata listed as a candidate is not automatically a missing rule; source completeness remains in the linked book audit.
reclvse.arcaneEncounter,reclvse,Arcane Encounters,121,121,d8,8,oracle:reclvse.arcaneEncounter,"[""reclvse.arcaneEncounter""]",False,True,True,True,single table,True,True,True,False,False,1,oracle:reclvse.arcaneEncounter,1,VERIFIED,,0,[],0,[],0,False,"[""reclvse-reclvse-arcaneencounter""]",Entry fragments are readable. Any metadata listed as a candidate is not automatically a missing rule; source completeness remains in the linked book audit.
reclvse.questEncounterHook,reclvse,Quest-Related Encounter Hook,121,121,d8,8,oracle:reclvse.questEncounterHook,"[""reclvse.questEncounterHook""]",False,True,True,True,single table,True,True,True,False,False,1,oracle:reclvse.questEncounterHook,1,VERIFIED,,0,[],0,[],0,False,"[""reclvse-reclvse-questencounterhook""]",Entry fragments are readable. Any metadata listed as a candidate is not automatically a missing rule; source completeness remains in the linked book audit.
reclvse.positionalComplication,reclvse,Positional Complications,122,122,d12,12,oracle:reclvse.positionalComplication,"[""reclvse.positionalComplication""]",False,True,True,True,single table,True,True,True,False,False,1,oracle:reclvse.positionalComplication,1,VERIFIED,,0,[],0,[],0,False,"[""reclvse-reclvse-positionalcomplication""]",Entry fragments are readable. Any metadata listed as a candidate is not automatically a missing rule; source completeness remains in the linked book audit.
reclvse.tacticalComplication,reclvse,Tactical Complications,122,122,d12,12,oracle:reclvse.tacticalComplication,"[""reclvse.tacticalComplication""]",False,True,True,True,single table,True,True,True,False,False,1,oracle:reclvse.tacticalComplication,1,VERIFIED,,0,[],0,[],0,False,"[""reclvse-reclvse-tacticalcomplication""]",Entry fragments are readable. Any metadata listed as a candidate is not automatically a missing rule; source completeness remains in the linked book audit.
reclvse.narrativeComplication,reclvse,Narrative Complications,123,123,d12,12,oracle:reclvse.narrativeComplication,"[""reclvse.narrativeComplication""]",False,True,True,True,single table,True,True,True,False,False,1,oracle:reclvse.narrativeComplication,1,VERIFIED,,0,[],0,[],0,False,"[""reclvse-reclvse-narrativecomplication""]",Entry fragments are readable. Any metadata listed as a candidate is not automatically a missing rule; source completeness remains in the linked book audit.
reclvse.multiEntityComplication,reclvse,Multi-Entity Complications,123,123,d12,12,oracle:reclvse.multiEntityComplication,"[""reclvse.multiEntityComplication""]",False,True,True,True,single table,True,True,True,False,False,1,oracle:reclvse.multiEntityComplication,1,VERIFIED,,0,[],0,[],0,False,"[""reclvse-reclvse-multientitycomplication""]",Entry fragments are readable. Any metadata listed as a candidate is not automatically a missing rule; source completeness remains in the linked book audit.
reclvse.npcSummary,reclvse,NPC Summary,124,124,d20,20,oracle:reclvse.npcSummary,"[""reclvse.npcSummary""]",False,True,True,True,single table,True,True,True,False,False,1,oracle:reclvse.npcSummary,1,VERIFIED,,0,[],0,[],0,False,"[""reclvse-reclvse-npcsummary""]",Entry fragments are readable. Any metadata listed as a candidate is not automatically a missing rule; source completeness remains in the linked book audit.
reclvse.npcMotivation,reclvse,NPC Motivation,124,124,d20,20,oracle:reclvse.npcMotivation,"[""reclvse.npcMotivation""]",False,True,True,True,single table,True,True,True,False,False,1,oracle:reclvse.npcMotivation,1,VERIFIED,,0,[],0,[],0,False,"[""reclvse-reclvse-npcmotivation""]",Entry fragments are readable. Any metadata listed as a candidate is not automatically a missing rule; source completeness remains in the linked book audit.
reclvse.npcGender,reclvse,NPC Gender,125,125,d4,4,oracle:reclvse.npcGender,"[""reclvse.npcGender""]",False,True,True,True,single table,True,True,True,False,False,1,oracle:reclvse.npcGender,1,VERIFIED,,0,[],0,[],0,False,"[""reclvse-reclvse-npcgender""]",Entry fragments are readable. Any metadata listed as a candidate is not automatically a missing rule; source completeness remains in the linked book audit.
reclvse.npcAppearance,reclvse,NPC Appearance,125,125,d100,100,oracle:reclvse.npcAppearance,"[""reclvse.npcAppearance""]",False,True,True,True,single table,True,True,True,False,False,1,oracle:reclvse.npcAppearance,1,VERIFIED,,0,[],0,[],0,False,"[""reclvse-reclvse-npcappearance""]",Entry fragments are readable. Any metadata listed as a candidate is not automatically a missing rule; source completeness remains in the linked book audit.
reclvse.npcPersonality,reclvse,NPC Personality Traits,126,126,d100,100,oracle:reclvse.npcPersonality,"[""reclvse.npcPersonality""]",False,True,True,True,single table,True,True,True,False,False,1,oracle:reclvse.npcPersonality,1,VERIFIED,,0,[],0,[],0,False,"[""reclvse-reclvse-npcpersonality""]",Entry fragments are readable. Any metadata listed as a candidate is not automatically a missing rule; source completeness remains in the linked book audit.
reclvse.bodyFeature,reclvse,Body Feature,127,127,d20,20,oracle:reclvse.bodyFeature,"[""reclvse.bodyFeature""]",False,True,True,True,single table,True,True,True,False,False,1,oracle:reclvse.bodyFeature,1,VERIFIED,,0,[],0,[],0,False,"[""reclvse-reclvse-bodyfeature""]",Entry fragments are readable. Any metadata listed as a candidate is not automatically a missing rule; source completeness remains in the linked book audit.
reclvse.hairGrooming,reclvse,Hair / Grooming,127,127,d20,20,oracle:reclvse.hairGrooming,"[""reclvse.hairGrooming""]",False,True,True,True,single table,True,True,True,False,False,1,oracle:reclvse.hairGrooming,1,VERIFIED,,0,[],0,[],0,False,"[""reclvse-reclvse-hairgrooming""]",Entry fragments are readable. Any metadata listed as a candidate is not automatically a missing rule; source completeness remains in the linked book audit.
reclvse.clothingDetail,reclvse,Clothing Detail,127,127,d20,20,oracle:reclvse.clothingDetail,"[""reclvse.clothingDetail""]",False,True,True,True,single table,True,True,True,False,False,1,oracle:reclvse.clothingDetail,1,VERIFIED,,0,[],0,[],0,False,"[""reclvse-reclvse-clothingdetail""]",Entry fragments are readable. Any metadata listed as a candidate is not automatically a missing rule; source completeness remains in the linked book audit.
reclvse.overallPresence,reclvse,Overall Presence,127,127,d20,20,oracle:reclvse.overallPresence,"[""reclvse.overallPresence""]",False,True,True,True,single table,True,True,True,False,False,1,oracle:reclvse.overallPresence,1,VERIFIED,,0,[],0,[],0,False,"[""reclvse-reclvse-overallpresence""]",Entry fragments are readable. Any metadata listed as a candidate is not automatically a missing rule; source completeness remains in the linked book audit.
reclvse.color,reclvse,Color,127,127,d12,12,oracle:reclvse.color,"[""reclvse.color""]",False,True,True,True,single table,True,True,True,False,False,1,oracle:reclvse.color,1,VERIFIED,,0,[],0,[],0,False,"[""reclvse-reclvse-color""]",Entry fragments are readable. Any metadata listed as a candidate is not automatically a missing rule; source completeness remains in the linked book audit.
reclvse.size,reclvse,Size,127,127,d6,6,oracle:reclvse.size,"[""reclvse.size""]",False,True,True,True,single table,True,True,True,False,False,1,oracle:reclvse.size,1,VERIFIED,,0,[],0,[],0,False,"[""reclvse-reclvse-size""]",Entry fragments are readable. Any metadata listed as a candidate is not automatically a missing rule; source completeness remains in the linked book audit.
reclvse.weight,reclvse,Weight,127,127,d6,6,oracle:reclvse.weight,"[""reclvse.weight""]",False,True,True,True,single table,True,True,True,False,False,1,oracle:reclvse.weight,1,VERIFIED,,0,[],0,[],0,False,"[""reclvse-reclvse-weight""]",Entry fragments are readable. Any metadata listed as a candidate is not automatically a missing rule; source completeness remains in the linked book audit.
reclvse.quality,reclvse,Quality,127,127,d6,6,oracle:reclvse.quality,"[""reclvse.quality""]",False,True,True,True,single table,True,True,True,False,False,1,oracle:reclvse.quality,1,VERIFIED,,0,[],0,[],0,False,"[""reclvse-reclvse-quality""]",Entry fragments are readable. Any metadata listed as a candidate is not automatically a missing rule; source completeness remains in the linked book audit.
reclvse.factionOrigin,reclvse,Faction Origin,128,128,d20,20,oracle:reclvse.factionOrigin,"[""reclvse.factionOrigin""]",False,True,True,True,single table,True,True,True,False,False,1,oracle:reclvse.factionOrigin,1,VERIFIED,,0,[],0,[],0,False,"[""reclvse-reclvse-factionorigin""]",Entry fragments are readable. Any metadata listed as a candidate is not automatically a missing rule; source completeness remains in the linked book audit.
reclvse.factionAttitude,reclvse,Faction Attitude Toward You,128,128,d20,20,oracle:reclvse.factionAttitude,"[""reclvse.factionAttitude""]",False,True,True,True,single table,True,True,True,False,False,1,oracle:reclvse.factionAttitude,1,VERIFIED,,0,[],0,[],0,False,"[""reclvse-reclvse-factionattitude""]",Entry fragments are readable. Any metadata listed as a candidate is not automatically a missing rule; source completeness remains in the linked book audit.
reclvse.factionPurpose,reclvse,Faction Purpose,128,128,d20,20,oracle:reclvse.factionPurpose,"[""reclvse.factionPurpose""]",False,True,True,True,single table,True,True,True,False,False,1,oracle:reclvse.factionPurpose,1,VERIFIED,,0,[],0,[],0,False,"[""reclvse-reclvse-factionpurpose""]",Entry fragments are readable. Any metadata listed as a candidate is not automatically a missing rule; source completeness remains in the linked book audit.
reclvse.factionPower,reclvse,Faction Power Level,128,128,d20,20,oracle:reclvse.factionPower,"[""reclvse.factionPower""]",False,True,True,True,single table,True,True,True,False,False,1,oracle:reclvse.factionPower,1,VERIFIED,,0,[],0,[],0,False,"[""reclvse-reclvse-factionpower""]",Entry fragments are readable. Any metadata listed as a candidate is not automatically a missing rule; source completeness remains in the linked book audit.
reclvse.factionResources,reclvse,Faction Resources,129,129,d20,20,oracle:reclvse.factionResources,"[""reclvse.factionResources""]",False,True,True,True,single table,True,True,True,False,False,1,oracle:reclvse.factionResources,1,VERIFIED,,0,[],0,[],0,False,"[""reclvse-reclvse-factionresources""]",Entry fragments are readable. Any metadata listed as a candidate is not automatically a missing rule; source completeness remains in the linked book audit.
reclvse.factionPlot,reclvse,Faction Plot Hooks,129,129,d20,20,oracle:reclvse.factionPlot,"[""reclvse.factionPlot""]",False,True,True,True,single table,True,True,True,False,False,1,oracle:reclvse.factionPlot,1,VERIFIED,,0,[],0,[],0,False,"[""reclvse-reclvse-factionplot""]",Entry fragments are readable. Any metadata listed as a candidate is not automatically a missing rule; source completeness remains in the linked book audit.
reclvse.factionWeakness,reclvse,Faction Weaknesses,129,129,d20,20,oracle:reclvse.factionWeakness,"[""reclvse.factionWeakness""]",False,True,True,True,single table,True,True,True,False,False,1,oracle:reclvse.factionWeakness,1,VERIFIED,,0,[],0,[],0,False,"[""reclvse-reclvse-factionweakness""]",Entry fragments are readable. Any metadata listed as a candidate is not automatically a missing rule; source completeness remains in the linked book audit.
reclvse.action,reclvse,Action Oracle,134,134,d100,100,oracle:reclvse.action,"[""reclvse.action""]",False,True,True,True,single table,True,True,True,False,False,1,oracle:reclvse.action,1,VERIFIED,,0,[],0,[],0,False,"[""reclvse-reclvse-action""]",Entry fragments are readable. Any metadata listed as a candidate is not automatically a missing rule; source completeness remains in the linked book audit.
reclvse.theme,reclvse,Theme Oracle,135,135,d100,100,oracle:reclvse.theme,"[""reclvse.theme""]",False,True,True,True,single table,True,True,True,False,False,1,oracle:reclvse.theme,1,VERIFIED,,0,[],0,[],0,False,"[""reclvse-reclvse-theme""]",Entry fragments are readable. Any metadata listed as a candidate is not automatically a missing rule; source completeness remains in the linked book audit.
reclvse.focus,reclvse,Focus Oracle,135,135,d100,100,oracle:reclvse.focus,"[""reclvse.focus""]",False,True,True,True,single table,True,True,True,False,False,1,oracle:reclvse.focus,1,VERIFIED,,0,[],0,[],0,False,"[""reclvse-reclvse-focus""]",Entry fragments are readable. Any metadata listed as a candidate is not automatically a missing rule; source completeness remains in the linked book audit.
reclvse.descriptor,reclvse,Descriptor Oracle,136,136,d100,100,oracle:reclvse.descriptor,"[""reclvse.descriptor""]",False,True,True,True,single table,True,True,True,False,False,1,oracle:reclvse.descriptor,1,VERIFIED,,0,[],0,[],0,False,"[""reclvse-reclvse-descriptor""]",Entry fragments are readable. Any metadata listed as a candidate is not automatically a missing rule; source completeness remains in the linked book audit.
reclvse.detail,reclvse,Detail Oracle,136,136,d100,100,oracle:reclvse.detail,"[""reclvse.detail""]",False,True,True,True,single table,True,True,True,False,False,1,oracle:reclvse.detail,1,VERIFIED,,0,[],0,[],0,False,"[""reclvse-reclvse-detail""]",Entry fragments are readable. Any metadata listed as a candidate is not automatically a missing rule; source completeness remains in the linked book audit.
sd.npc.disposition,sd,NPCs — Disposition,14,12,d66,36,oracle:sd.npc.disposition,"[""sd.npc.disposition"", ""sd.npc.profession""]",False,True,True,True,all group steps,True,True,True,False,False,1,oracle:sd.npc.disposition,1,VERIFIED,,0,[],0,[],0,False,"[""sd-sd-npc-disposition""]",Entry fragments are readable. Any metadata listed as a candidate is not automatically a missing rule; source completeness remains in the linked book audit.
sd.npc.profession,sd,NPCs — Profession,14,12,d66,36,oracle:sd.npc.disposition,"[""sd.npc.disposition"", ""sd.npc.profession""]",True,True,True,True,all group steps,True,True,True,False,False,1,oracle:sd.npc.disposition,1,VERIFIED,,0,[],0,[],0,False,"[""sd-sd-npc-profession""]",Entry fragments are readable. Any metadata listed as a candidate is not automatically a missing rule; source completeness remains in the linked book audit.
sd.room.adjective,sd,Dungeon Room Descriptors — Room Adjective,15,13,d20,20,oracle:sd.room.adjective,"[""sd.room.adjective"", ""sd.room.type""]",False,True,True,True,all group steps,True,True,True,False,False,1,oracle:sd.room.adjective,1,VERIFIED,,0,[],0,[],0,False,"[""sd-sd-room-adjective"", ""sd-special-room-preparation""]",Entry fragments are readable. Any metadata listed as a candidate is not automatically a missing rule; source completeness remains in the linked book audit.
sd.room.type,sd,Dungeon Room Descriptors — Room Type,15,13,d12,12,oracle:sd.room.adjective,"[""sd.room.adjective"", ""sd.room.type""]",True,True,True,True,all group steps,True,True,True,False,False,1,oracle:sd.room.adjective,1,VERIFIED,,0,[],0,[],0,False,"[""sd-sd-room-type"", ""sd-special-room-preparation""]",Entry fragments are readable. Any metadata listed as a candidate is not automatically a missing rule; source completeness remains in the linked book audit.
sd.room.exits,sd,Dungeon Room Descriptors — Room Exits,15,13,d4,4,oracle:sd.room.exits,"[""sd.room.exits""]",False,True,True,True,single table,True,True,True,False,False,1,oracle:sd.room.exits,1,VERIFIED,,0,[],4,"[""bySpecialRoomsUncovered""]",0,False,"[""sd-sd-room-exits""]","All five values per row are printed, but TABLE does not label the five Special Rooms Uncovered columns. A source note explains the 0–4 basis before rolling; Dungeon procedure resolves the actual column."
sd.room.contents,sd,Dungeon Room Descriptors — Room Contents,15,13,d12,11,oracle:sd.room.contents,"[""sd.room.contents""]",False,True,True,True,single table,True,True,True,False,False,1,oracle:sd.room.contents,1,VERIFIED,,0,[],0,[],0,False,"[""sd-sd-room-contents""]",Entry fragments are readable. Any metadata listed as a candidate is not automatically a missing rule; source completeness remains in the linked book audit.
sd.yesNo,sd,Yes or No?,12,10,d4,4,oracle:sd.yesNo,"[""sd.yesNo""]",False,True,True,True,single table,True,True,True,False,False,1,oracle:sd.yesNo,1,VERIFIED,,0,[],0,[],0,False,"[""sd-sd-yesno""]",Entry fragments are readable. Any metadata listed as a candidate is not automatically a missing rule; source completeness remains in the linked book audit.
sd.material.quality,sd,Materials — Quality,13,11,d20,20,oracle:sd.material.quality,"[""sd.material.quality"", ""sd.material.composition""]",False,True,True,True,all group steps,True,True,True,False,False,1,oracle:sd.material.quality,1,VERIFIED,,0,[],0,[],0,False,"[""sd-sd-material-quality""]",Entry fragments are readable. Any metadata listed as a candidate is not automatically a missing rule; source completeness remains in the linked book audit.
sd.material.composition,sd,Materials — Compostion,13,11,d12,12,oracle:sd.material.quality,"[""sd.material.quality"", ""sd.material.composition""]",True,True,True,True,all group steps,True,True,True,False,False,1,oracle:sd.material.quality,1,VERIFIED,,0,[],0,[],0,False,"[""sd-sd-material-composition""]",Entry fragments are readable. Any metadata listed as a candidate is not automatically a missing rule; source completeness remains in the linked book audit.
sd.sound.quality,sd,Sounds — Quality,13,11,d12,12,oracle:sd.sound.quality,"[""sd.sound.quality"", ""sd.sound.type""]",False,True,True,True,all group steps,True,True,True,False,False,2,procedure:sd.sound,1,VERIFIED,,0,[],0,[],0,False,"[""sd-sd-sound-quality""]",Entry fragments are readable. Any metadata listed as a candidate is not automatically a missing rule; source completeness remains in the linked book audit.
sd.sound.type,sd,Sounds — Type,13,11,d20,20,oracle:sd.sound.quality,"[""sd.sound.quality"", ""sd.sound.type""]",True,True,True,True,all group steps,True,True,True,False,False,2,procedure:sd.sound,1,VERIFIED,,0,[],0,[],0,False,"[""sd-sd-sound-type""]",Entry fragments are readable. Any metadata listed as a candidate is not automatically a missing rule; source completeness remains in the linked book audit.
sd.odoursTastes,sd,Odours & Tastes,13,11,d20,20,oracle:sd.odoursTastes,"[""sd.odoursTastes""]",False,True,True,True,single table,True,True,True,False,False,1,oracle:sd.odoursTastes,1,VERIFIED,,0,[],0,[],0,False,"[""sd-sd-odourstastes""]",Entry fragments are readable. Any metadata listed as a candidate is not automatically a missing rule; source completeness remains in the linked book audit.
sd.stockCreatures,sd,Stock Creatures,11,9,d20,20,oracle:sd.stockCreatures,"[""sd.stockCreatures""]",False,True,True,True,single table,True,True,True,False,False,1,oracle:sd.stockCreatures,1,VERIFIED,,0,[],0,[],0,False,"[""sd-sd-stockcreatures""]",Entry fragments are readable. Any metadata listed as a candidate is not automatically a missing rule; source completeness remains in the linked book audit.
sd.usefulItems,sd,Useful Items,11,9,d6,6,oracle:sd.usefulItems,"[""sd.usefulItems""]",False,True,True,True,single table,True,True,True,False,False,1,oracle:sd.usefulItems,1,VERIFIED,,0,[],0,[],0,False,"[""sd-sd-usefulitems""]",Entry fragments are readable. Any metadata listed as a candidate is not automatically a missing rule; source completeness remains in the linked book audit.
sd.search.strong,sd,Searching for an Object — Strong Hit,8,6,d4,3,oracle:sd.search.strong,"[""sd.search.strong""]",False,True,True,True,single table,True,True,True,False,False,1,oracle:sd.search.strong,1,VERIFIED,,0,[],0,[],0,False,"[""sd-sd-search-strong""]",Entry fragments are readable. Any metadata listed as a candidate is not automatically a missing rule; source completeness remains in the linked book audit.
sd.search.weak,sd,Searching for an Object — Weak Hit,8,6,d4,4,oracle:sd.search.weak,"[""sd.search.weak""]",False,True,True,True,single table,True,True,True,False,False,1,oracle:sd.search.weak,1,VERIFIED,,0,[],0,[],0,False,"[""sd-sd-search-weak""]",Entry fragments are readable. Any metadata listed as a candidate is not automatically a missing rule; source completeness remains in the linked book audit.
depths.region.tveland.trait,depths,Tveland — Trait,26,23,d10,9,oracle:depths.region.tveland.trait,"[""depths.region.tveland.trait""]",False,True,True,True,single table,True,True,True,False,False,1,oracle:depths.region.tveland.trait,1,VERIFIED,,0,[],0,[],0,False,"[""depths-depths-region-tveland-trait""]",Entry fragments are readable. Any metadata listed as a candidate is not automatically a missing rule; source completeness remains in the linked book audit.
depths.region.tveland.feature,depths,Tveland — Feature,26,23,d10,10,oracle:depths.region.tveland.feature,"[""depths.region.tveland.feature""]",False,True,True,True,single table,True,True,True,False,False,1,oracle:depths.region.tveland.feature,1,VERIFIED,,0,[],0,[],0,False,"[""depths-depths-region-tveland-feature""]",Entry fragments are readable. Any metadata listed as a candidate is not automatically a missing rule; source completeness remains in the linked book audit.
depths.region.tveland.discovery,depths,Tveland — Discovery,26,23,d10,10,oracle:depths.region.tveland.discovery,"[""depths.region.tveland.discovery""]",False,True,True,True,single table,True,True,True,False,False,1,oracle:depths.region.tveland.discovery,1,VERIFIED,,0,[],0,[],0,False,"[""depths-depths-region-tveland-discovery""]",Entry fragments are readable. Any metadata listed as a candidate is not automatically a missing rule; source completeness remains in the linked book audit.
depths.region.tveland.monsters,depths,Tveland — Monsters,26,23,d6,6,oracle:depths.region.tveland.monsters,"[""depths.region.tveland.monsters""]",False,True,True,True,single table,True,True,True,False,False,1,oracle:depths.region.tveland.monsters,1,VERIFIED,,0,[],0,[],0,False,"[""depths-depths-region-tveland-monsters""]",Source identity and quantity are in row text; quantityDice metadata is redundant for reading. Regional monster workflow resolves definitions separately; generic TABLE identity is not a stat block.
depths.region.tveland.npc_professions,depths,Tveland — NPC Professions,26,23,d10,9,oracle:depths.region.tveland.npc_professions,"[""depths.region.tveland.npc_professions""]",False,True,True,True,single table,True,True,True,False,False,1,oracle:depths.region.tveland.npc_professions,1,VERIFIED,,0,[],0,[],0,False,"[""depths-depths-region-tveland-npc-professions""]",Entry fragments are readable. Any metadata listed as a candidate is not automatically a missing rule; source completeness remains in the linked book audit.
depths.region.sarkash.trait,depths,Sarkash — Trait,27,24,d10,10,oracle:depths.region.sarkash.trait,"[""depths.region.sarkash.trait""]",False,True,True,True,single table,True,True,True,False,False,1,oracle:depths.region.sarkash.trait,1,VERIFIED,,0,[],0,[],0,False,"[""depths-depths-region-sarkash-trait""]",Entry fragments are readable. Any metadata listed as a candidate is not automatically a missing rule; source completeness remains in the linked book audit.
depths.region.sarkash.feature,depths,Sarkash — Feature,27,24,d10,10,oracle:depths.region.sarkash.feature,"[""depths.region.sarkash.feature""]",False,True,True,True,single table,True,True,True,False,False,1,oracle:depths.region.sarkash.feature,1,VERIFIED,,0,[],0,[],0,False,"[""depths-depths-region-sarkash-feature""]",Entry fragments are readable. Any metadata listed as a candidate is not automatically a missing rule; source completeness remains in the linked book audit.
depths.region.sarkash.discovery,depths,Sarkash — Discovery,27,24,d10,10,oracle:depths.region.sarkash.discovery,"[""depths.region.sarkash.discovery""]",False,True,True,True,single table,True,True,True,False,False,1,oracle:depths.region.sarkash.discovery,1,VERIFIED,,0,[],0,[],0,False,"[""depths-depths-region-sarkash-discovery""]",Entry fragments are readable. Any metadata listed as a candidate is not automatically a missing rule; source completeness remains in the linked book audit.
depths.region.sarkash.monsters,depths,Sarkash — Monsters,27,24,d6,6,oracle:depths.region.sarkash.monsters,"[""depths.region.sarkash.monsters""]",False,True,True,True,single table,True,True,True,False,False,2,rule:regional-monsters:sarkash,1,VERIFIED,,0,[],0,[],0,False,"[""depths-depths-region-sarkash-monsters""]",Source identity and quantity are in row text; quantityDice metadata is redundant for reading. Regional monster workflow resolves definitions separately; generic TABLE identity is not a stat block.
depths.region.sarkash.npc_professions,depths,Sarkash — NPC Professions,27,24,d10,10,oracle:depths.region.sarkash.npc_professions,"[""depths.region.sarkash.npc_professions""]",False,True,True,True,single table,True,True,True,False,False,1,oracle:depths.region.sarkash.npc_professions,1,VERIFIED,,0,[],0,[],0,False,"[""depths-depths-region-sarkash-npc-professions""]",Entry fragments are readable. Any metadata listed as a candidate is not automatically a missing rule; source completeness remains in the linked book audit.
depths.region.graven_tosk.trait,depths,Graven-Tosk — Trait,28,25,d10,10,oracle:depths.region.graven_tosk.trait,"[""depths.region.graven_tosk.trait""]",False,True,True,True,single table,True,True,True,False,False,1,oracle:depths.region.graven_tosk.trait,1,VERIFIED,,0,[],0,[],0,False,"[""depths-depths-region-graven-tosk-trait""]",Entry fragments are readable. Any metadata listed as a candidate is not automatically a missing rule; source completeness remains in the linked book audit.
depths.region.graven_tosk.feature,depths,Graven-Tosk — Feature,28,25,d10,9,oracle:depths.region.graven_tosk.feature,"[""depths.region.graven_tosk.feature""]",False,True,True,True,single table,True,True,True,False,False,1,oracle:depths.region.graven_tosk.feature,1,VERIFIED,,0,[],0,[],0,False,"[""depths-depths-region-graven-tosk-feature""]",Entry fragments are readable. Any metadata listed as a candidate is not automatically a missing rule; source completeness remains in the linked book audit.
depths.region.graven_tosk.discovery,depths,Graven-Tosk — Discovery,28,25,d10,10,oracle:depths.region.graven_tosk.discovery,"[""depths.region.graven_tosk.discovery""]",False,True,True,True,single table,True,True,True,False,False,1,oracle:depths.region.graven_tosk.discovery,1,VERIFIED,,0,[],0,[],0,False,"[""depths-depths-region-graven-tosk-discovery""]",Entry fragments are readable. Any metadata listed as a candidate is not automatically a missing rule; source completeness remains in the linked book audit.
depths.region.graven_tosk.monsters,depths,Graven-Tosk — Monsters,28,25,d6,6,oracle:depths.region.graven_tosk.monsters,"[""depths.region.graven_tosk.monsters""]",False,True,True,True,single table,True,True,True,False,False,2,rule:regional-monsters:graven-tosk,1,VERIFIED,,0,[],0,[],0,False,"[""depths-depths-region-graven-tosk-monsters""]",Source identity and quantity are in row text; quantityDice metadata is redundant for reading. Regional monster workflow resolves definitions separately; generic TABLE identity is not a stat block.
depths.region.graven_tosk.npc_professions,depths,Graven-Tosk — NPC Professions,28,25,d10,10,oracle:depths.region.graven_tosk.npc_professions,"[""depths.region.graven_tosk.npc_professions""]",False,True,True,True,single table,True,True,True,False,False,1,oracle:depths.region.graven_tosk.npc_professions,1,VERIFIED,,0,[],0,[],0,False,"[""depths-depths-region-graven-tosk-npc-professions""]",Entry fragments are readable. Any metadata listed as a candidate is not automatically a missing rule; source completeness remains in the linked book audit.
depths.region.lake_onda.trait,depths,Lake Onda — Trait,29,26,d10,10,oracle:depths.region.lake_onda.trait,"[""depths.region.lake_onda.trait""]",False,True,True,True,single table,True,True,True,False,False,1,oracle:depths.region.lake_onda.trait,1,VERIFIED,,0,[],0,[],0,False,"[""depths-depths-region-lake-onda-trait""]",Entry fragments are readable. Any metadata listed as a candidate is not automatically a missing rule; source completeness remains in the linked book audit.
depths.region.lake_onda.feature,depths,Lake Onda — Feature,29,26,d10,10,oracle:depths.region.lake_onda.feature,"[""depths.region.lake_onda.feature""]",False,True,True,True,single table,True,True,True,False,False,1,oracle:depths.region.lake_onda.feature,1,VERIFIED,,0,[],0,[],0,False,"[""depths-depths-region-lake-onda-feature""]",Entry fragments are readable. Any metadata listed as a candidate is not automatically a missing rule; source completeness remains in the linked book audit.
depths.region.lake_onda.discovery,depths,Lake Onda — Discovery,29,26,d10,10,oracle:depths.region.lake_onda.discovery,"[""depths.region.lake_onda.discovery""]",False,True,True,True,single table,True,True,True,False,False,1,oracle:depths.region.lake_onda.discovery,1,VERIFIED,,0,[],0,[],0,False,"[""depths-depths-region-lake-onda-discovery""]",Entry fragments are readable. Any metadata listed as a candidate is not automatically a missing rule; source completeness remains in the linked book audit.
depths.region.lake_onda.monsters,depths,Lake Onda — Monsters,29,26,d6,6,oracle:depths.region.lake_onda.monsters,"[""depths.region.lake_onda.monsters""]",False,True,True,True,single table,True,True,True,False,False,1,oracle:depths.region.lake_onda.monsters,1,VERIFIED,,0,[],0,[],0,False,"[""depths-depths-region-lake-onda-monsters"", ""depths-lake-onda-route"", ""feretory:creature-cursed-trout""]",Source identity and quantity are in row text; quantityDice metadata is redundant for reading. Regional monster workflow resolves definitions separately; generic TABLE identity is not a stat block.
depths.region.lake_onda.npc_professions,depths,Lake Onda — NPC Professions,29,26,d10,10,oracle:depths.region.lake_onda.npc_professions,"[""depths.region.lake_onda.npc_professions""]",False,True,True,True,single table,True,True,True,False,False,1,oracle:depths.region.lake_onda.npc_professions,1,VERIFIED,,0,[],0,[],0,False,"[""depths-depths-region-lake-onda-npc-professions""]",Entry fragments are readable. Any metadata listed as a candidate is not automatically a missing rule; source completeness remains in the linked book audit.
depths.region.valley_unfortunate_undead.trait,depths,Valley of the Unfortunate Undead — Trait,30,27,d10,10,oracle:depths.region.valley_unfortunate_undead.trait,"[""depths.region.valley_unfortunate_undead.trait""]",False,True,True,True,single table,True,True,True,False,False,1,oracle:depths.region.valley_unfortunate_undead.trait,1,VERIFIED,,0,[],0,[],0,False,"[""depths-depths-region-valley-unfortunate-undead-trait""]",Entry fragments are readable. Any metadata listed as a candidate is not automatically a missing rule; source completeness remains in the linked book audit.
depths.region.valley_unfortunate_undead.feature,depths,Valley of the Unfortunate Undead — Feature,30,27,d10,10,oracle:depths.region.valley_unfortunate_undead.feature,"[""depths.region.valley_unfortunate_undead.feature""]",False,True,True,True,single table,True,True,True,False,False,1,oracle:depths.region.valley_unfortunate_undead.feature,1,VERIFIED,,0,[],0,[],0,False,"[""depths-depths-region-valley-unfortunate-undead-feature""]",Entry fragments are readable. Any metadata listed as a candidate is not automatically a missing rule; source completeness remains in the linked book audit.
depths.region.valley_unfortunate_undead.discovery,depths,Valley of the Unfortunate Undead — Discovery,30,27,d10,10,oracle:depths.region.valley_unfortunate_undead.discovery,"[""depths.region.valley_unfortunate_undead.discovery""]",False,True,True,True,single table,True,True,True,False,False,1,oracle:depths.region.valley_unfortunate_undead.discovery,1,VERIFIED,,0,[],0,[],0,False,"[""depths-depths-region-valley-unfortunate-undead-discovery""]",Entry fragments are readable. Any metadata listed as a candidate is not automatically a missing rule; source completeness remains in the linked book audit.
depths.region.valley_unfortunate_undead.monsters,depths,Valley of the Unfortunate Undead — Monsters,30,27,d6,6,oracle:depths.region.valley_unfortunate_undead.monsters,"[""depths.region.valley_unfortunate_undead.monsters""]",False,True,True,True,single table,True,True,True,False,False,1,oracle:depths.region.valley_unfortunate_undead.monsters,1,VERIFIED,,0,[],0,[],0,False,"[""depths-depths-region-valley-unfortunate-undead-monsters""]",Source identity and quantity are in row text; quantityDice metadata is redundant for reading. Regional monster workflow resolves definitions separately; generic TABLE identity is not a stat block.
depths.region.valley_unfortunate_undead.npc_professions,depths,Valley of the Unfortunate Undead — NPC Professions,30,27,d10,10,oracle:depths.region.valley_unfortunate_undead.npc_professions,"[""depths.region.valley_unfortunate_undead.npc_professions""]",False,True,True,True,single table,True,True,True,False,False,1,oracle:depths.region.valley_unfortunate_undead.npc_professions,1,VERIFIED,,0,[],0,[],0,False,"[""depths-depths-region-valley-unfortunate-undead-npc-professions""]",Entry fragments are readable. Any metadata listed as a candidate is not automatically a missing rule; source completeness remains in the linked book audit.
depths.region.bergen_chrypt.trait,depths,Bergen Chrypt — Trait,31,28,d10,10,oracle:depths.region.bergen_chrypt.trait,"[""depths.region.bergen_chrypt.trait""]",False,True,True,True,single table,True,True,True,False,False,1,oracle:depths.region.bergen_chrypt.trait,1,VERIFIED,,0,[],0,[],0,False,"[""depths-depths-region-bergen-chrypt-trait""]",Entry fragments are readable. Any metadata listed as a candidate is not automatically a missing rule; source completeness remains in the linked book audit.
depths.region.bergen_chrypt.feature,depths,Bergen Chrypt — Feature,31,28,d10,10,oracle:depths.region.bergen_chrypt.feature,"[""depths.region.bergen_chrypt.feature""]",False,True,True,True,single table,True,True,True,False,False,1,oracle:depths.region.bergen_chrypt.feature,1,VERIFIED,,0,[],0,[],0,False,"[""depths-depths-region-bergen-chrypt-feature""]",Entry fragments are readable. Any metadata listed as a candidate is not automatically a missing rule; source completeness remains in the linked book audit.
depths.region.bergen_chrypt.discovery,depths,Bergen Chrypt — Discovery,31,28,d10,10,oracle:depths.region.bergen_chrypt.discovery,"[""depths.region.bergen_chrypt.discovery""]",False,True,True,True,single table,True,True,True,False,False,1,oracle:depths.region.bergen_chrypt.discovery,1,VERIFIED,,0,[],0,[],0,False,"[""depths-depths-region-bergen-chrypt-discovery""]",Entry fragments are readable. Any metadata listed as a candidate is not automatically a missing rule; source completeness remains in the linked book audit.
depths.region.bergen_chrypt.monsters,depths,Bergen Chrypt — Monsters,31,28,d6,6,oracle:depths.region.bergen_chrypt.monsters,"[""depths.region.bergen_chrypt.monsters""]",False,True,True,True,single table,True,True,True,False,False,1,oracle:depths.region.bergen_chrypt.monsters,1,VERIFIED,,0,[],0,[],0,False,"[""depths-bergen-chrypt-route"", ""depths-depths-region-bergen-chrypt-monsters""]",Source identity and quantity are in row text; quantityDice metadata is redundant for reading. Regional monster workflow resolves definitions separately; generic TABLE identity is not a stat block.
depths.region.bergen_chrypt.npc_professions,depths,Bergen Chrypt — NPC Professions,31,28,d10,10,oracle:depths.region.bergen_chrypt.npc_professions,"[""depths.region.bergen_chrypt.npc_professions""]",False,True,True,True,single table,True,True,True,False,False,1,oracle:depths.region.bergen_chrypt.npc_professions,1,VERIFIED,,0,[],0,[],0,False,"[""depths-depths-region-bergen-chrypt-npc-professions""]",Entry fragments are readable. Any metadata listed as a candidate is not automatically a missing rule; source completeness remains in the linked book audit.
depths.region.wastland.trait,depths,Wästland — Trait,32,29,d10,10,oracle:depths.region.wastland.trait,"[""depths.region.wastland.trait""]",False,True,True,True,single table,True,True,True,False,False,1,oracle:depths.region.wastland.trait,1,VERIFIED,,0,[],0,[],0,False,"[""depths-depths-region-wastland-trait""]",Entry fragments are readable. Any metadata listed as a candidate is not automatically a missing rule; source completeness remains in the linked book audit.
depths.region.wastland.feature,depths,Wästland — Feature,32,29,d10,10,oracle:depths.region.wastland.feature,"[""depths.region.wastland.feature""]",False,True,True,True,single table,True,True,True,False,False,1,oracle:depths.region.wastland.feature,1,VERIFIED,,0,[],0,[],0,False,"[""depths-depths-region-wastland-feature""]",Entry fragments are readable. Any metadata listed as a candidate is not automatically a missing rule; source completeness remains in the linked book audit.
depths.region.wastland.discovery,depths,Wästland — Discovery,32,29,d10,10,oracle:depths.region.wastland.discovery,"[""depths.region.wastland.discovery""]",False,True,True,True,single table,True,True,True,False,False,1,oracle:depths.region.wastland.discovery,1,VERIFIED,,0,[],0,[],0,False,"[""depths-depths-region-wastland-discovery""]",Entry fragments are readable. Any metadata listed as a candidate is not automatically a missing rule; source completeness remains in the linked book audit.
depths.region.wastland.monsters,depths,Wästland — Monsters,32,29,d6,6,oracle:depths.region.wastland.monsters,"[""depths.region.wastland.monsters""]",False,True,True,True,single table,True,True,True,False,False,2,rule:regional-monsters:wastland,1,VERIFIED,,0,[],0,[],0,False,"[""depths-depths-region-wastland-monsters""]",Source identity and quantity are in row text; quantityDice metadata is redundant for reading. Regional monster workflow resolves definitions separately; generic TABLE identity is not a stat block.
depths.region.wastland.npc_professions,depths,Wästland — NPC Professions,32,29,d10,8,oracle:depths.region.wastland.npc_professions,"[""depths.region.wastland.npc_professions""]",False,True,True,True,single table,True,True,True,False,False,1,oracle:depths.region.wastland.npc_professions,1,VERIFIED,,0,[],0,[],0,False,"[""depths-depths-region-wastland-npc-professions""]",Entry fragments are readable. Any metadata listed as a candidate is not automatically a missing rule; source completeness remains in the linked book audit.
depths.region.kergus.trait,depths,Kergüs — Trait,33,30,d10,7,oracle:depths.region.kergus.trait,"[""depths.region.kergus.trait""]",False,True,True,True,single table,True,True,True,False,False,1,oracle:depths.region.kergus.trait,1,VERIFIED,,0,[],0,[],0,False,"[""depths-depths-region-kergus-trait""]",Entry fragments are readable. Any metadata listed as a candidate is not automatically a missing rule; source completeness remains in the linked book audit.
depths.region.kergus.feature,depths,Kergüs — Feature,33,30,d10,10,oracle:depths.region.kergus.feature,"[""depths.region.kergus.feature""]",False,True,True,True,single table,True,True,True,False,False,1,oracle:depths.region.kergus.feature,1,VERIFIED,,0,[],0,[],0,False,"[""depths-depths-region-kergus-feature""]",Entry fragments are readable. Any metadata listed as a candidate is not automatically a missing rule; source completeness remains in the linked book audit.
depths.region.kergus.discovery,depths,Kergüs — Discovery,33,30,d10,10,oracle:depths.region.kergus.discovery,"[""depths.region.kergus.discovery""]",False,True,True,True,single table,True,True,True,False,False,1,oracle:depths.region.kergus.discovery,1,VERIFIED,,0,[],0,[],0,False,"[""depths-depths-region-kergus-discovery""]",Entry fragments are readable. Any metadata listed as a candidate is not automatically a missing rule; source completeness remains in the linked book audit.
depths.region.kergus.monsters,depths,Kergüs — Monsters,33,30,d6,6,oracle:depths.region.kergus.monsters,"[""depths.region.kergus.monsters""]",False,True,True,True,single table,True,True,True,False,False,2,rule:regional-monsters:kergus,1,VERIFIED,,0,[],0,[],0,False,"[""depths-depths-region-kergus-monsters""]",Source identity and quantity are in row text; quantityDice metadata is redundant for reading. Regional monster workflow resolves definitions separately; generic TABLE identity is not a stat block.
depths.region.kergus.npc_professions,depths,Kergüs — NPC Professions,33,30,d10,7,oracle:depths.region.kergus.npc_professions,"[""depths.region.kergus.npc_professions""]",False,True,True,True,single table,True,True,True,False,False,1,oracle:depths.region.kergus.npc_professions,1,VERIFIED,,0,[],0,[],0,False,"[""depths-depths-region-kergus-npc-professions""]",Entry fragments are readable. Any metadata listed as a candidate is not automatically a missing rule; source completeness remains in the linked book audit.
depths.rare.look,depths,Rare Monster — Card 1: Overall Look,16,13,card rank,13,oracle:depths.rare.look,"[""depths.rare.look""]",False,True,False,False,single table,True,True,True,False,False,1,oracle:depths.rare.look,1,VERIFIED,Playing card rank A–K; not d13. Deck draws should preserve rank/suit and dependence across the five-card procedure.,0,[],13,"[""rank""]",0,False,"[""depths-depths-rare-look"", ""depths-rare-five-card""]",Entry fragments are readable. Any metadata listed as a candidate is not automatically a missing rule; source completeness remains in the linked book audit. Automatic roll is deliberately blocked; see nonRollableReason. This alone is not a defective table.
depths.rare.feature,depths,Rare Monster — Card 2: Defining Feature,17,14,card rank,13,oracle:depths.rare.feature,"[""depths.rare.feature""]",False,True,False,False,single table,True,True,True,False,False,1,oracle:depths.rare.feature,1,VERIFIED,Playing card rank A–K; not d13. Deck draws should preserve rank/suit and dependence across the five-card procedure.,0,[],13,"[""rank""]",0,False,"[""depths-depths-rare-feature"", ""depths-rare-five-card""]",Entry fragments are readable. Any metadata listed as a candidate is not automatically a missing rule; source completeness remains in the linked book audit. Automatic roll is deliberately blocked; see nonRollableReason. This alone is not a defective table.
depths.rare.intention,depths,Rare Monster — 1st & 2nd Cards: Intention,17,14,ordered card suit pair,16,oracle:depths.rare.intention,"[""depths.rare.intention""]",False,True,False,False,single table,True,True,True,False,False,1,oracle:depths.rare.intention,1,VERIFIED,Ordered suits of cards 1 and 2 (16 combinations). No independent dice formula is printed.,0,[],16,"[""suits"", ""symbols""]",0,False,"[""depths-depths-rare-intention"", ""depths-rare-five-card""]",Entry fragments are readable. Any metadata listed as a candidate is not automatically a missing rule; source completeness remains in the linked book audit. Automatic roll is deliberately blocked; see nonRollableReason. This alone is not a defective table.
depths.rare.special,depths,Rare Monster — 3rd & 4th Cards: Special,19,16,ordered card suit pair,16,oracle:depths.rare.special,"[""depths.rare.special""]",False,True,False,False,single table,True,True,True,False,False,1,oracle:depths.rare.special,1,VERIFIED,Ordered suits of cards 3 and 4 (16 combinations). Double-spade result draws more cards. No independent dice formula is printed.,0,[],16,"[""suits"", ""symbols""]",0,False,"[""depths-depths-rare-special"", ""depths-rare-five-card""]",Entry fragments are readable. Any metadata listed as a candidate is not automatically a missing rule; source completeness remains in the linked book audit. Automatic roll is deliberately blocked; see nonRollableReason. This alone is not a defective table.
depths.rare.harder,depths,Creature Difficulty Modification — Tougher,20,17,d6,6,oracle:depths.rare.harder,"[""depths.rare.harder""]",False,True,True,True,single table,True,True,True,False,False,1,oracle:depths.rare.harder,1,VERIFIED,,0,[],0,[],0,False,"[""depths-depths-rare-harder""]",Entry fragments are readable. Any metadata listed as a candidate is not automatically a missing rule; source completeness remains in the linked book audit. Source card/choice follow-up instructions are in full entry.text.
depths.rare.easier,depths,Creature Difficulty Modification — Spend Omens,21,18,choice,5,oracle:depths.rare.easier,"[""depths.rare.easier""]",False,True,False,False,single table,True,True,True,False,False,1,oracle:depths.rare.easier,1,VERIFIED,Player spends Omens (max 2) and CHOOSES among 5 modifications. This is not a random d5 table.,0,[],0,[],0,False,"[""depths-depths-rare-easier""]",Entry fragments are readable. Any metadata listed as a candidate is not automatically a missing rule; source completeness remains in the linked book audit. Source card/choice follow-up instructions are in full entry.text. Automatic roll is deliberately blocked; see nonRollableReason. This alone is not a defective table.
depths.enemyStats,depths,Enemy Stats Generator,15,12,TR-d4 (+ optional contextual modifier),15,oracle:depths.enemyStats,"[""depths.enemyStats""]",False,True,False,False,single table,True,True,True,False,False,1,oracle:depths.enemyStats,1,VERIFIED,"Lookup input is TR minus d4, plus contextual creature strength/weakness modifiers. Printed rows 2–16+ are not equally likely outcomes.",0,[],1,"[""printedIndex""]",0,False,"[""depths-depths-enemystats""]",All 15 HP/Morale/Attack/Armor blocks are already in entry.text. These metadata keys are NOT hidden-stat gaps. The final 16+ selector loses its plus sign in TABLE. Automatic roll is deliberately blocked; see nonRollableReason. This alone is not a defective table.
depths.danger,depths,Reveal a Danger,11,8,d6,6,oracle:depths.danger,"[""depths.danger""]",False,True,True,True,single table,True,True,True,False,False,1,oracle:depths.danger,1,VERIFIED,,0,[],0,[],0,False,"[""depths-depths-danger""]",Entry fragments are readable. Any metadata listed as a candidate is not automatically a missing rule; source completeness remains in the linked book audit.
depths.travel.encounter,depths,Determining the Encounter,25,22,d20,8,oracle:depths.travel.encounter,"[""depths.travel.encounter""]",False,True,True,True,single table,True,True,True,False,False,1,oracle:depths.travel.encounter,1,VERIFIED,,0,[],0,[],0,False,"[""depths-depths-travel-encounter"", ""depths-hex-encounters""]",Entry fragments are readable. Any metadata listed as a candidate is not automatically a missing rule; source completeness remains in the linked book audit.
depths.travel.storyConnection,depths,Story Connection,25,22,d6,3,oracle:depths.travel.storyConnection,"[""depths.travel.storyConnection""]",False,True,True,True,single table,True,True,True,False,False,1,oracle:depths.travel.storyConnection,1,VERIFIED,,0,[],0,[],0,False,"[""depths-depths-travel-storyconnection""]",Entry fragments are readable. Any metadata listed as a candidate is not automatically a missing rule; source completeness remains in the linked book audit.
heretic.cultName0,heretic,Seeds of a Cvlt — Its Name: First Column,2,,d12,12,oracle:heretic.cultName0,"[""heretic.cultName0""]",False,True,True,True,single table,True,True,True,False,False,1,oracle:heretic.cultName0,1,VERIFIED,,0,[],0,[],0,False,"[""heretic:cult-column-procedure"", ""heretic:table-cultName0""]",Entry fragments are readable. Any metadata listed as a candidate is not automatically a missing rule; source completeness remains in the linked book audit.
heretic.cultName1,heretic,Seeds of a Cvlt — Its Name: Second Column,2,,d12,12,oracle:heretic.cultName1,"[""heretic.cultName1""]",False,True,True,True,single table,True,True,True,False,False,1,oracle:heretic.cultName1,1,VERIFIED,,0,[],0,[],0,False,"[""heretic:cult-column-procedure"", ""heretic:table-cultName1""]",Entry fragments are readable. Any metadata listed as a candidate is not automatically a missing rule; source completeness remains in the linked book audit.
heretic.cultKeyMember0,heretic,Seeds of a Cvlt — Key Member: First Column,2,,d10,10,oracle:heretic.cultKeyMember0,"[""heretic.cultKeyMember0""]",False,True,True,True,single table,True,True,True,False,False,1,oracle:heretic.cultKeyMember0,1,VERIFIED,,0,[],0,[],0,False,"[""heretic:cult-column-procedure"", ""heretic:table-cultKeyMember0""]",Entry fragments are readable. Any metadata listed as a candidate is not automatically a missing rule; source completeness remains in the linked book audit.
heretic.cultKeyMember1,heretic,Seeds of a Cvlt — Key Member: Second Column,2,,d10,10,oracle:heretic.cultKeyMember1,"[""heretic.cultKeyMember1""]",False,True,True,True,single table,True,True,True,False,False,1,oracle:heretic.cultKeyMember1,1,VERIFIED,,0,[],0,[],0,False,"[""heretic:cult-column-procedure"", ""heretic:table-cultKeyMember1""]",Entry fragments are readable. Any metadata listed as a candidate is not automatically a missing rule; source completeness remains in the linked book audit.
heretic.cultKeyMember2,heretic,Seeds of a Cvlt — Key Member: Third Column,2,,d10,10,oracle:heretic.cultKeyMember2,"[""heretic.cultKeyMember2""]",False,True,True,True,single table,True,True,True,False,False,1,oracle:heretic.cultKeyMember2,1,VERIFIED,,0,[],0,[],0,False,"[""heretic:cult-column-procedure"", ""heretic:table-cultKeyMember2""]",Entry fragments are readable. Any metadata listed as a candidate is not automatically a missing rule; source completeness remains in the linked book audit.
heretic.cultStatus,heretic,Seeds of a Cvlt — The Cult Is…,2,,d10,6,oracle:heretic.cultStatus,"[""heretic.cultStatus""]",False,True,True,True,single table,True,True,True,False,False,1,oracle:heretic.cultStatus,1,VERIFIED,,0,[],0,[],0,False,"[""heretic:table-cultStatus""]",Entry fragments are readable. Any metadata listed as a candidate is not automatically a missing rule; source completeness remains in the linked book audit.
heretic.cultHeadquarters,heretic,Seeds of a Cvlt — Headquarters,2,,d10,10,oracle:heretic.cultHeadquarters,"[""heretic.cultHeadquarters""]",False,True,True,True,single table,True,True,True,False,False,1,oracle:heretic.cultHeadquarters,1,VERIFIED,,0,[],0,[],0,False,"[""heretic:table-cultHeadquarters""]",Entry fragments are readable. Any metadata listed as a candidate is not automatically a missing rule; source completeness remains in the linked book audit.
heretic.cultDoctrine,heretic,"Seeds of a Cvlt — In Order to Reach the Shimmering Fields, One Must…",3,,d20,20,oracle:heretic.cultDoctrine,"[""heretic.cultDoctrine""]",False,True,True,True,single table,True,True,True,False,False,1,oracle:heretic.cultDoctrine,1,VERIFIED,,0,[],0,[],0,False,"[""heretic:table-cultDoctrine""]",Entry fragments are readable. Any metadata listed as a candidate is not automatically a missing rule; source completeness remains in the linked book audit.
heretic.cultHates,heretic,Seeds of a Cvlt — They Truly Hate…,3,,d20,20,oracle:heretic.cultHates,"[""heretic.cultHates""]",False,True,True,True,single table,True,True,True,False,False,1,oracle:heretic.cultHates,1,VERIFIED,,0,[],0,[],0,False,"[""heretic:table-cultHates""]",Entry fragments are readable. Any metadata listed as a candidate is not automatically a missing rule; source completeness remains in the linked book audit.
heretic.gravesRandomEncounter,heretic,Graves Left Wanting — Random Encounter,22,20,d10,6,oracle:heretic.gravesRandomEncounter,"[""heretic.gravesRandomEncounter""]",False,True,True,True,single table,True,True,True,False,False,1,oracle:heretic.gravesRandomEncounter,1,VERIFIED,,0,[],0,[],0,False,"[""heretic:graves-encounter-actors"", ""heretic:graves-travel"", ""heretic:table-gravesRandomEncounter""]",Quantities are already in text. Sensory Strangeness is named but its legacy followupTable key does not create an automatic child roll.
heretic.gravesSensoryStrangeness,heretic,Graves Left Wanting — Sensory Strangeness,22,20,d8,8,oracle:heretic.gravesSensoryStrangeness,"[""heretic.gravesSensoryStrangeness""]",False,True,True,True,single table,True,True,True,False,False,1,oracle:heretic.gravesSensoryStrangeness,1,VERIFIED,,0,[],0,[],0,False,"[""heretic:graves-travel"", ""heretic:table-gravesSensoryStrangeness""]",Entry fragments are readable. Any metadata listed as a candidate is not automatically a missing rule; source completeness remains in the linked book audit.
heretic.gravesTrails,heretic,Graves Left Wanting — Walking the Trails…,22,20,d4,4,oracle:heretic.gravesTrails,"[""heretic.gravesTrails""]",False,True,True,True,single table,True,True,True,False,False,1,oracle:heretic.gravesTrails,1,VERIFIED,,0,[],0,[],0,False,"[""heretic:graves-travel"", ""heretic:table-gravesTrails""]",Entry fragments are readable. Any metadata listed as a candidate is not automatically a missing rule; source completeness remains in the linked book audit.
heretic.gravesKnowledge,heretic,Graves Left Wanting — What You Know About Graven-Tosk,22,20,d6,6,oracle:heretic.gravesKnowledge,"[""heretic.gravesKnowledge""]",False,True,True,True,single table,True,True,True,False,False,1,oracle:heretic.gravesKnowledge,1,VERIFIED,,6,"[""truth""]",0,[],0,False,"[""heretic:table-gravesKnowledge""]",Six rumor texts display; source true/false/maybe labels are omitted from TABLE and generic ROLL.
heretic.gravesLootBodies,heretic,Graves Left Wanting — Loot the Bodies,24,22,d6,6,oracle:heretic.gravesLootBodies,"[""heretic.gravesLootBodies"", ""heretic.gravesLootBodies""]",False,True,True,True,all group steps,True,True,True,False,False,1,oracle:heretic.gravesLootBodies,2,VERIFIED,,0,[],0,[],0,False,"[""heretic:table-gravesLootBodies""]",The same source table is intentionally rolled twice. TABLE loops canonicalIds without deduplication and renders this identical six-row table twice; source data itself is not duplicated.
heretic.gravesUrn,heretic,Graves Left Wanting — Open an Urn,27,25,d4,4,oracle:heretic.gravesUrn,"[""heretic.gravesUrn""]",False,True,True,True,single table,True,True,True,False,False,1,oracle:heretic.gravesUrn,1,VERIFIED,,0,[],0,[],0,False,"[""heretic:table-gravesUrn""]",Entry fragments are readable. Any metadata listed as a candidate is not automatically a missing rule; source completeness remains in the linked book audit.
heretic.gravesUnkeyStrongbox,heretic,"Graves Left Wanting — Strongbox, Unlocked by Unkey",25,23,d4,4,oracle:heretic.gravesUnkeyStrongbox,"[""heretic.gravesUnkeyStrongbox""]",False,True,True,True,single table,True,True,True,False,False,1,oracle:heretic.gravesUnkeyStrongbox,1,VERIFIED,,0,[],0,[],0,False,"[""heretic:table-gravesUnkeyStrongbox""]",Entry fragments are readable. Any metadata listed as a candidate is not automatically a missing rule; source completeness remains in the linked book audit.
heretic.curses,heretic,You Are Cursed — What Now?,36,34,d20,20,oracle:heretic.curses,"[""heretic.curses""]",False,True,True,True,single table,True,True,True,False,False,1,oracle:heretic.curses,1,VERIFIED,,0,[],0,[],0,False,"[""heretic:table-curses""]",Entry fragments are readable. Any metadata listed as a candidate is not automatically a missing rule; source completeness remains in the linked book audit.
heretic.curseHelper,heretic,You Are Cursed — They Say One Can Help You. Who?,37,35,d10,10,oracle:heretic.curseHelper,"[""heretic.curseHelper""]",False,True,True,True,single table,True,True,True,False,False,1,oracle:heretic.curseHelper,1,VERIFIED,,0,[],0,[],0,False,"[""heretic:table-curseHelper""]",Entry fragments are readable. Any metadata listed as a candidate is not automatically a missing rule; source completeness remains in the linked book audit.
heretic.curseKnowledgePrice,heretic,You Are Cursed — What Is the Price for This Knowledge?,37,35,d10,10,oracle:heretic.curseKnowledgePrice,"[""heretic.curseKnowledgePrice""]",False,True,True,True,single table,True,True,True,False,False,1,oracle:heretic.curseKnowledgePrice,1,VERIFIED,,0,[],0,[],0,False,"[""heretic:table-curseKnowledgePrice""]",Entry fragments are readable. Any metadata listed as a candidate is not automatically a missing rule; source completeness remains in the linked book audit.
mythic2.meaning.action-1,mythic2,Action 1,48,47,d100,100,oracle:mythic2.meaning.action-1,"[""mythic2.meaning.action-1"", ""mythic2.meaning.action-2""]",False,True,True,True,all group steps,True,True,True,False,False,1,oracle:mythic2.meaning.action-1,1,VERIFIED,,0,[],0,[],0,False,"[""mythic-action-pair"", ""mythic-first-scene""]",Entry fragments are readable. Any metadata listed as a candidate is not automatically a missing rule; source completeness remains in the linked book audit.
mythic2.meaning.action-2,mythic2,Action 2,48,47,d100,100,oracle:mythic2.meaning.action-1,"[""mythic2.meaning.action-1"", ""mythic2.meaning.action-2""]",True,True,True,True,all group steps,True,True,True,False,False,1,oracle:mythic2.meaning.action-1,1,VERIFIED,,0,[],0,[],0,False,"[""mythic-action-pair"", ""mythic-first-scene""]",Entry fragments are readable. Any metadata listed as a candidate is not automatically a missing rule; source completeness remains in the linked book audit.
mythic2.meaning.descriptor-1,mythic2,Descriptor 1,49,48,d100,100,oracle:mythic2.meaning.descriptor-1,"[""mythic2.meaning.descriptor-1"", ""mythic2.meaning.descriptor-2""]",False,True,True,True,all group steps,True,True,True,False,False,1,oracle:mythic2.meaning.descriptor-1,1,VERIFIED,,0,[],0,[],0,False,"[""mythic-description-pair""]",Entry fragments are readable. Any metadata listed as a candidate is not automatically a missing rule; source completeness remains in the linked book audit.
mythic2.meaning.descriptor-2,mythic2,Descriptor 2,49,48,d100,100,oracle:mythic2.meaning.descriptor-1,"[""mythic2.meaning.descriptor-1"", ""mythic2.meaning.descriptor-2""]",True,True,True,True,all group steps,True,True,True,False,False,1,oracle:mythic2.meaning.descriptor-1,1,VERIFIED,,0,[],0,[],0,False,"[""mythic-description-pair""]",Entry fragments are readable. Any metadata listed as a candidate is not automatically a missing rule; source completeness remains in the linked book audit.
mythic2.meaning.adventure-tone,mythic2,Adventure Tone,88,87,d100,100,oracle:mythic2.meaning.adventure-tone,"[""mythic2.meaning.adventure-tone""]",False,True,True,True,single table,True,True,True,False,False,1,oracle:mythic2.meaning.adventure-tone,1,VERIFIED,,0,[],0,[],0,False,"[""mythic-meaning-adventure-tone""]",Entry fragments are readable. Any metadata listed as a candidate is not automatically a missing rule; source completeness remains in the linked book audit.
mythic2.meaning.alien-species-descriptors,mythic2,Alien Species Descriptors,88,87,d100,100,oracle:mythic2.meaning.alien-species-descriptors,"[""mythic2.meaning.alien-species-descriptors""]",False,True,True,True,single table,True,True,True,False,False,1,oracle:mythic2.meaning.alien-species-descriptors,1,VERIFIED,,0,[],0,[],0,False,"[""mythic-meaning-alien-species-descriptors""]",Entry fragments are readable. Any metadata listed as a candidate is not automatically a missing rule; source completeness remains in the linked book audit.
mythic2.meaning.animal-actions,mythic2,Animal Actions,88,87,d100,100,oracle:mythic2.meaning.animal-actions,"[""mythic2.meaning.animal-actions""]",False,True,True,True,single table,True,True,True,False,False,1,oracle:mythic2.meaning.animal-actions,1,VERIFIED,,0,[],0,[],0,False,"[""mythic-meaning-animal-actions""]",Entry fragments are readable. Any metadata listed as a candidate is not automatically a missing rule; source completeness remains in the linked book audit.
mythic2.meaning.army-descriptors,mythic2,Army Descriptors,89,88,d100,100,oracle:mythic2.meaning.army-descriptors,"[""mythic2.meaning.army-descriptors""]",False,True,True,True,single table,True,True,True,False,False,1,oracle:mythic2.meaning.army-descriptors,1,VERIFIED,,0,[],0,[],0,False,"[""mythic-meaning-army-descriptors""]",Entry fragments are readable. Any metadata listed as a candidate is not automatically a missing rule; source completeness remains in the linked book audit.
mythic2.meaning.cavern-descriptors,mythic2,Cavern Descriptors,89,88,d100,100,oracle:mythic2.meaning.cavern-descriptors,"[""mythic2.meaning.cavern-descriptors""]",False,True,True,True,single table,True,True,True,False,False,1,oracle:mythic2.meaning.cavern-descriptors,1,VERIFIED,,0,[],0,[],0,False,"[""mythic-meaning-cavern-descriptors""]",Entry fragments are readable. Any metadata listed as a candidate is not automatically a missing rule; source completeness remains in the linked book audit.
mythic2.meaning.characters,mythic2,Characters,50,49,d100,100,oracle:mythic2.meaning.characters,"[""mythic2.meaning.characters""]",False,True,True,True,single table,True,True,True,False,False,1,oracle:mythic2.meaning.characters,1,VERIFIED,,0,[],0,[],0,False,"[""mythic-first-scene"", ""mythic-meaning-characters""]",Entry fragments are readable. Any metadata listed as a candidate is not automatically a missing rule; source completeness remains in the linked book audit.
mythic2.meaning.character-actions-combat,mythic2,"Character Actions, Combat",90,89,d100,100,oracle:mythic2.meaning.character-actions-combat,"[""mythic2.meaning.character-actions-combat""]",False,True,True,True,single table,True,True,True,False,False,1,oracle:mythic2.meaning.character-actions-combat,1,VERIFIED,,0,[],0,[],0,False,"[""mythic-meaning-character-actions-combat""]",Entry fragments are readable. Any metadata listed as a candidate is not automatically a missing rule; source completeness remains in the linked book audit.
mythic2.meaning.character-actions-general,mythic2,"Character Actions, General",90,89,d100,100,oracle:mythic2.meaning.character-actions-general,"[""mythic2.meaning.character-actions-general""]",False,True,True,True,single table,True,True,True,False,False,1,oracle:mythic2.meaning.character-actions-general,1,VERIFIED,,0,[],0,[],0,False,"[""mythic-meaning-character-actions-general""]",Entry fragments are readable. Any metadata listed as a candidate is not automatically a missing rule; source completeness remains in the linked book audit.
mythic2.meaning.character-appearance,mythic2,Character Appearance,90,89,d100,100,oracle:mythic2.meaning.character-appearance,"[""mythic2.meaning.character-appearance""]",False,True,True,True,single table,True,True,True,False,False,1,oracle:mythic2.meaning.character-appearance,1,VERIFIED,,0,[],0,[],0,False,"[""mythic-meaning-character-appearance""]",Entry fragments are readable. Any metadata listed as a candidate is not automatically a missing rule; source completeness remains in the linked book audit.
mythic2.meaning.character-background,mythic2,Character Background,91,90,d100,100,oracle:mythic2.meaning.character-background,"[""mythic2.meaning.character-background""]",False,True,True,True,single table,True,True,True,False,False,1,oracle:mythic2.meaning.character-background,1,VERIFIED,,0,[],0,[],0,False,"[""mythic-meaning-character-background""]",Entry fragments are readable. Any metadata listed as a candidate is not automatically a missing rule; source completeness remains in the linked book audit.
mythic2.meaning.character-conversations,mythic2,Character Conversations,91,90,d100,100,oracle:mythic2.meaning.character-conversations,"[""mythic2.meaning.character-conversations""]",False,True,True,True,single table,True,True,True,False,False,1,oracle:mythic2.meaning.character-conversations,1,VERIFIED,,0,[],0,[],0,False,"[""mythic-meaning-character-conversations""]",Entry fragments are readable. Any metadata listed as a candidate is not automatically a missing rule; source completeness remains in the linked book audit.
mythic2.meaning.character-descriptors,mythic2,Character Descriptors,91,90,d100,100,oracle:mythic2.meaning.character-descriptors,"[""mythic2.meaning.character-descriptors""]",False,True,True,True,single table,True,True,True,False,False,1,oracle:mythic2.meaning.character-descriptors,1,VERIFIED,,0,[],0,[],0,False,"[""mythic-meaning-character-descriptors""]",Entry fragments are readable. Any metadata listed as a candidate is not automatically a missing rule; source completeness remains in the linked book audit.
mythic2.meaning.character-identity,mythic2,Character Identity,92,91,d100,100,oracle:mythic2.meaning.character-identity,"[""mythic2.meaning.character-identity""]",False,True,True,True,single table,True,True,True,False,False,1,oracle:mythic2.meaning.character-identity,1,VERIFIED,,0,[],0,[],0,False,"[""mythic-meaning-character-identity""]",Entry fragments are readable. Any metadata listed as a candidate is not automatically a missing rule; source completeness remains in the linked book audit.
mythic2.meaning.character-motivations,mythic2,Character Motivations,92,91,d100,100,oracle:mythic2.meaning.character-motivations,"[""mythic2.meaning.character-motivations""]",False,True,True,True,single table,True,True,True,False,False,1,oracle:mythic2.meaning.character-motivations,1,VERIFIED,,0,[],0,[],0,False,"[""mythic-meaning-character-motivations""]",Entry fragments are readable. Any metadata listed as a candidate is not automatically a missing rule; source completeness remains in the linked book audit.
mythic2.meaning.character-personality,mythic2,Character Personality,92,91,d100,100,oracle:mythic2.meaning.character-personality,"[""mythic2.meaning.character-personality""]",False,True,True,True,single table,True,True,True,False,False,1,oracle:mythic2.meaning.character-personality,1,VERIFIED,,0,[],0,[],0,False,"[""mythic-meaning-character-personality""]",Entry fragments are readable. Any metadata listed as a candidate is not automatically a missing rule; source completeness remains in the linked book audit.
mythic2.meaning.character-skills,mythic2,Character Skills,93,92,d100,100,oracle:mythic2.meaning.character-skills,"[""mythic2.meaning.character-skills""]",False,True,True,True,single table,True,True,True,False,False,1,oracle:mythic2.meaning.character-skills,1,VERIFIED,,0,[],0,[],0,False,"[""mythic-meaning-character-skills""]",Entry fragments are readable. Any metadata listed as a candidate is not automatically a missing rule; source completeness remains in the linked book audit.
mythic2.meaning.character-traits-flaws,mythic2,Character Traits & Flaws,93,92,d100,100,oracle:mythic2.meaning.character-traits-flaws,"[""mythic2.meaning.character-traits-flaws""]",False,True,True,True,single table,True,True,True,False,False,1,oracle:mythic2.meaning.character-traits-flaws,1,VERIFIED,,0,[],0,[],0,False,"[""mythic-meaning-character-traits-flaws""]",Entry fragments are readable. Any metadata listed as a candidate is not automatically a missing rule; source completeness remains in the linked book audit.
mythic2.meaning.city-descriptors,mythic2,City Descriptors,93,92,d100,100,oracle:mythic2.meaning.city-descriptors,"[""mythic2.meaning.city-descriptors""]",False,True,True,True,single table,True,True,True,False,False,1,oracle:mythic2.meaning.city-descriptors,1,VERIFIED,,0,[],0,[],0,False,"[""mythic-meaning-city-descriptors""]",Entry fragments are readable. Any metadata listed as a candidate is not automatically a missing rule; source completeness remains in the linked book audit.
mythic2.meaning.civilization-descriptors,mythic2,Civilization Descriptors,94,93,d100,100,oracle:mythic2.meaning.civilization-descriptors,"[""mythic2.meaning.civilization-descriptors""]",False,True,True,True,single table,True,True,True,False,False,1,oracle:mythic2.meaning.civilization-descriptors,1,VERIFIED,,0,[],0,[],0,False,"[""mythic-meaning-civilization-descriptors""]",Entry fragments are readable. Any metadata listed as a candidate is not automatically a missing rule; source completeness remains in the linked book audit.
mythic2.meaning.creature-abilities,mythic2,Creature Abilities,94,93,d100,100,oracle:mythic2.meaning.creature-abilities,"[""mythic2.meaning.creature-abilities""]",False,True,True,True,single table,True,True,True,False,False,1,oracle:mythic2.meaning.creature-abilities,1,VERIFIED,,0,[],0,[],0,False,"[""mythic-meaning-creature-abilities""]",Entry fragments are readable. Any metadata listed as a candidate is not automatically a missing rule; source completeness remains in the linked book audit.
mythic2.meaning.creature-descriptors,mythic2,Creature Descriptors,94,93,d100,100,oracle:mythic2.meaning.creature-descriptors,"[""mythic2.meaning.creature-descriptors""]",False,True,True,True,single table,True,True,True,False,False,1,oracle:mythic2.meaning.creature-descriptors,1,VERIFIED,,0,[],0,[],0,False,"[""mythic-meaning-creature-descriptors""]",Entry fragments are readable. Any metadata listed as a candidate is not automatically a missing rule; source completeness remains in the linked book audit.
mythic2.meaning.cryptic-message,mythic2,Cryptic Message,95,94,d100,100,oracle:mythic2.meaning.cryptic-message,"[""mythic2.meaning.cryptic-message""]",False,True,True,True,single table,True,True,True,False,False,1,oracle:mythic2.meaning.cryptic-message,1,VERIFIED,,0,[],0,[],0,False,"[""mythic-meaning-cryptic-message""]",Entry fragments are readable. Any metadata listed as a candidate is not automatically a missing rule; source completeness remains in the linked book audit.
mythic2.meaning.curses,mythic2,Curses,95,94,d100,100,oracle:mythic2.meaning.curses,"[""mythic2.meaning.curses""]",False,True,True,True,single table,True,True,True,False,False,1,oracle:mythic2.meaning.curses,1,VERIFIED,,0,[],0,[],0,False,"[""mythic-meaning-curses""]",Entry fragments are readable. Any metadata listed as a candidate is not automatically a missing rule; source completeness remains in the linked book audit.
mythic2.meaning.domicile-descriptors,mythic2,Domicile Descriptors,95,94,d100,100,oracle:mythic2.meaning.domicile-descriptors,"[""mythic2.meaning.domicile-descriptors""]",False,True,True,True,single table,True,True,True,False,False,1,oracle:mythic2.meaning.domicile-descriptors,1,VERIFIED,,0,[],0,[],0,False,"[""mythic-meaning-domicile-descriptors""]",Entry fragments are readable. Any metadata listed as a candidate is not automatically a missing rule; source completeness remains in the linked book audit.
mythic2.meaning.dungeon-descriptors,mythic2,Dungeon Descriptors,96,95,d100,100,oracle:mythic2.meaning.dungeon-descriptors,"[""mythic2.meaning.dungeon-descriptors""]",False,True,True,True,single table,True,True,True,False,False,1,oracle:mythic2.meaning.dungeon-descriptors,1,VERIFIED,,0,[],0,[],0,False,"[""mythic-meaning-dungeon-descriptors""]",Entry fragments are readable. Any metadata listed as a candidate is not automatically a missing rule; source completeness remains in the linked book audit.
mythic2.meaning.dungeon-traps,mythic2,Dungeon Traps,96,95,d100,100,oracle:mythic2.meaning.dungeon-traps,"[""mythic2.meaning.dungeon-traps""]",False,True,True,True,single table,True,True,True,False,False,1,oracle:mythic2.meaning.dungeon-traps,1,VERIFIED,,0,[],0,[],0,False,"[""mythic-meaning-dungeon-traps""]",Entry fragments are readable. Any metadata listed as a candidate is not automatically a missing rule; source completeness remains in the linked book audit.
mythic2.meaning.forest-descriptors,mythic2,Forest Descriptors,96,95,d100,100,oracle:mythic2.meaning.forest-descriptors,"[""mythic2.meaning.forest-descriptors""]",False,True,True,True,single table,True,True,True,False,False,1,oracle:mythic2.meaning.forest-descriptors,1,VERIFIED,,0,[],0,[],0,False,"[""mythic-meaning-forest-descriptors""]",Entry fragments are readable. Any metadata listed as a candidate is not automatically a missing rule; source completeness remains in the linked book audit.
mythic2.meaning.gods,mythic2,Gods,97,96,d100,100,oracle:mythic2.meaning.gods,"[""mythic2.meaning.gods""]",False,True,True,True,single table,True,True,True,False,False,1,oracle:mythic2.meaning.gods,1,VERIFIED,,0,[],0,[],0,False,"[""mythic-meaning-gods""]",Entry fragments are readable. Any metadata listed as a candidate is not automatically a missing rule; source completeness remains in the linked book audit.
mythic2.meaning.legends,mythic2,Legends,97,96,d100,100,oracle:mythic2.meaning.legends,"[""mythic2.meaning.legends""]",False,True,True,True,single table,True,True,True,False,False,1,oracle:mythic2.meaning.legends,1,VERIFIED,,0,[],0,[],0,False,"[""mythic-meaning-legends""]",Entry fragments are readable. Any metadata listed as a candidate is not automatically a missing rule; source completeness remains in the linked book audit.
mythic2.meaning.locations,mythic2,Locations,50,49,d100,100,oracle:mythic2.meaning.locations,"[""mythic2.meaning.locations""]",False,True,True,True,single table,True,True,True,False,False,1,oracle:mythic2.meaning.locations,1,VERIFIED,,0,[],0,[],0,False,"[""mythic-first-scene"", ""mythic-meaning-locations""]",Entry fragments are readable. Any metadata listed as a candidate is not automatically a missing rule; source completeness remains in the linked book audit.
mythic2.meaning.magic-item-descriptors,mythic2,Magic Item Descriptors,98,97,d100,100,oracle:mythic2.meaning.magic-item-descriptors,"[""mythic2.meaning.magic-item-descriptors""]",False,True,True,True,single table,True,True,True,False,False,1,oracle:mythic2.meaning.magic-item-descriptors,1,VERIFIED,,0,[],0,[],0,False,"[""mythic-meaning-magic-item-descriptors""]",Entry fragments are readable. Any metadata listed as a candidate is not automatically a missing rule; source completeness remains in the linked book audit.
mythic2.meaning.mutation-descriptors,mythic2,Mutation Descriptors,98,97,d100,100,oracle:mythic2.meaning.mutation-descriptors,"[""mythic2.meaning.mutation-descriptors""]",False,True,True,True,single table,True,True,True,False,False,1,oracle:mythic2.meaning.mutation-descriptors,1,VERIFIED,,0,[],0,[],0,False,"[""mythic-meaning-mutation-descriptors""]",Entry fragments are readable. Any metadata listed as a candidate is not automatically a missing rule; source completeness remains in the linked book audit.
mythic2.meaning.names,mythic2,Names,98,97,d100,100,oracle:mythic2.meaning.names,"[""mythic2.meaning.names""]",False,True,True,True,single table,True,True,True,False,False,2,oracle:core.names,1,VERIFIED,,0,[],0,[],0,False,"[""mythic-meaning-names""]",Entry fragments are readable. Any metadata listed as a candidate is not automatically a missing rule; source completeness remains in the linked book audit.
mythic2.meaning.noble-house,mythic2,Noble House,99,98,d100,100,oracle:mythic2.meaning.noble-house,"[""mythic2.meaning.noble-house""]",False,True,True,True,single table,True,True,True,False,False,1,oracle:mythic2.meaning.noble-house,1,VERIFIED,,0,[],0,[],0,False,"[""mythic-meaning-noble-house""]",Entry fragments are readable. Any metadata listed as a candidate is not automatically a missing rule; source completeness remains in the linked book audit.
mythic2.meaning.objects,mythic2,Objects,50,49,d100,100,oracle:mythic2.meaning.objects,"[""mythic2.meaning.objects""]",False,True,True,True,single table,True,True,True,False,False,1,oracle:mythic2.meaning.objects,1,VERIFIED,,0,[],0,[],0,False,"[""mythic-meaning-objects""]",Entry fragments are readable. Any metadata listed as a candidate is not automatically a missing rule; source completeness remains in the linked book audit.
mythic2.meaning.plot-twists,mythic2,Plot Twists,99,98,d100,100,oracle:mythic2.meaning.plot-twists,"[""mythic2.meaning.plot-twists""]",False,True,True,True,single table,True,True,True,False,False,1,oracle:mythic2.meaning.plot-twists,1,VERIFIED,,0,[],0,[],0,False,"[""mythic-meaning-plot-twists""]",Entry fragments are readable. Any metadata listed as a candidate is not automatically a missing rule; source completeness remains in the linked book audit.
mythic2.meaning.powers,mythic2,Powers,100,99,d100,100,oracle:mythic2.meaning.powers,"[""mythic2.meaning.powers""]",False,True,True,True,single table,True,True,True,False,False,1,oracle:mythic2.meaning.powers,1,VERIFIED,,0,[],0,[],0,False,"[""mythic-meaning-powers""]",Entry fragments are readable. Any metadata listed as a candidate is not automatically a missing rule; source completeness remains in the linked book audit.
mythic2.meaning.scavenging-results,mythic2,Scavenging Results,100,99,d100,100,oracle:mythic2.meaning.scavenging-results,"[""mythic2.meaning.scavenging-results""]",False,True,True,True,single table,True,True,True,False,False,1,oracle:mythic2.meaning.scavenging-results,1,VERIFIED,,0,[],0,[],0,False,"[""mythic-meaning-scavenging-results""]",Entry fragments are readable. Any metadata listed as a candidate is not automatically a missing rule; source completeness remains in the linked book audit.
mythic2.meaning.smells,mythic2,Smells,100,99,d100,100,oracle:mythic2.meaning.smells,"[""mythic2.meaning.smells""]",False,True,True,True,single table,True,True,True,False,False,1,oracle:mythic2.meaning.smells,1,VERIFIED,,0,[],0,[],0,False,"[""mythic-meaning-smells""]",Entry fragments are readable. Any metadata listed as a candidate is not automatically a missing rule; source completeness remains in the linked book audit.
mythic2.meaning.sounds,mythic2,Sounds,101,100,d100,100,oracle:mythic2.meaning.sounds,"[""mythic2.meaning.sounds""]",False,True,True,True,single table,True,True,True,False,False,1,oracle:mythic2.meaning.sounds,1,VERIFIED,,0,[],0,[],0,False,"[""mythic-meaning-sounds""]",Entry fragments are readable. Any metadata listed as a candidate is not automatically a missing rule; source completeness remains in the linked book audit.
mythic2.meaning.spell-effects,mythic2,Spell Effects,101,100,d100,100,oracle:mythic2.meaning.spell-effects,"[""mythic2.meaning.spell-effects""]",False,True,True,True,single table,True,True,True,False,False,1,oracle:mythic2.meaning.spell-effects,1,VERIFIED,,0,[],0,[],0,False,"[""mythic-meaning-spell-effects""]",Entry fragments are readable. Any metadata listed as a candidate is not automatically a missing rule; source completeness remains in the linked book audit.
mythic2.meaning.starship-descriptors,mythic2,Starship Descriptors,101,100,d100,100,oracle:mythic2.meaning.starship-descriptors,"[""mythic2.meaning.starship-descriptors""]",False,True,True,True,single table,True,True,True,False,False,1,oracle:mythic2.meaning.starship-descriptors,1,VERIFIED,,0,[],0,[],0,False,"[""mythic-meaning-starship-descriptors""]",Entry fragments are readable. Any metadata listed as a candidate is not automatically a missing rule; source completeness remains in the linked book audit.
mythic2.meaning.terrain-descriptors,mythic2,Terrain Descriptors,102,101,d100,100,oracle:mythic2.meaning.terrain-descriptors,"[""mythic2.meaning.terrain-descriptors""]",False,True,True,True,single table,True,True,True,False,False,1,oracle:mythic2.meaning.terrain-descriptors,1,VERIFIED,,0,[],0,[],0,False,"[""mythic-meaning-terrain-descriptors""]",Entry fragments are readable. Any metadata listed as a candidate is not automatically a missing rule; source completeness remains in the linked book audit.
mythic2.meaning.undead-descriptors,mythic2,Undead Descriptors,102,101,d100,100,oracle:mythic2.meaning.undead-descriptors,"[""mythic2.meaning.undead-descriptors""]",False,True,True,True,single table,True,True,True,False,False,1,oracle:mythic2.meaning.undead-descriptors,1,VERIFIED,,0,[],0,[],0,False,"[""mythic-meaning-undead-descriptors""]",Entry fragments are readable. Any metadata listed as a candidate is not automatically a missing rule; source completeness remains in the linked book audit.
mythic2.meaning.visions-dreams,mythic2,Visions & Dreams,102,101,d100,100,oracle:mythic2.meaning.visions-dreams,"[""mythic2.meaning.visions-dreams""]",False,True,True,True,single table,True,True,True,False,False,1,oracle:mythic2.meaning.visions-dreams,1,VERIFIED,,0,[],0,[],0,False,"[""mythic-meaning-visions-dreams""]",Entry fragments are readable. Any metadata listed as a candidate is not automatically a missing rule; source completeness remains in the linked book audit.
mythic2.random-event-focus-table,mythic2,Random Event Focus Table,38,37,d100,12,oracle:mythic2.random-event-focus-table,"[""mythic2.random-event-focus-table""]",False,True,True,True,single table,True,True,True,False,False,1,oracle:mythic2.random-event-focus-table,1,VERIFIED,,0,[],0,[],0,False,"[""mythic-event-focus""]",Entry fragments are readable. Any metadata listed as a candidate is not automatically a missing rule; source completeness remains in the linked book audit.
mythic2.scene-adjustment-table,mythic2,Scene Adjustment Table,71,70,d10,7,oracle:mythic2.scene-adjustment-table,"[""mythic2.scene-adjustment-table""]",False,True,True,True,single table,True,True,True,False,False,1,oracle:mythic2.scene-adjustment-table,1,VERIFIED,,0,[],0,[],0,False,"[""mythic-altered-followthrough""]",Make 2 Adjustments text is visible; metadata does not make the generic roller execute the second-stage restricted source rule.
mythic2.prepared-adventure-event-focus-table,mythic2,Prepared Adventure Event Focus Table,165,164,d100,7,oracle:mythic2.prepared-adventure-event-focus-table,"[""mythic2.prepared-adventure-event-focus-table""]",False,True,True,True,single table,True,True,True,False,False,1,oracle:mythic2.prepared-adventure-event-focus-table,1,VERIFIED,,0,[],0,[],0,False,"[""mythic-prepared-event-focus""]",Entry fragments are readable. Any metadata listed as a candidate is not automatically a missing rule; source completeness remains in the linked book audit.
sd.crowdSizes,sd,Crowd Sizes,11,9,d4,4,oracle:sd.crowdSizes,"[""sd.crowdSizes""]",False,True,True,True,single table,True,True,True,False,False,1,oracle:sd.crowdSizes,1,VERIFIED,,0,[],0,[],0,False,"[""sd-sd-crowdsizes""]",Entry fragments are readable. Any metadata listed as a candidate is not automatically a missing rule; source completeness remains in the linked book audit.
sd.religion.order,sd,Religious Denominations — Order,12,10,d12,12,oracle:sd.religion.order,"[""sd.religion.order"", ""sd.religion.adjective"", ""sd.religion.domain""]",False,True,True,True,all group steps,True,True,True,False,False,1,oracle:sd.religion.order,1,VERIFIED,,0,[],0,[],0,False,"[""sd-sd-religion-order""]",Entry fragments are readable. Any metadata listed as a candidate is not automatically a missing rule; source completeness remains in the linked book audit.
sd.religion.adjective,sd,Religious Denominations — Adjective,12,10,d12,12,oracle:sd.religion.order,"[""sd.religion.order"", ""sd.religion.adjective"", ""sd.religion.domain""]",True,True,True,True,all group steps,True,True,True,False,False,1,oracle:sd.religion.order,1,VERIFIED,,0,[],0,[],0,False,"[""sd-sd-religion-adjective""]",Entry fragments are readable. Any metadata listed as a candidate is not automatically a missing rule; source completeness remains in the linked book audit.
sd.religion.domain,sd,Religious Denominations — Domain,12,10,d12,12,oracle:sd.religion.order,"[""sd.religion.order"", ""sd.religion.adjective"", ""sd.religion.domain""]",True,True,True,True,all group steps,True,True,True,False,False,1,oracle:sd.religion.order,1,VERIFIED,,0,[],0,[],0,False,"[""sd-sd-religion-domain""]",Entry fragments are readable. Any metadata listed as a candidate is not automatically a missing rule; source completeness remains in the linked book audit.
sd.building.material,sd,Buildings & Structures — Material,12,10,d4,4,oracle:sd.building.material,"[""sd.building.material""]",False,True,True,True,single table,True,True,True,False,False,1,oracle:sd.building.material,1,VERIFIED,,0,[],0,[],0,False,"[""sd-sd-building-material""]",Entry fragments are readable. Any metadata listed as a candidate is not automatically a missing rule; source completeness remains in the linked book audit.
sd.building.size,sd,Buildings & Structures — Size,12,10,d4,4,oracle:sd.building.size,"[""sd.building.size""]",False,True,True,True,single table,True,True,True,False,False,1,oracle:sd.building.size,1,VERIFIED,,0,[],0,[],0,False,"[""sd-sd-building-size""]",Entry fragments are readable. Any metadata listed as a candidate is not automatically a missing rule; source completeness remains in the linked book audit.
sd.building.form,sd,Buildings & Structures — Form,12,10,d4,4,oracle:sd.building.form,"[""sd.building.form""]",False,True,True,True,single table,True,True,True,False,False,1,oracle:sd.building.form,1,VERIFIED,,0,[],0,[],0,False,"[""sd-sd-building-form""]",Entry fragments are readable. Any metadata listed as a candidate is not automatically a missing rule; source completeness remains in the linked book audit.
sd.geographicalFeatures,sd,Geographical Features,12,10,d20,20,oracle:sd.geographicalFeatures,"[""sd.geographicalFeatures""]",False,True,True,True,single table,True,True,True,False,False,1,oracle:sd.geographicalFeatures,1,VERIFIED,,0,[],0,[],0,False,"[""sd-sd-geographicalfeatures""]",Entry fragments are readable. Any metadata listed as a candidate is not automatically a missing rule; source completeness remains in the linked book audit.
sd.example.dr10.common,sd,Example DR10 Dungeon — Common Encounters,19,17,d6,6,oracle:sd.example.dr10.common,"[""sd.example.dr10.common""]",False,True,True,True,single table,True,True,True,False,False,1,oracle:sd.example.dr10.common,1,VERIFIED,,0,[],0,[],0,False,"[""sd-sd-example-dr10-common""]",Entry fragments are readable. Any metadata listed as a candidate is not automatically a missing rule; source completeness remains in the linked book audit.
sd.example.dr10.rare,sd,Example DR10 Dungeon — Rare Encounters,19,17,d6,6,oracle:sd.example.dr10.rare,"[""sd.example.dr10.rare""]",False,True,True,True,single table,True,True,True,False,False,1,oracle:sd.example.dr10.rare,1,VERIFIED,,0,[],0,[],0,False,"[""sd-sd-example-dr10-rare""]",Entry fragments are readable. Any metadata listed as a candidate is not automatically a missing rule; source completeness remains in the linked book audit.
sd.example.farmwife.action,sd,Scumslaughter Farm — Cult Farmwife Special,36,34,d4,2,oracle:sd.example.farmwife.action,"[""sd.example.farmwife.action""]",False,True,True,True,single table,True,True,True,False,False,1,oracle:sd.example.farmwife.action,1,VERIFIED,,0,[],0,[],0,False,"[""sd-creature-cult-farmwife"", ""sd-sd-example-farmwife-action""]",Entry fragments are readable. Any metadata listed as a candidate is not automatically a missing rule; source completeness remains in the linked book audit.
depths.orakle,depths,Orakle,6,3,d20,3,oracle:depths.orakle,"[""depths.orakle""]",False,True,True,True,single table,True,True,True,False,False,1,oracle:depths.orakle,1,VERIFIED,,0,[],0,[],0,False,"[""depths-depths-orakle"", ""depths-orakle-dr"", ""depths-orakle-odds""]",Entry fragments are readable. Any metadata listed as a candidate is not automatically a missing rule; source completeness remains in the linked book audit.
depths.randomEventFocus,depths,Random Event Focus,6,3,2d6,11,oracle:depths.randomEventFocus,"[""depths.randomEventFocus""]",False,True,True,True,single table,True,True,True,False,False,1,oracle:depths.randomEventFocus,1,VERIFIED,,0,[],0,[],0,False,"[""depths-depths-randomeventfocus"", ""depths-orakle-odds""]",Entry fragments are readable. Any metadata listed as a candidate is not automatically a missing rule; source completeness remains in the linked book audit.
depths.weakHitConsequences,depths,Weak Hit Consequences,11,8,d6,6,oracle:depths.weakHitConsequences,"[""depths.weakHitConsequences""]",False,True,True,True,single table,True,True,True,False,False,1,oracle:depths.weakHitConsequences,1,VERIFIED,,0,[],0,[],0,False,"[""depths-depths-weakhitconsequences""]",Entry fragments are readable. Any metadata listed as a candidate is not automatically a missing rule; source completeness remains in the linked book audit.
depths.traps.regular,depths,Regular Traps,13,10,d8,8,oracle:depths.traps.regular,"[""depths.traps.regular""]",False,True,True,True,single table,True,True,True,False,False,1,oracle:depths.traps.regular,1,VERIFIED,,0,[],0,[],0,False,"[""depths-depths-traps-regular""]",Entry fragments are readable. Any metadata listed as a candidate is not automatically a missing rule; source completeness remains in the linked book audit.
depths.traps.special,depths,Special Traps,13,10,d4,4,oracle:depths.traps.special,"[""depths.traps.special""]",False,True,True,True,single table,True,True,True,False,False,1,oracle:depths.traps.special,1,VERIFIED,,0,[],0,[],0,False,"[""depths-depths-traps-special""]",Entry fragments are readable. Any metadata listed as a candidate is not automatically a missing rule; source completeness remains in the linked book audit.
depths.enemyCombatModifiers,depths,Enemy Combat Modifiers,14,11,d12,12,oracle:depths.enemyCombatModifiers,"[""depths.enemyCombatModifiers""]",False,True,True,True,single table,True,True,True,False,False,1,oracle:depths.enemyCombatModifiers,1,VERIFIED,,0,[],0,[],0,False,"[""depths-depths-enemycombatmodifiers""]",Entry fragments are readable. Any metadata listed as a candidate is not automatically a missing rule; source completeness remains in the linked book audit.
depths.chaosPortents.action,depths,Chaos Portents — Action,5,2,d100,100,oracle:depths.chaosPortents.action,"[""depths.chaosPortents.action""]",False,True,True,True,single table,True,True,True,False,False,1,oracle:depths.chaosPortents.action,1,VERIFIED,,0,[],0,[],0,False,"[""depths-depths-chaosportents-action"", ""depths-orakle-odds""]",Entry fragments are readable. Any metadata listed as a candidate is not automatically a missing rule; source completeness remains in the linked book audit.
depths.chaosPortents.subject,depths,Chaos Portents — Subject,5,2,d100,100,oracle:depths.chaosPortents.subject,"[""depths.chaosPortents.subject""]",False,True,True,True,single table,True,True,True,False,False,1,oracle:depths.chaosPortents.subject,1,VERIFIED,,0,[],0,[],0,False,"[""depths-depths-chaosportents-subject"", ""depths-orakle-odds""]",Entry fragments are readable. Any metadata listed as a candidate is not automatically a missing rule; source completeness remains in the linked book audit.
reclvse.city_origin,reclvse,City Origin,94,94,d6,6,oracle:reclvse.city_origin,"[""reclvse.city_origin""]",False,True,True,True,single table,True,True,True,False,False,1,oracle:reclvse.city_origin,1,VERIFIED,,0,[],0,[],0,False,"[""reclvse-reclvse-city-origin""]",Entry fragments are readable. Any metadata listed as a candidate is not automatically a missing rule; source completeness remains in the linked book audit.
reclvse.city_purpose_now,reclvse,City Purpose (Now),94,94,d6,6,oracle:reclvse.city_purpose_now,"[""reclvse.city_purpose_now""]",False,True,True,True,single table,True,True,True,False,False,1,oracle:reclvse.city_purpose_now,1,VERIFIED,,0,[],0,[],0,False,"[""reclvse-reclvse-city-purpose-now""]",Entry fragments are readable. Any metadata listed as a candidate is not automatically a missing rule; source completeness remains in the linked book audit.
reclvse.city_mood,reclvse,City Mood,94,94,d12,12,oracle:reclvse.city_mood,"[""reclvse.city_mood""]",False,True,True,True,single table,True,True,True,False,False,1,oracle:reclvse.city_mood,1,VERIFIED,,0,[],0,[],0,False,"[""reclvse-reclvse-city-mood""]",Entry fragments are readable. Any metadata listed as a candidate is not automatically a missing rule; source completeness remains in the linked book audit.
reclvse.city_condition,reclvse,City Condition,94,94,d12,12,oracle:reclvse.city_condition,"[""reclvse.city_condition""]",False,True,True,True,single table,True,True,True,False,False,1,oracle:reclvse.city_condition,1,VERIFIED,,0,[],0,[],0,False,"[""reclvse-reclvse-city-condition""]",Entry fragments are readable. Any metadata listed as a candidate is not automatically a missing rule; source completeness remains in the linked book audit.
reclvse.city_architecture,reclvse,City Architecture,94,94,d12,12,oracle:reclvse.city_architecture,"[""reclvse.city_architecture""]",False,True,True,True,single table,True,True,True,False,False,1,oracle:reclvse.city_architecture,1,VERIFIED,,0,[],0,[],0,False,"[""reclvse-reclvse-city-architecture""]",Entry fragments are readable. Any metadata listed as a candidate is not automatically a missing rule; source completeness remains in the linked book audit.
reclvse.city_purpose_then,reclvse,City Purpose (Then),94,94,d6,6,oracle:reclvse.city_purpose_then,"[""reclvse.city_purpose_then""]",False,True,True,True,single table,True,True,True,False,False,1,oracle:reclvse.city_purpose_then,1,VERIFIED,,0,[],0,[],0,False,"[""reclvse-reclvse-city-purpose-then""]",Entry fragments are readable. Any metadata listed as a candidate is not automatically a missing rule; source completeness remains in the linked book audit.
reclvse.gatekeeper_mood,reclvse,Gatekeeper Mood,95,95,d12,12,oracle:reclvse.gatekeeper_mood,"[""reclvse.gatekeeper_mood""]",False,True,True,True,single table,True,True,True,False,False,1,oracle:reclvse.gatekeeper_mood,1,VERIFIED,,0,[],0,[],0,False,"[""reclvse-reclvse-gatekeeper-mood""]",Entry fragments are readable. Any metadata listed as a candidate is not automatically a missing rule; source completeness remains in the linked book audit.
reclvse.city_threats,reclvse,City Threats,95,95,d20,20,oracle:reclvse.city_threats,"[""reclvse.city_threats""]",False,True,True,True,single table,True,True,True,False,False,1,oracle:reclvse.city_threats,1,VERIFIED,,0,[],0,[],0,False,"[""reclvse-reclvse-city-threats""]",Entry fragments are readable. Any metadata listed as a candidate is not automatically a missing rule; source completeness remains in the linked book audit.
reclvse.city_signs_before_entering,reclvse,City Signs (Before Entering),95,95,d20,20,oracle:reclvse.city_signs_before_entering,"[""reclvse.city_signs_before_entering""]",False,True,True,True,single table,True,True,True,False,False,1,oracle:reclvse.city_signs_before_entering,1,VERIFIED,,0,[],0,[],0,False,"[""reclvse-reclvse-city-signs-before-entering""]",Entry fragments are readable. Any metadata listed as a candidate is not automatically a missing rule; source completeness remains in the linked book audit.
reclvse.neighborhood_type,reclvse,Neighborhood Type,96,96,d12,12,oracle:reclvse.neighborhood_type,"[""reclvse.neighborhood_type""]",False,True,True,True,single table,True,True,True,False,False,1,oracle:reclvse.neighborhood_type,1,VERIFIED,,0,[],0,[],0,False,"[""reclvse-reclvse-neighborhood-type""]",Entry fragments are readable. Any metadata listed as a candidate is not automatically a missing rule; source completeness remains in the linked book audit.
reclvse.neighborhood_mood,reclvse,Neighborhood Mood,96,96,d12,12,oracle:reclvse.neighborhood_mood,"[""reclvse.neighborhood_mood""]",False,True,True,True,single table,True,True,True,False,False,1,oracle:reclvse.neighborhood_mood,1,VERIFIED,,0,[],0,[],0,False,"[""reclvse-reclvse-neighborhood-mood""]",Entry fragments are readable. Any metadata listed as a candidate is not automatically a missing rule; source completeness remains in the linked book audit.
reclvse.neighborhood_sound,reclvse,Neighborhood Sound,96,96,d12,12,oracle:reclvse.neighborhood_sound,"[""reclvse.neighborhood_sound""]",False,True,True,True,single table,True,True,True,False,False,1,oracle:reclvse.neighborhood_sound,1,VERIFIED,,0,[],0,[],0,False,"[""reclvse-reclvse-neighborhood-sound""]",Entry fragments are readable. Any metadata listed as a candidate is not automatically a missing rule; source completeness remains in the linked book audit.
reclvse.neighborhood_smell,reclvse,Neighborhood Smell,96,96,d12,12,oracle:reclvse.neighborhood_smell,"[""reclvse.neighborhood_smell""]",False,True,True,True,single table,True,True,True,False,False,1,oracle:reclvse.neighborhood_smell,1,VERIFIED,,0,[],0,[],0,False,"[""reclvse-reclvse-neighborhood-smell""]",Entry fragments are readable. Any metadata listed as a candidate is not automatically a missing rule; source completeness remains in the linked book audit.
reclvse.neighborhood_activity,reclvse,Neighborhood Activity,96,96,d10,10,oracle:reclvse.neighborhood_activity,"[""reclvse.neighborhood_activity""]",False,True,True,True,single table,True,True,True,False,False,1,oracle:reclvse.neighborhood_activity,1,VERIFIED,,0,[],0,[],0,False,"[""reclvse-reclvse-neighborhood-activity""]",Entry fragments are readable. Any metadata listed as a candidate is not automatically a missing rule; source completeness remains in the linked book audit.
reclvse.neighborhood_attitude_toward_outsiders,reclvse,Neighborhood Attitude Toward Outsiders,97,97,d6,6,oracle:reclvse.neighborhood_attitude_toward_outsiders,"[""reclvse.neighborhood_attitude_toward_outsiders""]",False,True,True,True,single table,True,True,True,False,False,1,oracle:reclvse.neighborhood_attitude_toward_outsiders,1,VERIFIED,,0,[],0,[],0,False,"[""reclvse-reclvse-neighborhood-attitude-toward-outsiders""]",Entry fragments are readable. Any metadata listed as a candidate is not automatically a missing rule; source completeness remains in the linked book audit.
reclvse.neighborhood_problem,reclvse,Neighborhood Problem,97,97,d20,20,oracle:reclvse.neighborhood_problem,"[""reclvse.neighborhood_problem""]",False,True,True,True,single table,True,True,True,False,False,1,oracle:reclvse.neighborhood_problem,1,VERIFIED,,0,[],0,[],0,False,"[""reclvse-reclvse-neighborhood-problem""]",Entry fragments are readable. Any metadata listed as a candidate is not automatically a missing rule; source completeness remains in the linked book audit.
reclvse.neighborhood_secret,reclvse,Neighborhood Secret,97,97,d12,12,oracle:reclvse.neighborhood_secret,"[""reclvse.neighborhood_secret""]",False,True,True,True,single table,True,True,True,False,False,1,oracle:reclvse.neighborhood_secret,1,VERIFIED,,0,[],0,[],0,False,"[""reclvse-reclvse-neighborhood-secret""]",Entry fragments are readable. Any metadata listed as a candidate is not automatically a missing rule; source completeness remains in the linked book audit.
reclvse.street_size,reclvse,Street Size,98,98,d6,6,oracle:reclvse.street_size,"[""reclvse.street_size""]",False,True,True,True,single table,True,True,True,False,False,1,oracle:reclvse.street_size,1,VERIFIED,,0,[],0,[],0,False,"[""reclvse-full-street"", ""reclvse-reclvse-street-size""]",Entry fragments are readable. Any metadata listed as a candidate is not automatically a missing rule; source completeness remains in the linked book audit.
reclvse.street_shape,reclvse,Street Shape,98,98,d12,12,oracle:reclvse.street_shape,"[""reclvse.street_shape""]",False,True,True,True,single table,True,True,True,False,False,1,oracle:reclvse.street_shape,1,VERIFIED,,0,[],0,[],0,False,"[""reclvse-full-street"", ""reclvse-reclvse-street-shape""]",Entry fragments are readable. Any metadata listed as a candidate is not automatically a missing rule; source completeness remains in the linked book audit.
reclvse.noise_level,reclvse,Street Generation — Noise Level,99,99,d12,12,oracle:reclvse.noise_level,"[""reclvse.noise_level""]",False,True,True,True,single table,True,True,True,False,False,1,oracle:reclvse.noise_level,1,VERIFIED,,0,[],0,[],0,False,"[""reclvse-reclvse-noise-level""]",Entry fragments are readable. Any metadata listed as a candidate is not automatically a missing rule; source completeness remains in the linked book audit.
reclvse.street_quality_condition,reclvse,Street Quality / Condition,99,99,d20,20,oracle:reclvse.street_quality_condition,"[""reclvse.street_quality_condition""]",False,True,True,True,single table,True,True,True,False,False,1,oracle:reclvse.street_quality_condition,1,VERIFIED,,0,[],0,[],0,False,"[""reclvse-full-street"", ""reclvse-reclvse-street-quality-condition""]",Entry fragments are readable. Any metadata listed as a candidate is not automatically a missing rule; source completeness remains in the linked book audit.
reclvse.street_surface,reclvse,Street Surface,99,99,d12,12,oracle:reclvse.street_surface,"[""reclvse.street_surface""]",False,True,True,True,single table,True,True,True,False,False,1,oracle:reclvse.street_surface,1,VERIFIED,,0,[],0,[],0,False,"[""reclvse-full-street"", ""reclvse-reclvse-street-surface""]",Entry fragments are readable. Any metadata listed as a candidate is not automatically a missing rule; source completeness remains in the linked book audit.
reclvse.light_level,reclvse,Street Generation — Light Level,99,99,d6,6,oracle:reclvse.light_level,"[""reclvse.light_level""]",False,True,True,True,single table,True,True,True,False,False,1,oracle:reclvse.light_level,1,VERIFIED,,0,[],0,[],0,False,"[""reclvse-reclvse-light-level""]",Entry fragments are readable. Any metadata listed as a candidate is not automatically a missing rule; source completeness remains in the linked book audit.
reclvse.smell,reclvse,Street Generation — Smell,99,99,d12,12,oracle:reclvse.smell,"[""reclvse.smell""]",False,True,True,True,single table,True,True,True,False,False,1,oracle:reclvse.smell,1,VERIFIED,,0,[],0,[],0,False,"[""reclvse-reclvse-smell""]",Entry fragments are readable. Any metadata listed as a candidate is not automatically a missing rule; source completeness remains in the linked book audit.
reclvse.street_features,reclvse,Street Features,99,99,d20,20,oracle:reclvse.street_features,"[""reclvse.street_features""]",False,True,True,True,single table,True,True,True,False,False,1,oracle:reclvse.street_features,1,VERIFIED,,0,[],0,[],0,False,"[""reclvse-reclvse-street-features""]",Entry fragments are readable. Any metadata listed as a candidate is not automatically a missing rule; source completeness remains in the linked book audit.
reclvse.street_activity,reclvse,Street Activity,100,100,d20,20,oracle:reclvse.street_activity,"[""reclvse.street_activity""]",False,True,True,True,single table,True,True,True,False,False,1,oracle:reclvse.street_activity,1,VERIFIED,,0,[],0,[],0,False,"[""reclvse-full-street"", ""reclvse-reclvse-street-activity""]",Entry fragments are readable. Any metadata listed as a candidate is not automatically a missing rule; source completeness remains in the linked book audit.
reclvse.hazard,reclvse,Street Generation — Hazard,100,100,d20,20,oracle:reclvse.hazard,"[""reclvse.hazard""]",False,True,True,True,single table,True,True,True,False,False,1,oracle:reclvse.hazard,1,VERIFIED,,0,[],0,[],0,False,"[""reclvse-reclvse-hazard""]",Entry fragments are readable. Any metadata listed as a candidate is not automatically a missing rule; source completeness remains in the linked book audit.
reclvse.number_of_exits,reclvse,Street Generation — Number Of Exits,101,101,d6,6,oracle:reclvse.number_of_exits,"[""reclvse.number_of_exits""]",False,True,True,True,single table,True,True,True,False,False,1,oracle:reclvse.number_of_exits,1,VERIFIED,,0,[],0,[],0,False,"[""reclvse-reclvse-number-of-exits""]",Entry fragments are readable. Any metadata listed as a candidate is not automatically a missing rule; source completeness remains in the linked book audit.
reclvse.exit_type,reclvse,Street Generation — Exit Type,101,101,d6,6,oracle:reclvse.exit_type,"[""reclvse.exit_type""]",False,True,True,True,single table,True,True,True,False,False,1,oracle:reclvse.exit_type,1,VERIFIED,,0,[],0,[],0,False,"[""reclvse-reclvse-exit-type""]",Entry fragments are readable. Any metadata listed as a candidate is not automatically a missing rule; source completeness remains in the linked book audit.
reclvse.discovery,reclvse,Street Generation — Discovery,101,101,d20,20,oracle:reclvse.discovery,"[""reclvse.discovery""]",False,True,True,True,single table,True,True,True,False,False,1,oracle:reclvse.discovery,1,VERIFIED,,0,[],0,[],0,False,"[""reclvse-reclvse-discovery""]",Entry fragments are readable. Any metadata listed as a candidate is not automatically a missing rule; source completeness remains in the linked book audit.
reclvse.encounter,reclvse,Street Generation — Encounter,101,101,d20,20,oracle:reclvse.encounter,"[""reclvse.encounter""]",False,True,True,True,single table,True,True,True,False,False,1,oracle:reclvse.encounter,1,VERIFIED,,0,[],0,[],0,False,"[""reclvse-reclvse-encounter""]",Entry fragments are readable. Any metadata listed as a candidate is not automatically a missing rule; source completeness remains in the linked book audit.
reclvse.building_type,reclvse,Building Type,102,102,d66,36,oracle:reclvse.building_type,"[""reclvse.building_type""]",False,True,True,True,single table,True,True,True,False,False,1,oracle:reclvse.building_type,1,VERIFIED,,0,[],0,[],0,False,"[""reclvse-reclvse-building-type""]",Entry fragments are readable. Any metadata listed as a candidate is not automatically a missing rule; source completeness remains in the linked book audit.
reclvse.exterior_impression,reclvse,Exterior Impression,102,102,d20,20,oracle:reclvse.exterior_impression,"[""reclvse.exterior_impression""]",False,True,True,True,single table,True,True,True,False,False,1,oracle:reclvse.exterior_impression,1,VERIFIED,,0,[],0,[],0,False,"[""reclvse-reclvse-exterior-impression""]",Entry fragments are readable. Any metadata listed as a candidate is not automatically a missing rule; source completeness remains in the linked book audit.
reclvse.notable_object,reclvse,Notable Object,103,103,d20,20,oracle:reclvse.notable_object,"[""reclvse.notable_object""]",False,True,True,True,single table,True,True,True,False,False,1,oracle:reclvse.notable_object,1,VERIFIED,,0,[],0,[],0,False,"[""reclvse-reclvse-notable-object""]",Entry fragments are readable. Any metadata listed as a candidate is not automatically a missing rule; source completeness remains in the linked book audit.
reclvse.interior_atmosphere,reclvse,Interior Atmosphere,103,103,d20,20,oracle:reclvse.interior_atmosphere,"[""reclvse.interior_atmosphere""]",False,True,True,True,single table,True,True,True,False,False,1,oracle:reclvse.interior_atmosphere,1,VERIFIED,,0,[],0,[],0,False,"[""reclvse-reclvse-interior-atmosphere""]",Entry fragments are readable. Any metadata listed as a candidate is not automatically a missing rule; source completeness remains in the linked book audit.
reclvse.activity_inside,reclvse,Activity Inside,103,103,d20,20,oracle:reclvse.activity_inside,"[""reclvse.activity_inside""]",False,True,True,True,single table,True,True,True,False,False,1,oracle:reclvse.activity_inside,1,VERIFIED,,0,[],0,[],0,False,"[""reclvse-reclvse-activity-inside""]",Entry fragments are readable. Any metadata listed as a candidate is not automatically a missing rule; source completeness remains in the linked book audit.
reclvse.hidden_element,reclvse,Hidden Element,103,103,d20,20,oracle:reclvse.hidden_element,"[""reclvse.hidden_element""]",False,True,True,True,single table,True,True,True,False,False,1,oracle:reclvse.hidden_element,1,VERIFIED,,0,[],0,[],0,False,"[""reclvse-reclvse-hidden-element""]",Entry fragments are readable. Any metadata listed as a candidate is not automatically a missing rule; source completeness remains in the linked book audit.
reclvse.minor_discoveries,reclvse,Minor Discoveries,104,104,d20,20,oracle:reclvse.minor_discoveries,"[""reclvse.minor_discoveries""]",False,True,True,True,single table,True,True,True,False,False,1,oracle:reclvse.minor_discoveries,1,VERIFIED,,0,[],0,[],0,False,"[""reclvse-reclvse-minor-discoveries""]",Entry fragments are readable. Any metadata listed as a candidate is not automatically a missing rule; source completeness remains in the linked book audit.
reclvse.significant_clues,reclvse,Significant Clues,104,104,d20,20,oracle:reclvse.significant_clues,"[""reclvse.significant_clues""]",False,True,True,True,single table,True,True,True,False,False,1,oracle:reclvse.significant_clues,1,VERIFIED,,0,[],0,[],0,False,"[""reclvse-reclvse-significant-clues""]",Entry fragments are readable. Any metadata listed as a candidate is not automatically a missing rule; source completeness remains in the linked book audit.
reclvse.rumors_whispers,reclvse,Rumors & Whispers,105,105,d20,20,oracle:reclvse.rumors_whispers,"[""reclvse.rumors_whispers""]",False,True,True,True,single table,True,True,True,False,False,1,oracle:reclvse.rumors_whispers,1,VERIFIED,,0,[],0,[],0,False,"[""reclvse-reclvse-rumors-whispers""]",Entry fragments are readable. Any metadata listed as a candidate is not automatically a missing rule; source completeness remains in the linked book audit.
reclvse.urban_oddities,reclvse,Urban Oddities,105,105,d20,20,oracle:reclvse.urban_oddities,"[""reclvse.urban_oddities""]",False,True,True,True,single table,True,True,True,False,False,1,oracle:reclvse.urban_oddities,1,VERIFIED,,0,[],0,[],0,False,"[""reclvse-reclvse-urban-oddities""]",Entry fragments are readable. Any metadata listed as a candidate is not automatically a missing rule; source completeness remains in the linked book audit.
reclvse.social_discoveries,reclvse,Social Discoveries,106,106,d12,12,oracle:reclvse.social_discoveries,"[""reclvse.social_discoveries""]",False,True,True,True,single table,True,True,True,False,False,1,oracle:reclvse.social_discoveries,1,VERIFIED,,0,[],0,[],0,False,"[""reclvse-reclvse-social-discoveries""]",Entry fragments are readable. Any metadata listed as a candidate is not automatically a missing rule; source completeness remains in the linked book audit.
reclvse.physical_signs_of_trouble,reclvse,Physical Signs Of Trouble,106,106,d20,20,oracle:reclvse.physical_signs_of_trouble,"[""reclvse.physical_signs_of_trouble""]",False,True,True,True,single table,True,True,True,False,False,1,oracle:reclvse.physical_signs_of_trouble,1,VERIFIED,,0,[],0,[],0,False,"[""reclvse-reclvse-physical-signs-of-trouble""]",Entry fragments are readable. Any metadata listed as a candidate is not automatically a missing rule; source completeness remains in the linked book audit.
reclvse.signs_of_the_undercity,reclvse,Signs Of The Undercity,106,106,d12,12,oracle:reclvse.signs_of_the_undercity,"[""reclvse.signs_of_the_undercity""]",False,True,True,True,single table,True,True,True,False,False,1,oracle:reclvse.signs_of_the_undercity,1,VERIFIED,,0,[],0,[],0,False,"[""reclvse-reclvse-signs-of-the-undercity""]",Entry fragments are readable. Any metadata listed as a candidate is not automatically a missing rule; source completeness remains in the linked book audit.
reclvse.temperature,reclvse,Temperature,107,107,d20,20,oracle:reclvse.temperature,"[""reclvse.temperature""]",False,True,True,True,single table,True,True,True,False,False,1,oracle:reclvse.temperature,1,VERIFIED,,0,[],0,[],0,False,"[""reclvse-reclvse-temperature"", ""reclvse-weather-detail""]",Entry fragments are readable. Any metadata listed as a candidate is not automatically a missing rule; source completeness remains in the linked book audit.
reclvse.precipitation,reclvse,Precipitation,107,107,d20,20,oracle:reclvse.precipitation,"[""reclvse.precipitation""]",False,True,True,True,single table,True,True,True,False,False,1,oracle:reclvse.precipitation,1,VERIFIED,,0,[],0,[],0,False,"[""reclvse-reclvse-precipitation"", ""reclvse-weather-detail""]",Entry fragments are readable. Any metadata listed as a candidate is not automatically a missing rule; source completeness remains in the linked book audit.
reclvse.wind,reclvse,Wind,107,107,d20,20,oracle:reclvse.wind,"[""reclvse.wind""]",False,True,True,True,single table,True,True,True,False,False,1,oracle:reclvse.wind,1,VERIFIED,,0,[],0,[],0,False,"[""reclvse-reclvse-wind"", ""reclvse-weather-detail""]",Entry fragments are readable. Any metadata listed as a candidate is not automatically a missing rule; source completeness remains in the linked book audit.
reclvse.weather_shift,reclvse,Weather Shift,108,108,d12,12,oracle:reclvse.weather_shift,"[""reclvse.weather_shift""]",False,True,True,True,single table,True,True,True,False,False,1,oracle:reclvse.weather_shift,1,VERIFIED,,0,[],0,[],0,False,"[""reclvse-reclvse-weather-shift""]",Entry fragments are readable. Any metadata listed as a candidate is not automatically a missing rule; source completeness remains in the linked book audit.
reclvse.visibility,reclvse,Visibility,108,108,d20,20,oracle:reclvse.visibility,"[""reclvse.visibility""]",False,True,True,True,single table,True,True,True,False,False,1,oracle:reclvse.visibility,1,VERIFIED,,0,[],0,[],0,False,"[""reclvse-reclvse-visibility"", ""reclvse-weather-detail""]",Entry fragments are readable. Any metadata listed as a candidate is not automatically a missing rule; source completeness remains in the linked book audit.
reclvse.unnatural_weather,reclvse,Unnatural Weather,108,108,d20,20,oracle:reclvse.unnatural_weather,"[""reclvse.unnatural_weather""]",False,True,True,True,single table,True,True,True,False,False,1,oracle:reclvse.unnatural_weather,1,VERIFIED,,0,[],0,[],0,False,"[""reclvse-reclvse-unnatural-weather"", ""reclvse-weather-detail""]",Entry fragments are readable. Any metadata listed as a candidate is not automatically a missing rule; source completeness remains in the linked book audit.
reclvse.weather_omen_signs,reclvse,Weather Omen Signs,108,108,d12,12,oracle:reclvse.weather_omen_signs,"[""reclvse.weather_omen_signs""]",False,True,True,True,single table,True,True,True,False,False,1,oracle:reclvse.weather_omen_signs,1,VERIFIED,,0,[],0,[],0,False,"[""reclvse-reclvse-weather-omen-signs""]",Entry fragments are readable. Any metadata listed as a candidate is not automatically a missing rule; source completeness remains in the linked book audit.
reclvse.minor_natural_discoveries,reclvse,Minor Natural Discoveries,109,109,d20,20,oracle:reclvse.minor_natural_discoveries,"[""reclvse.minor_natural_discoveries""]",False,True,True,True,single table,True,True,True,False,False,1,oracle:reclvse.minor_natural_discoveries,1,VERIFIED,,0,[],0,[],0,False,"[""reclvse-reclvse-minor-natural-discoveries""]",Entry fragments are readable. Any metadata listed as a candidate is not automatically a missing rule; source completeness remains in the linked book audit.
reclvse.random_table,reclvse,Random Table,109,109,d20,20,oracle:reclvse.random_table,"[""reclvse.random_table""]",False,True,True,True,single table,True,True,True,False,False,1,oracle:reclvse.random_table,1,VERIFIED,,0,[],0,[],0,False,"[""reclvse-reclvse-random-table""]",Entry fragments are readable. Any metadata listed as a candidate is not automatically a missing rule; source completeness remains in the linked book audit.
reclvse.remains_ruins,reclvse,Remains & Ruins,110,110,d20,20,oracle:reclvse.remains_ruins,"[""reclvse.remains_ruins""]",False,True,True,True,single table,True,True,True,False,False,1,oracle:reclvse.remains_ruins,1,VERIFIED,,0,[],0,[],0,False,"[""reclvse-reclvse-remains-ruins""]",Entry fragments are readable. Any metadata listed as a candidate is not automatically a missing rule; source completeness remains in the linked book audit.
reclvse.signs_of_travelers,reclvse,Signs Of Travelers,110,110,d20,20,oracle:reclvse.signs_of_travelers,"[""reclvse.signs_of_travelers""]",False,True,True,True,single table,True,True,True,False,False,1,oracle:reclvse.signs_of_travelers,1,VERIFIED,,0,[],0,[],0,False,"[""reclvse-reclvse-signs-of-travelers""]",Entry fragments are readable. Any metadata listed as a candidate is not automatically a missing rule; source completeness remains in the linked book audit.
reclvse.natural_oddities,reclvse,Natural Oddities,110,110,d20,20,oracle:reclvse.natural_oddities,"[""reclvse.natural_oddities""]",False,True,True,True,single table,True,True,True,False,False,1,oracle:reclvse.natural_oddities,1,VERIFIED,,0,[],0,[],0,False,"[""reclvse-reclvse-natural-oddities""]",Entry fragments are readable. Any metadata listed as a candidate is not automatically a missing rule; source completeness remains in the linked book audit.
reclvse.threat_signs,reclvse,Threat Signs,110,110,d20,20,oracle:reclvse.threat_signs,"[""reclvse.threat_signs""]",False,True,True,True,single table,True,True,True,False,False,1,oracle:reclvse.threat_signs,1,VERIFIED,,0,[],0,[],0,False,"[""reclvse-reclvse-threat-signs""]",Entry fragments are readable. Any metadata listed as a candidate is not automatically a missing rule; source completeness remains in the linked book audit.
reclvse.strange_omens,reclvse,Strange Omens,111,111,d20,20,oracle:reclvse.strange_omens,"[""reclvse.strange_omens""]",False,True,True,True,single table,True,True,True,False,False,1,oracle:reclvse.strange_omens,1,VERIFIED,,0,[],0,[],0,False,"[""reclvse-reclvse-strange-omens""]",Entry fragments are readable. Any metadata listed as a candidate is not automatically a missing rule; source completeness remains in the linked book audit.
reclvse.signs_of_lost_people,reclvse,Signs Of Lost People,111,111,d12,12,oracle:reclvse.signs_of_lost_people,"[""reclvse.signs_of_lost_people""]",False,True,True,True,single table,True,True,True,False,False,1,oracle:reclvse.signs_of_lost_people,1,VERIFIED,,0,[],0,[],0,False,"[""reclvse-reclvse-signs-of-lost-people""]",Entry fragments are readable. Any metadata listed as a candidate is not automatically a missing rule; source completeness remains in the linked book audit.
reclvse.wild_resource_discoveries,reclvse,Wild Resource Discoveries,111,111,d12,12,oracle:reclvse.wild_resource_discoveries,"[""reclvse.wild_resource_discoveries""]",False,True,True,True,single table,True,True,True,False,False,1,oracle:reclvse.wild_resource_discoveries,1,VERIFIED,,0,[],0,[],0,False,"[""reclvse-reclvse-wild-resource-discoveries""]",Entry fragments are readable. Any metadata listed as a candidate is not automatically a missing rule; source completeness remains in the linked book audit.
reclvse.ruinous_landmarks,reclvse,Ruinous Landmarks,112,112,d20,20,oracle:reclvse.ruinous_landmarks,"[""reclvse.ruinous_landmarks""]",False,True,True,True,single table,True,True,True,False,False,1,oracle:reclvse.ruinous_landmarks,1,VERIFIED,,0,[],0,[],0,False,"[""reclvse-reclvse-ruinous-landmarks""]",Entry fragments are readable. Any metadata listed as a candidate is not automatically a missing rule; source completeness remains in the linked book audit.
reclvse.major_natural_landmarks,reclvse,Major Natural Landmarks,112,112,d20,20,oracle:reclvse.major_natural_landmarks,"[""reclvse.major_natural_landmarks""]",False,True,True,True,single table,True,True,True,False,False,1,oracle:reclvse.major_natural_landmarks,1,VERIFIED,,0,[],0,[],0,False,"[""reclvse-reclvse-major-natural-landmarks""]",Entry fragments are readable. Any metadata listed as a candidate is not automatically a missing rule; source completeness remains in the linked book audit.
reclvse.strange_landmarks,reclvse,Strange Landmarks,112,112,d20,20,oracle:reclvse.strange_landmarks,"[""reclvse.strange_landmarks""]",False,True,True,True,single table,True,True,True,False,False,1,oracle:reclvse.strange_landmarks,1,VERIFIED,,0,[],0,[],0,False,"[""reclvse-reclvse-strange-landmarks""]",Entry fragments are readable. Any metadata listed as a candidate is not automatically a missing rule; source completeness remains in the linked book audit.
reclvse.landmark_presence,reclvse,Landmark Presence,113,113,d12,12,oracle:reclvse.landmark_presence,"[""reclvse.landmark_presence""]",False,True,True,True,single table,True,True,True,False,False,1,oracle:reclvse.landmark_presence,1,VERIFIED,,0,[],0,[],0,False,"[""reclvse-reclvse-landmark-presence""]",Entry fragments are readable. Any metadata listed as a candidate is not automatically a missing rule; source completeness remains in the linked book audit.
reclvse.water_landmarks,reclvse,Water Landmarks,113,113,d12,12,oracle:reclvse.water_landmarks,"[""reclvse.water_landmarks""]",False,True,True,True,single table,True,True,True,False,False,1,oracle:reclvse.water_landmarks,1,VERIFIED,,0,[],0,[],0,False,"[""reclvse-reclvse-water-landmarks""]",Entry fragments are readable. Any metadata listed as a candidate is not automatically a missing rule; source completeness remains in the linked book audit.
reclvse.elevation_features,reclvse,Elevation Features,113,113,d12,12,oracle:reclvse.elevation_features,"[""reclvse.elevation_features""]",False,True,True,True,single table,True,True,True,False,False,1,oracle:reclvse.elevation_features,1,VERIFIED,,0,[],0,[],0,False,"[""reclvse-reclvse-elevation-features""]",Entry fragments are readable. Any metadata listed as a candidate is not automatically a missing rule; source completeness remains in the linked book audit.
reclvse.landmark_purpose,reclvse,Landmark Purpose,113,113,d20,20,oracle:reclvse.landmark_purpose,"[""reclvse.landmark_purpose""]",False,True,True,True,single table,True,True,True,False,False,1,oracle:reclvse.landmark_purpose,1,VERIFIED,,0,[],0,[],0,False,"[""reclvse-reclvse-landmark-purpose""]",Entry fragments are readable. Any metadata listed as a candidate is not automatically a missing rule; source completeness remains in the linked book audit.
reclvse.landmark_condition,reclvse,Landmark Condition,113,113,d12,12,oracle:reclvse.landmark_condition,"[""reclvse.landmark_condition""]",False,True,True,True,single table,True,True,True,False,False,1,oracle:reclvse.landmark_condition,1,VERIFIED,,0,[],0,[],0,False,"[""reclvse-reclvse-landmark-condition""]",Entry fragments are readable. Any metadata listed as a candidate is not automatically a missing rule; source completeness remains in the linked book audit.
reclvse.monstrous_signs,reclvse,Monstrous Signs,114,114,d20,20,oracle:reclvse.monstrous_signs,"[""reclvse.monstrous_signs""]",False,True,True,True,single table,True,True,True,False,False,1,oracle:reclvse.monstrous_signs,1,VERIFIED,,0,[],0,[],0,False,"[""reclvse-reclvse-monstrous-signs""]",Entry fragments are readable. Any metadata listed as a candidate is not automatically a missing rule; source completeness remains in the linked book audit.
reclvse.large_creature_signs,reclvse,Large Creature Signs,114,114,d20,20,oracle:reclvse.large_creature_signs,"[""reclvse.large_creature_signs""]",False,True,True,True,single table,True,True,True,False,False,1,oracle:reclvse.large_creature_signs,1,VERIFIED,,0,[],0,[],0,False,"[""reclvse-reclvse-large-creature-signs""]",Entry fragments are readable. Any metadata listed as a candidate is not automatically a missing rule; source completeness remains in the linked book audit.
reclvse.signs_of_ambush,reclvse,Signs Of Ambush,115,115,d12,12,oracle:reclvse.signs_of_ambush,"[""reclvse.signs_of_ambush""]",False,True,True,True,single table,True,True,True,False,False,1,oracle:reclvse.signs_of_ambush,1,VERIFIED,,0,[],0,[],0,False,"[""reclvse-reclvse-signs-of-ambush""]",Entry fragments are readable. Any metadata listed as a candidate is not automatically a missing rule; source completeness remains in the linked book audit.
reclvse.human_threat_signs,reclvse,Human Threat Signs,115,115,d20,20,oracle:reclvse.human_threat_signs,"[""reclvse.human_threat_signs""]",False,True,True,True,single table,True,True,True,False,False,1,oracle:reclvse.human_threat_signs,1,VERIFIED,,0,[],0,[],0,False,"[""reclvse-reclvse-human-threat-signs""]",Entry fragments are readable. Any metadata listed as a candidate is not automatically a missing rule; source completeness remains in the linked book audit.
reclvse.signs_of_stalking,reclvse,Signs Of Stalking,115,115,d12,12,oracle:reclvse.signs_of_stalking,"[""reclvse.signs_of_stalking""]",False,True,True,True,single table,True,True,True,False,False,1,oracle:reclvse.signs_of_stalking,1,VERIFIED,,0,[],0,[],0,False,"[""reclvse-reclvse-signs-of-stalking""]",Entry fragments are readable. Any metadata listed as a candidate is not automatically a missing rule; source completeness remains in the linked book audit.
reclvse.signs_of_infestation,reclvse,Signs Of Infestation,115,115,d12,12,oracle:reclvse.signs_of_infestation,"[""reclvse.signs_of_infestation""]",False,True,True,True,single table,True,True,True,False,False,1,oracle:reclvse.signs_of_infestation,1,VERIFIED,,0,[],0,[],0,False,"[""reclvse-reclvse-signs-of-infestation""]",Entry fragments are readable. Any metadata listed as a candidate is not automatically a missing rule; source completeness remains in the linked book audit.
reclvse.natural_hazards,reclvse,Natural Hazards,116,116,d20,20,oracle:reclvse.natural_hazards,"[""reclvse.natural_hazards""]",False,True,True,True,single table,True,True,True,False,False,1,oracle:reclvse.natural_hazards,1,VERIFIED,,0,[],0,[],0,False,"[""reclvse-reclvse-natural-hazards""]",Entry fragments are readable. Any metadata listed as a candidate is not automatically a missing rule; source completeness remains in the linked book audit.
reclvse.weather_driven_hazards,reclvse,Weather-Driven Hazards,116,116,d20,20,oracle:reclvse.weather_driven_hazards,"[""reclvse.weather_driven_hazards""]",False,True,True,True,single table,True,True,True,False,False,1,oracle:reclvse.weather_driven_hazards,1,VERIFIED,,0,[],0,[],0,False,"[""reclvse-reclvse-weather-driven-hazards""]",Entry fragments are readable. Any metadata listed as a candidate is not automatically a missing rule; source completeness remains in the linked book audit.
reclvse.terrain_dangers,reclvse,Terrain Dangers,116,116,d20,20,oracle:reclvse.terrain_dangers,"[""reclvse.terrain_dangers""]",False,True,True,True,single table,True,True,True,False,False,1,oracle:reclvse.terrain_dangers,1,VERIFIED,,0,[],0,[],0,False,"[""reclvse-reclvse-terrain-dangers""]",Entry fragments are readable. Any metadata listed as a candidate is not automatically a missing rule; source completeness remains in the linked book audit.
reclvse.wildlife_hazards_non_combat,reclvse,Wildlife Hazards (Non- Combat),117,117,d20,20,oracle:reclvse.wildlife_hazards_non_combat,"[""reclvse.wildlife_hazards_non_combat""]",False,True,True,True,single table,True,True,True,False,False,1,oracle:reclvse.wildlife_hazards_non_combat,1,VERIFIED,,0,[],0,[],0,False,"[""reclvse-reclvse-wildlife-hazards-non-combat""]",Entry fragments are readable. Any metadata listed as a candidate is not automatically a missing rule; source completeness remains in the linked book audit.
reclvse.resource_loss_hazards,reclvse,Resource-Loss Hazards,117,117,d12,12,oracle:reclvse.resource_loss_hazards,"[""reclvse.resource_loss_hazards""]",False,True,True,True,single table,True,True,True,False,False,1,oracle:reclvse.resource_loss_hazards,1,VERIFIED,,0,[],0,[],0,False,"[""reclvse-reclvse-resource-loss-hazards""]",Entry fragments are readable. Any metadata listed as a candidate is not automatically a missing rule; source completeness remains in the linked book audit.
reclvse.unnatural_hazards,reclvse,Unnatural Hazards,117,117,d20,20,oracle:reclvse.unnatural_hazards,"[""reclvse.unnatural_hazards""]",False,True,True,True,single table,True,True,True,False,False,1,oracle:reclvse.unnatural_hazards,1,VERIFIED,,0,[],0,[],0,False,"[""reclvse-reclvse-unnatural-hazards""]",Entry fragments are readable. Any metadata listed as a candidate is not automatically a missing rule; source completeness remains in the linked book audit.
reclvse.travel_cost_hazards,reclvse,Travel-Cost Hazards,118,118,d20,20,oracle:reclvse.travel_cost_hazards,"[""reclvse.travel_cost_hazards""]",False,True,True,True,single table,True,True,True,False,False,1,oracle:reclvse.travel_cost_hazards,1,VERIFIED,,0,[],0,[],0,False,"[""reclvse-reclvse-travel-cost-hazards""]",Entry fragments are readable. Any metadata listed as a candidate is not automatically a missing rule; source completeness remains in the linked book audit.
reclvse.false_security_misleading_hazards,reclvse,False Security / Misleading Hazards,118,118,d12,12,oracle:reclvse.false_security_misleading_hazards,"[""reclvse.false_security_misleading_hazards""]",False,True,True,True,single table,True,True,True,False,False,1,oracle:reclvse.false_security_misleading_hazards,1,VERIFIED,,0,[],0,[],0,False,"[""reclvse-reclvse-false-security-misleading-hazards""]",Entry fragments are readable. Any metadata listed as a candidate is not automatically a missing rule; source completeness remains in the linked book audit.
reclvse.village_names,reclvse,Village Names,130,130,d100,100,oracle:reclvse.village_names,"[""reclvse.village_names""]",False,True,True,True,single table,True,True,True,False,False,1,oracle:reclvse.village_names,1,VERIFIED,,0,[],0,[],0,False,"[""reclvse-reclvse-village-names""]",Entry fragments are readable. Any metadata listed as a candidate is not automatically a missing rule; source completeness remains in the linked book audit.
reclvse.landmark_names,reclvse,Landmark Names,132,132,d100,100,oracle:reclvse.landmark_names,"[""reclvse.landmark_names""]",False,True,True,True,single table,True,True,True,False,False,1,oracle:reclvse.landmark_names,1,VERIFIED,,0,[],0,[],0,False,"[""reclvse-reclvse-landmark-names""]",Entry fragments are readable. Any metadata listed as a candidate is not automatically a missing rule; source completeness remains in the linked book audit.
reclvse.tavern_names,reclvse,Tavern Names,132,132,d100,100,oracle:reclvse.tavern_names,"[""reclvse.tavern_names""]",False,True,True,True,single table,True,True,True,False,False,1,oracle:reclvse.tavern_names,1,VERIFIED,,0,[],0,[],0,False,"[""reclvse-reclvse-tavern-names""]",Entry fragments are readable. Any metadata listed as a candidate is not automatically a missing rule; source completeness remains in the linked book audit.
reclvse.npc_surnames,reclvse,Npc Surnames,133,133,d100,100,oracle:reclvse.npc_surnames,"[""reclvse.npc_surnames""]",False,True,True,True,single table,True,True,True,False,False,1,oracle:reclvse.npc_surnames,1,VERIFIED,,0,[],0,[],0,False,"[""reclvse-reclvse-npc-surnames""]",Entry fragments are readable. Any metadata listed as a candidate is not automatically a missing rule; source completeness remains in the linked book audit.
reclvse.npc_first_names,reclvse,Npc First Names,133,133,d100,100,oracle:reclvse.npc_first_names,"[""reclvse.npc_first_names""]",False,True,True,True,single table,True,True,True,False,False,1,oracle:reclvse.npc_first_names,1,VERIFIED,,0,[],0,[],0,False,"[""reclvse-reclvse-npc-first-names""]",Entry fragments are readable. Any metadata listed as a candidate is not automatically a missing rule; source completeness remains in the linked book audit.
reclvse.street_buildings_lots,reclvse,Street Generation — Buildings / Lots,100,100,d66,36,oracle:reclvse.street_buildings_lots,"[""reclvse.street_buildings_lots""]",False,True,True,True,single table,True,True,True,False,False,1,oracle:reclvse.street_buildings_lots,1,VERIFIED,,0,[],0,[],0,False,"[""reclvse-full-street"", ""reclvse-reclvse-street-buildings-lots""]",Entry fragments are readable. Any metadata listed as a candidate is not automatically a missing rule; source completeness remains in the linked book audit.
reclvse.city_names,reclvse,City Names,131,131,d100,100,oracle:reclvse.city_names,"[""reclvse.city_names""]",False,True,True,True,single table,True,True,True,False,False,1,oracle:reclvse.city_names,1,VERIFIED,,0,[],0,[],0,False,"[""reclvse-reclvse-city-names""]",Entry fragments are readable. Any metadata listed as a candidate is not automatically a missing rule; source completeness remains in the linked book audit.
reclvse.region_names,reclvse,Region Names,131,131,d100,100,oracle:reclvse.region_names,"[""reclvse.region_names""]",False,True,True,True,single table,True,True,True,False,False,1,oracle:reclvse.region_names,1,VERIFIED,,0,[],0,[],0,False,"[""reclvse-reclvse-region-names""]",Entry fragments are readable. Any metadata listed as a candidate is not automatically a missing rule; source completeness remains in the linked book audit.
reclvse.street_quick_type,reclvse,Quick Street Generator — Street Type,98,98,d6,6,oracle:reclvse.street_quick_type,"[""reclvse.street_quick_type""]",False,True,True,True,single table,True,True,True,False,False,1,oracle:reclvse.street_quick_type,1,VERIFIED,,0,[],0,[],0,False,"[""reclvse-quick-street"", ""reclvse-reclvse-street-quick-type""]",Entry fragments are readable. Any metadata listed as a candidate is not automatically a missing rule; source completeness remains in the linked book audit.
reclvse.street_quick_atmosphere,reclvse,Quick Street Generator — Atmosphere,98,98,d6,6,oracle:reclvse.street_quick_atmosphere,"[""reclvse.street_quick_atmosphere""]",False,True,True,True,single table,True,True,True,False,False,1,oracle:reclvse.street_quick_atmosphere,1,VERIFIED,,0,[],0,[],0,False,"[""reclvse-quick-street"", ""reclvse-reclvse-street-quick-atmosphere""]",Entry fragments are readable. Any metadata listed as a candidate is not automatically a missing rule; source completeness remains in the linked book audit.
reclvse.street_quick_feature,reclvse,Quick Street Generator — Feature,98,98,d6,6,oracle:reclvse.street_quick_feature,"[""reclvse.street_quick_feature""]",False,True,True,True,single table,True,True,True,False,False,1,oracle:reclvse.street_quick_feature,1,VERIFIED,,0,[],0,[],0,False,"[""reclvse-quick-street"", ""reclvse-reclvse-street-quick-feature""]",Entry fragments are readable. Any metadata listed as a candidate is not automatically a missing rule; source completeness remains in the linked book audit.
reclvse.street_quick_content,reclvse,Quick Street Generator — Content,98,98,d6,6,oracle:reclvse.street_quick_content,"[""reclvse.street_quick_content""]",False,True,True,True,single table,True,True,True,False,False,1,oracle:reclvse.street_quick_content,1,VERIFIED,,0,[],0,[],0,False,"[""reclvse-quick-street"", ""reclvse-reclvse-street-quick-content""]",Entry fragments are readable. Any metadata listed as a candidate is not automatically a missing rule; source completeness remains in the linked book audit.
reclvse.street_quick_exits,reclvse,Quick Street Generator — Exits,98,98,d6,6,oracle:reclvse.street_quick_exits,"[""reclvse.street_quick_exits""]",False,True,True,True,single table,True,True,True,False,False,1,oracle:reclvse.street_quick_exits,1,VERIFIED,,0,[],0,[],0,False,"[""reclvse-quick-street"", ""reclvse-reclvse-street-quick-exits""]",Entry fragments are readable. Any metadata listed as a candidate is not automatically a missing rule; source completeness remains in the linked book audit.
heretic.unheroicFeats,heretic,Unheroic Feats,"[6, 7, 8, 9, 10, 11]",4,d66,36,oracle:heretic.unheroicFeats,"[""heretic.unheroicFeats""]",False,True,True,True,single table,True,True,True,False,False,1,oracle:heretic.unheroicFeats,1,VERIFIED,,0,[],0,[],0,False,"[""heretic:feat-eligibility"", ""heretic:feat-named-lookup"", ""heretic:table-unheroicFeats""]",Entry fragments are readable. Any metadata listed as a candidate is not automatically a missing rule; source completeness remains in the linked book audit.
heretic.songbird.deal,heretic,Sacrilegious Songbird — A Deal Was Struck,12,10,d6,6,oracle:heretic.songbird.deal,"[""heretic.songbird.deal""]",False,True,True,True,single table,True,True,True,False,False,1,oracle:heretic.songbird.deal,1,VERIFIED,,0,[],0,[],0,False,"[""heretic:table-songbird-deal""]",Entry fragments are readable. Any metadata listed as a candidate is not automatically a missing rule; source completeness remains in the linked book audit.
heretic.vicar.firstPeel.who,heretic,Shedding Vicar — Your First Peel: Who?,14,12,d6,6,oracle:heretic.vicar.firstPeel.who,"[""heretic.vicar.firstPeel.who""]",False,True,True,True,single table,True,True,True,False,False,1,oracle:heretic.vicar.firstPeel.who,1,VERIFIED,,0,[],0,[],0,False,"[""heretic:table-vicar-firstPeel-who""]",Entry fragments are readable. Any metadata listed as a candidate is not automatically a missing rule; source completeness remains in the linked book audit.
heretic.vicar.firstPeel.what,heretic,Shedding Vicar — Your First Peel: What and Why?,14,12,d6,6,oracle:heretic.vicar.firstPeel.what,"[""heretic.vicar.firstPeel.what""]",False,True,True,True,single table,True,True,True,False,False,1,oracle:heretic.vicar.firstPeel.what,1,VERIFIED,,0,[],0,[],0,False,"[""heretic:table-vicar-firstPeel-what""]",Entry fragments are readable. Any metadata listed as a candidate is not automatically a missing rule; source completeness remains in the linked book audit.
heretic.ubertaker.action,heretic,Graves Left Wanting — The Übertaker: Random Action,33,31,d4,4,oracle:heretic.ubertaker.action,"[""heretic.ubertaker.action""]",False,True,True,True,single table,True,True,True,False,False,1,oracle:heretic.ubertaker.action,1,VERIFIED,,0,[],0,[],0,False,[],Entry fragments are readable. Any metadata listed as a candidate is not automatically a missing rule; source completeness remains in the linked book audit.
heretic.curseCure,heretic,So How Do I Get Rid of This?,37,35,d12,12,oracle:heretic.curseCure,"[""heretic.curseCure""]",False,True,False,False,single table,True,True,True,False,False,1,oracle:heretic.curseCure,1,PARTIAL,"Visually transcribed because the PDF text layer duplicates glyphs. The original visible page ends entry 12 after “do not”; the incomplete final sentence is retained, not guessed. 원문 일부가 불완전하여 이 표는 참조만 제공합니다.",0,[],0,[],0,False,"[""heretic:table-curseCure""]",Entry fragments are readable. Any metadata listed as a candidate is not automatically a missing rule; source completeness remains in the linked book audit. Automatic roll is deliberately blocked; see nonRollableReason. This alone is not a defective table.
heretic.merchant.soulPrice,heretic,The Merchant — Cost of a Portion of Your Soul,40,38,d6,6,oracle:heretic.merchant.soulPrice,"[""heretic.merchant.soulPrice""]",False,True,True,True,single table,True,True,True,False,False,1,oracle:heretic.merchant.soulPrice,1,VERIFIED,,0,[],0,[],0,False,"[""heretic:merchant-trade"", ""heretic:table-merchant-soulPrice""]",Entry fragments are readable. Any metadata listed as a candidate is not automatically a missing rule; source completeness remains in the linked book audit.
heretic.merchant.stock.tveland,heretic,The Merchant — Tveland Stock,42,40,d6,6,oracle:heretic.merchant.stock.tveland,"[""heretic.merchant.stock.tveland""]",False,True,True,True,single table,True,True,True,False,False,1,oracle:heretic.merchant.stock.tveland,1,VERIFIED,,0,[],0,[],0,False,"[""heretic:merchant-tveland-1"", ""heretic:merchant-tveland-2"", ""heretic:merchant-tveland-3"", ""heretic:merchant-tveland-4"", ""heretic:merchant-tveland-5"", ""heretic:merchant-tveland-6""]",Entry fragments are readable. Any metadata listed as a candidate is not automatically a missing rule; source completeness remains in the linked book audit.
heretic.merchant.stock.wastland,heretic,The Merchant — Wästland Stock,43,41,d6,6,oracle:heretic.merchant.stock.wastland,"[""heretic.merchant.stock.wastland""]",False,True,True,True,single table,True,True,True,False,False,1,oracle:heretic.merchant.stock.wastland,1,VERIFIED,,0,[],0,[],0,False,"[""heretic:merchant-wastland-1"", ""heretic:merchant-wastland-2"", ""heretic:merchant-wastland-3"", ""heretic:merchant-wastland-4"", ""heretic:merchant-wastland-5"", ""heretic:merchant-wastland-6""]",Entry fragments are readable. Any metadata listed as a candidate is not automatically a missing rule; source completeness remains in the linked book audit.
heretic.merchant.stock.kergus,heretic,The Merchant — Kergüs Stock,44,42,d6,6,oracle:heretic.merchant.stock.kergus,"[""heretic.merchant.stock.kergus""]",False,True,True,True,single table,True,True,True,False,False,1,oracle:heretic.merchant.stock.kergus,1,VERIFIED,,0,[],0,[],0,False,"[""heretic:merchant-kergus-1"", ""heretic:merchant-kergus-2"", ""heretic:merchant-kergus-3"", ""heretic:merchant-kergus-4"", ""heretic:merchant-kergus-5"", ""heretic:merchant-kergus-6""]",Entry fragments are readable. Any metadata listed as a candidate is not automatically a missing rule; source completeness remains in the linked book audit.
heretic.merchant.stock.grift,heretic,The Merchant — Grift Stock,45,43,d6,6,oracle:heretic.merchant.stock.grift,"[""heretic.merchant.stock.grift""]",False,True,True,True,single table,True,True,True,False,False,1,oracle:heretic.merchant.stock.grift,1,VERIFIED,,0,[],0,[],0,False,"[""heretic:merchant-grift-1"", ""heretic:merchant-grift-2"", ""heretic:merchant-grift-3"", ""heretic:merchant-grift-4"", ""heretic:merchant-grift-5"", ""heretic:merchant-grift-6""]",Entry fragments are readable. Any metadata listed as a candidate is not automatically a missing rule; source completeness remains in the linked book audit.
heretic.swampWitch.wishes,heretic,Sepulchre of the Swamp Witch — Wishes,59,57,d6,6,oracle:heretic.swampWitch.wishes,"[""heretic.swampWitch.wishes""]",False,True,True,True,single table,True,True,True,False,False,1,oracle:heretic.swampWitch.wishes,1,VERIFIED,,0,[],0,[],0,False,"[""heretic:table-swampWitch-wishes"", ""heretic:wish-procedure""]",Entry fragments are readable. Any metadata listed as a candidate is not automatically a missing rule; source completeness remains in the linked book audit.
heretic.swampWitch.rumors,heretic,Sepulchre of the Swamp Witch — You Also Heard…,48,46,d6,6,oracle:heretic.swampWitch.rumors,"[""heretic.swampWitch.rumors""]",False,True,True,True,single table,True,True,True,False,False,1,oracle:heretic.swampWitch.rumors,1,VERIFIED,,0,[],0,[],0,False,"[""heretic:table-swampWitch-rumors""]",Entry fragments are readable. Any metadata listed as a candidate is not automatically a missing rule; source completeness remains in the linked book audit.
heretic.nurse.corridorNorth,heretic,Nurse the Rot — Corridor North,66,,d4,4,oracle:heretic.nurse.corridorNorth,"[""heretic.nurse.corridorNorth""]",False,True,False,False,single table,True,True,True,False,False,1,oracle:heretic.nurse.corridorNorth,1,VERIFIED,"Unnumbered last fold. Source says cross out results, so this is a without-replacement scenario table. A stateless roll does not implement that stateful procedure.",0,[],0,[],0,False,"[""heretic:table-nurse-corridorNorth""]",Entry fragments are readable. Any metadata listed as a candidate is not automatically a missing rule; source completeness remains in the linked book audit. Automatic roll is deliberately blocked; see nonRollableReason. This alone is not a defective table.
reclvse.equipment,reclvse,Gear & Equipment List,31,31,d100,100,oracle:reclvse.equipment,"[""reclvse.equipment""]",False,True,True,True,single table,True,True,True,False,False,1,oracle:reclvse.equipment,1,VERIFIED,,0,[],0,[],0,False,"[""reclvse-reclvse-equipment""]",Entry fragments are readable. Any metadata listed as a candidate is not automatically a missing rule; source completeness remains in the linked book audit.
reclvse.weapons,reclvse,Weapons Table,32,32,d20,20,oracle:reclvse.weapons,"[""reclvse.weapons""]",False,True,True,True,single table,True,True,True,False,False,1,oracle:reclvse.weapons,1,VERIFIED,,0,[],0,[],0,False,"[""reclvse-reclvse-weapons""]",Entry fragments are readable. Any metadata listed as a candidate is not automatically a missing rule; source completeness remains in the linked book audit.
reclvse.armor,reclvse,Armor Table,32,32,d6,5,oracle:reclvse.armor,"[""reclvse.armor""]",False,True,True,True,single table,True,True,True,False,False,1,oracle:reclvse.armor,1,VERIFIED,,0,[],0,[],0,False,"[""reclvse-reclvse-armor""]",Entry fragments are readable. Any metadata listed as a candidate is not automatically a missing rule; source completeness remains in the linked book audit.
reclvse.powers,reclvse,Powers,"[35, 36]",35,d66,36,oracle:reclvse.powers,"[""reclvse.powers""]",False,True,True,True,single table,True,True,True,False,False,2,oracle:mythic2.meaning.powers,1,VERIFIED,,0,[],0,[],0,False,"[""reclvse-power-name-lookup"", ""reclvse-reclvse-powers""]",Entry fragments are readable. Any metadata listed as a candidate is not automatically a missing rule; source completeness remains in the linked book audit.
reclvse.corruption,reclvse,Corruption,36,36,d6,6,oracle:reclvse.corruption,"[""reclvse.corruption""]",False,True,True,True,single table,True,True,True,False,False,1,oracle:reclvse.corruption,1,VERIFIED,,0,[],0,[],0,False,"[""reclvse-reclvse-corruption""]",Entry fragments are readable. Any metadata listed as a candidate is not automatically a missing rule; source completeness remains in the linked book audit.
reclvse.loot.39,reclvse,Loot — Table I,39,39,d66,26,oracle:reclvse.loot.39,"[""reclvse.loot.39""]",False,True,True,True,single table,True,True,True,False,False,1,oracle:reclvse.loot.39,1,VERIFIED,,0,[],0,[],0,False,"[""reclvse-reclvse-loot-39""]",Entry fragments are readable. Any metadata listed as a candidate is not automatically a missing rule; source completeness remains in the linked book audit.
reclvse.loot.40,reclvse,Loot — Table II,40,40,d66,26,oracle:reclvse.loot.40,"[""reclvse.loot.40""]",False,True,True,True,single table,True,True,True,False,False,1,oracle:reclvse.loot.40,1,VERIFIED,,0,[],0,[],0,False,"[""reclvse-reclvse-loot-40""]",Entry fragments are readable. Any metadata listed as a candidate is not automatically a missing rule; source completeness remains in the linked book audit.
reclvse.ruinedState,reclvse,The Ruined State,42,42,d12,12,oracle:reclvse.ruinedState,"[""reclvse.ruinedState""]",False,True,True,True,single table,True,True,True,False,False,1,oracle:reclvse.ruinedState,1,VERIFIED,,0,[],0,[],0,False,"[""reclvse-reclvse-ruinedstate""]",Entry fragments are readable. Any metadata listed as a candidate is not automatically a missing rule; source completeness remains in the linked book audit.
reclvse.scarred,reclvse,Scarred,43,43,d6,6,oracle:reclvse.scarred,"[""reclvse.scarred""]",False,True,True,True,single table,True,True,True,False,False,1,oracle:reclvse.scarred,1,VERIFIED,,0,[],0,[],0,False,"[""reclvse-reclvse-scarred""]",Entry fragments are readable. Any metadata listed as a candidate is not automatically a missing rule; source completeness remains in the linked book audit.
reclvse.hirelingTraits,reclvse,Hireling Traits,59,59,d6,6,oracle:reclvse.hirelingTraits,"[""reclvse.hirelingTraits""]",False,True,True,True,single table,True,True,True,False,False,1,oracle:reclvse.hirelingTraits,1,VERIFIED,,0,[],0,[],0,False,"[""reclvse-reclvse-hirelingtraits""]",Entry fragments are readable. Any metadata listed as a candidate is not automatically a missing rule; source completeness remains in the linked book audit.
reclvse.hirelingMorale,reclvse,Hirelings — Broken Morale,59,59,d6,6,oracle:reclvse.hirelingMorale,"[""reclvse.hirelingMorale""]",False,True,True,True,single table,True,True,True,False,False,1,oracle:reclvse.hirelingMorale,1,VERIFIED,,0,[],0,[],0,False,"[""reclvse-reclvse-hirelingmorale""]",Entry fragments are readable. Any metadata listed as a candidate is not automatically a missing rule; source completeness remains in the linked book audit.
reclvse.homeLocations,reclvse,Home Locations,"[71, 72]",71,d20,20,oracle:reclvse.homeLocations,"[""reclvse.homeLocations""]",False,True,True,True,single table,True,True,True,False,False,1,oracle:reclvse.homeLocations,1,VERIFIED,,0,[],0,[],0,False,"[""reclvse-reclvse-homelocations""]",Entry fragments are readable. Any metadata listed as a candidate is not automatically a missing rule; source completeness remains in the linked book audit.
reclvse.homeFeatures,reclvse,Home Features,72,72,d12,12,oracle:reclvse.homeFeatures,"[""reclvse.homeFeatures""]",False,True,True,True,single table,True,True,True,False,False,1,oracle:reclvse.homeFeatures,1,VERIFIED,,0,[],0,[],0,False,"[""reclvse-reclvse-homefeatures""]",Entry fragments are readable. Any metadata listed as a candidate is not automatically a missing rule; source completeness remains in the linked book audit.
reclvse.homeComplications,reclvse,Home Complications,"[72, 73]",72,d12,12,oracle:reclvse.homeComplications,"[""reclvse.homeComplications""]",False,True,True,True,single table,True,True,True,False,False,1,oracle:reclvse.homeComplications,1,VERIFIED,,0,[],0,[],0,False,"[""reclvse-reclvse-homecomplications""]",Entry fragments are readable. Any metadata listed as a candidate is not automatically a missing rule; source completeness remains in the linked book audit.
reclvse.whileAway,reclvse,While You’re Away,73,73,d6,6,oracle:reclvse.whileAway,"[""reclvse.whileAway""]",False,True,True,True,single table,True,True,True,False,False,1,oracle:reclvse.whileAway,1,VERIFIED,,0,[],0,[],0,False,"[""reclvse-reclvse-whileaway""]",Entry fragments are readable. Any metadata listed as a candidate is not automatically a missing rule; source completeness remains in the linked book audit.
reclvse.creatureType,reclvse,Creature Type,75,75,d20,20,oracle:reclvse.creatureType,"[""reclvse.creatureType""]",False,True,True,True,single table,True,True,True,False,False,1,oracle:reclvse.creatureType,1,VERIFIED,,0,[],0,[],0,False,"[""reclvse-beasts"", ""reclvse-reclvse-creaturetype""]",Entry fragments are readable. Any metadata listed as a candidate is not automatically a missing rule; source completeness remains in the linked book audit.
reclvse.creatureArmor,reclvse,Beasts — Armor Tier,75,75,d6,6,oracle:reclvse.creatureArmor,"[""reclvse.creatureArmor""]",False,True,True,True,single table,True,True,True,False,False,1,oracle:reclvse.creatureArmor,1,VERIFIED,,0,[],0,[],0,False,"[""reclvse-beasts"", ""reclvse-reclvse-creaturearmor""]",Entry fragments are readable. Any metadata listed as a candidate is not automatically a missing rule; source completeness remains in the linked book audit.
reclvse.creatureAppearance,reclvse,Beasts — Appearance,76,76,d20,20,oracle:reclvse.creatureAppearance,"[""reclvse.creatureAppearance""]",False,True,True,True,single table,True,True,True,False,False,1,oracle:reclvse.creatureAppearance,1,VERIFIED,,0,[],0,[],0,False,"[""reclvse-beasts"", ""reclvse-reclvse-creatureappearance""]",Entry fragments are readable. Any metadata listed as a candidate is not automatically a missing rule; source completeness remains in the linked book audit.
reclvse.creatureMorale,reclvse,Beasts — Morale,76,76,2d6,4,oracle:reclvse.creatureMorale,"[""reclvse.creatureMorale""]",False,True,True,True,single table,True,True,True,False,False,1,oracle:reclvse.creatureMorale,1,VERIFIED,,0,[],0,[],0,False,"[""reclvse-beasts"", ""reclvse-reclvse-creaturemorale""]",Entry fragments are readable. Any metadata listed as a candidate is not automatically a missing rule; source completeness remains in the linked book audit.
reclvse.creatureDamage,reclvse,Beasts — Damage Table,76,76,d6,6,oracle:reclvse.creatureDamage,"[""reclvse.creatureDamage""]",False,True,True,True,single table,True,True,True,False,False,1,oracle:reclvse.creatureDamage,1,VERIFIED,,0,[],0,[],0,False,"[""reclvse-beasts"", ""reclvse-reclvse-creaturedamage""]",Entry fragments are readable. Any metadata listed as a candidate is not automatically a missing rule; source completeness remains in the linked book audit.
reclvse.creatureBehavior,reclvse,Beasts — Behavior,76,76,d20,20,oracle:reclvse.creatureBehavior,"[""reclvse.creatureBehavior""]",False,True,True,True,single table,True,True,True,False,False,1,oracle:reclvse.creatureBehavior,1,VERIFIED,,0,[],0,[],0,False,"[""reclvse-beasts"", ""reclvse-reclvse-creaturebehavior""]",Entry fragments are readable. Any metadata listed as a candidate is not automatically a missing rule; source completeness remains in the linked book audit.
reclvse.wildlifeType,reclvse,Wildlife Type,76,76,d20,20,oracle:reclvse.wildlifeType,"[""reclvse.wildlifeType""]",False,True,True,True,single table,True,True,True,False,False,1,oracle:reclvse.wildlifeType,1,VERIFIED,,0,[],0,[],0,False,"[""reclvse-reclvse-wildlifetype"", ""reclvse-wildlife""]",Entry fragments are readable. Any metadata listed as a candidate is not automatically a missing rule; source completeness remains in the linked book audit.
reclvse.wildlifeSize,reclvse,Wildlife — Size,76,76,d4,4,oracle:reclvse.wildlifeSize,"[""reclvse.wildlifeSize""]",False,True,True,True,single table,True,True,True,False,False,1,oracle:reclvse.wildlifeSize,1,VERIFIED,,0,[],0,[],0,False,"[""reclvse-reclvse-wildlifesize"", ""reclvse-wildlife""]",Entry fragments are readable. Any metadata listed as a candidate is not automatically a missing rule; source completeness remains in the linked book audit.
reclvse.creatureSize,reclvse,Beasts — Size,76,76,d6,6,oracle:reclvse.creatureSize,"[""reclvse.creatureSize""]",False,True,True,True,single table,True,True,True,False,False,1,oracle:reclvse.creatureSize,1,VERIFIED,,0,[],0,[],0,False,"[""reclvse-reclvse-creaturesize""]",Entry fragments are readable. Any metadata listed as a candidate is not automatically a missing rule; source completeness remains in the linked book audit.
reclvse.adventureCalls.spark,reclvse,Adventure Calls — What Sets Everything in Motion?,138,138,d20,20,oracle:reclvse.adventureCalls.spark,"[""reclvse.adventureCalls.spark""]",False,True,True,True,single table,True,True,True,False,False,1,oracle:reclvse.adventureCalls.spark,1,VERIFIED,,0,[],0,[],0,False,"[""reclvse-adventure-calls"", ""reclvse-reclvse-adventurecalls-spark""]",Entry fragments are readable. Any metadata listed as a candidate is not automatically a missing rule; source completeness remains in the linked book audit.
reclvse.adventureCalls.destination,reclvse,Adventure Calls — Where Your Steps Must Lead,138,138,d20,20,oracle:reclvse.adventureCalls.destination,"[""reclvse.adventureCalls.destination""]",False,True,True,True,single table,True,True,True,False,False,1,oracle:reclvse.adventureCalls.destination,1,VERIFIED,,0,[],0,[],0,False,"[""reclvse-adventure-calls"", ""reclvse-reclvse-adventurecalls-destination""]",Entry fragments are readable. Any metadata listed as a candidate is not automatically a missing rule; source completeness remains in the linked book audit.
reclvse.adventureCalls.danger,reclvse,Adventure Calls — The Heart of the Danger,138,138,d20,20,oracle:reclvse.adventureCalls.danger,"[""reclvse.adventureCalls.danger""]",False,True,True,True,single table,True,True,True,False,False,1,oracle:reclvse.adventureCalls.danger,1,VERIFIED,,0,[],0,[],0,False,"[""reclvse-adventure-calls"", ""reclvse-reclvse-adventurecalls-danger""]",Entry fragments are readable. Any metadata listed as a candidate is not automatically a missing rule; source completeness remains in the linked book audit.
reclvse.adventureCalls.twist,reclvse,Adventure Calls — Twist of the Blade,138,138,d20,20,oracle:reclvse.adventureCalls.twist,"[""reclvse.adventureCalls.twist""]",False,True,True,True,single table,True,True,True,False,False,1,oracle:reclvse.adventureCalls.twist,1,VERIFIED,,0,[],0,[],0,False,"[""reclvse-adventure-calls"", ""reclvse-reclvse-adventurecalls-twist""]",Entry fragments are readable. Any metadata listed as a candidate is not automatically a missing rule; source completeness remains in the linked book audit.
reclvse.hirelingDeath,reclvse,Hirelings — Death and Desertion,60,60,d6,6,oracle:reclvse.hirelingDeath,"[""reclvse.hirelingDeath""]",False,True,True,True,single table,True,True,True,False,False,1,oracle:reclvse.hirelingDeath,1,VERIFIED,,0,[],0,[],0,False,"[""reclvse-reclvse-hirelingdeath""]",Entry fragments are readable. Any metadata listed as a candidate is not automatically a missing rule; source completeness remains in the linked book audit.
reclvse.archetype,reclvse,Archetype,"[18, 19, 21, 23, 25, 27, 29]",18,d6,6,oracle:reclvse.archetype,"[""reclvse.archetype""]",False,True,True,True,single table,True,True,True,False,False,1,oracle:reclvse.archetype,1,VERIFIED,,0,[],0,[],0,False,"[""reclvse-reclvse-archetype""]",Entry fragments are readable. Any metadata listed as a candidate is not automatically a missing rule; source completeness remains in the linked book audit.
core.weather,core,Weather,4,4,d12,12,oracle:core.weather,"[""core.weather""]",False,True,True,True,single table,True,True,True,False,False,1,oracle:core.weather,1,VERIFIED,,0,[],0,[],0,False,"[""core-weather""]",Entry fragments are readable. Any metadata listed as a candidate is not automatically a missing rule; source completeness remains in the linked book audit.
core.corpsePlundering,core,Corpse Plundering,"[4, 5]",4,d66,26,oracle:core.corpsePlundering,"[""core.corpsePlundering""]",False,True,True,True,single table,True,True,True,False,False,1,oracle:core.corpsePlundering,1,VERIFIED,,0,[],0,[],0,False,"[""core-corpse""]",Entry fragments are readable. Any metadata listed as a candidate is not automatically a missing rule; source completeness remains in the linked book audit.
core.miseries,core,The Calendar of Nechrubel — Miseries,"[18, 19, 20]",18,d66,36,oracle:core.miseries,"[""core.miseries""]",False,True,True,True,single table,True,True,True,False,False,1,oracle:core.miseries,1,VERIFIED,,0,[],0,[],0,False,"[""core-calendar"", ""core-miseries""]",Entry fragments are readable. Any metadata listed as a candidate is not automatically a missing rule; source completeness remains in the linked book audit.
core.broken,core,Broken,29,29,d4,4,oracle:core.broken,"[""core.broken""]",False,True,True,True,single table,True,True,True,False,False,2,rule:core.broken,1,VERIFIED,,0,[],0,[],0,False,"[""core-broken-results"", ""core-hp-broken""]",Entry fragments are readable. Any metadata listed as a candidate is not automatically a missing rule; source completeness remains in the linked book audit.
core.initiative,core,Initiative,30,30,d6,2,oracle:core.initiative,"[""core.initiative""]",False,True,True,True,single table,True,True,True,False,False,1,oracle:core.initiative,1,VERIFIED,,0,[],0,[],0,False,"[""core-initiative""]",Entry fragments are readable. Any metadata listed as a candidate is not automatically a missing rule; source completeness remains in the linked book audit.
core.reaction,core,Reaction,32,32,2d6,5,oracle:core.reaction,"[""core.reaction""]",False,True,True,True,single table,True,True,True,False,False,1,oracle:core.reaction,1,VERIFIED,,0,[],0,[],0,False,"[""core-reaction""]",Entry fragments are readable. Any metadata listed as a candidate is not automatically a missing rule; source completeness remains in the linked book audit.
core.failedMorale,core,Failed Morale,32,32,d6,2,oracle:core.failedMorale,"[""core.failedMorale""]",False,True,True,True,single table,True,True,True,False,False,1,oracle:core.failedMorale,1,VERIFIED,,0,[],0,[],0,False,"[""core-morale""]",Entry fragments are readable. Any metadata listed as a candidate is not automatically a missing rule; source completeness remains in the linked book audit.
core.gettingBetterDebris,core,Left in the Debris You Find,33,33,d6,4,oracle:core.gettingBetterDebris,"[""core.gettingBetterDebris""]",False,True,True,True,single table,True,True,True,False,False,1,oracle:core.gettingBetterDebris,1,VERIFIED,,0,[],0,[],0,False,"[""core-improvement""]",Entry fragments are readable. Any metadata listed as a candidate is not automatically a missing rule; source completeness remains in the linked book audit.
core.basilisksDemand,core,The Basilisks Demand,36,36,d20,20,oracle:core.basilisksDemand,"[""core.basilisksDemand""]",False,True,True,True,single table,True,True,True,False,False,1,oracle:core.basilisksDemand,1,VERIFIED,,0,[],0,[],0,False,"[""core-basilisks-demand""]",Entry fragments are readable. Any metadata listed as a candidate is not automatically a missing rule; source completeness remains in the linked book audit.
core.badHabits,core,Bad Habits,40,40,d20,20,oracle:core.badHabits,"[""core.badHabits""]",False,True,True,True,single table,True,True,True,False,False,1,oracle:core.badHabits,1,VERIFIED,,0,[],0,[],0,False,"[""core-habits""]",Entry fragments are readable. Any metadata listed as a candidate is not automatically a missing rule; source completeness remains in the linked book audit.
core.troublingTales,core,Troubling Tales,"[41, 42]",41,d20,20,oracle:core.troublingTales,"[""core.troublingTales""]",False,True,True,True,single table,True,True,True,False,False,1,oracle:core.troublingTales,1,VERIFIED,,0,[],0,[],0,False,"[""core-tales""]",Entry fragments are readable. Any metadata listed as a candidate is not automatically a missing rule; source completeness remains in the linked book audit.
core.arcaneCatastrophes,core,Arcane Catastrophes,"[43, 44, 45]",43,d20,20,oracle:core.arcaneCatastrophes,"[""core.arcaneCatastrophes""]",False,True,True,True,single table,True,True,True,False,False,1,oracle:core.arcaneCatastrophes,1,VERIFIED,,0,[],0,[],0,False,"[""core-arcane-catastrophes"", ""core-catastrophe-repeat""]",Entry fragments are readable. Any metadata listed as a candidate is not automatically a missing rule; source completeness remains in the linked book audit.
core.whereDoYouWander,core,Where Do You Wander?,68,68,d12,12,oracle:core.whereDoYouWander,"[""core.whereDoYouWander""]",False,True,True,True,single table,True,True,True,False,False,1,oracle:core.whereDoYouWander,1,VERIFIED,,0,[],0,[],0,False,"[""core-wander""]",Entry fragments are readable. Any metadata listed as a candidate is not automatically a missing rule; source completeness remains in the linked book audit.
core.brokenInjury,core,Broken — Injury,29,29,d6,2,oracle:core.brokenInjury,"[""core.brokenInjury""]",False,True,True,True,single table,True,True,True,False,False,1,oracle:core.brokenInjury,1,VERIFIED,,0,[],0,[],0,False,"[""core-broken-results"", ""core-hp-broken""]",Entry fragments are readable. Any metadata listed as a candidate is not automatically a missing rule; source completeness remains in the linked book audit.
core.foulPsychompomp,core,Foul Psychompomp — Summon,35,35,d6,2,oracle:core.foulPsychompomp,"[""core.foulPsychompomp""]",False,True,True,True,single table,True,True,True,False,False,1,oracle:core.foulPsychompomp,1,VERIFIED,,0,[],0,[],0,False,[],Entry fragments are readable. Any metadata listed as a candidate is not automatically a missing rule; source completeness remains in the linked book audit.
core.cubeVioletEscape,core,Cube-Violet — To Leave,45,45,d4,4,oracle:core.cubeVioletEscape,"[""core.cubeVioletEscape""]",False,True,True,True,single table,True,True,True,False,False,1,oracle:core.cubeVioletEscape,1,VERIFIED,,0,[],0,[],0,False,"[""core-arcane-catastrophes""]",Entry fragments are readable. Any metadata listed as a candidate is not automatically a missing rule; source completeness remains in the linked book audit.
core.fangedDeserterMemories,core,Fanged Deserter — Earliest Memories,46,46,d6,6,oracle:core.fangedDeserterMemories,"[""core.fangedDeserterMemories""]",False,True,True,True,single table,True,True,True,False,False,1,oracle:core.fangedDeserterMemories,1,VERIFIED,,0,[],0,[],0,False,"[""core-background-fanged-deserter"", ""core-class-fanged-deserter""]",Entry fragments are readable. Any metadata listed as a candidate is not automatically a missing rule; source completeness remains in the linked book audit.
core.gutterbornScumBirth,core,Gutterborn Scum — Bad Birth,48,48,d6,6,oracle:core.gutterbornScumBirth,"[""core.gutterbornScumBirth""]",False,True,True,True,single table,True,True,True,False,False,1,oracle:core.gutterbornScumBirth,1,VERIFIED,,0,[],0,[],0,False,"[""core-background-gutterborn-scum"", ""core-class-gutterborn-scum""]",Entry fragments are readable. Any metadata listed as a candidate is not automatically a missing rule; source completeness remains in the linked book audit.
core.esotericHermitOrigins,core,Esoteric Hermit — Eldritch Origins,50,50,d6,6,oracle:core.esotericHermitOrigins,"[""core.esotericHermitOrigins""]",False,True,True,True,single table,True,True,True,False,False,1,oracle:core.esotericHermitOrigins,1,VERIFIED,,0,[],0,[],0,False,"[""core-background-esoteric-hermit"", ""core-class-esoteric-hermit""]",Entry fragments are readable. Any metadata listed as a candidate is not automatically a missing rule; source completeness remains in the linked book audit.
core.wretchedRoyaltyDownfall,core,"Wretched Royalty — Things Were Going So Well, Until...",52,52,d6,6,oracle:core.wretchedRoyaltyDownfall,"[""core.wretchedRoyaltyDownfall""]",False,True,True,True,single table,True,True,True,False,False,1,oracle:core.wretchedRoyaltyDownfall,1,VERIFIED,,0,[],0,[],0,False,"[""core-background-wretched-royalty"", ""core-class-wretched-royalty""]",Entry fragments are readable. Any metadata listed as a candidate is not automatically a missing rule; source completeness remains in the linked book audit.
core.hereticalPriestOrigins,core,Heretical Priest — Unholy Origins,54,54,d6,6,oracle:core.hereticalPriestOrigins,"[""core.hereticalPriestOrigins""]",False,True,False,False,single table,True,True,True,False,False,1,oracle:core.hereticalPriestOrigins,1,VERIFIED,Source class table; character-generation sequencing/eligibility must be kept contextual. The source numbers six rows but omits a die label for Unholy Origins; d6 selection is inferred from six numbered rows and must be labeled as inferred.,0,[],0,[],0,False,"[""core-background-heretical-priest"", ""core-class-heretical-priest""]",Entry fragments are readable. Any metadata listed as a candidate is not automatically a missing rule; source completeness remains in the linked book audit. Automatic roll is deliberately blocked; see nonRollableReason. This alone is not a defective table.
core.occultHerbmasterOrigins,core,Occult Herbmaster — Probably Raised In,56,56,d8,6,oracle:core.occultHerbmasterOrigins,"[""core.occultHerbmasterOrigins""]",False,True,True,True,single table,True,True,True,False,False,1,oracle:core.occultHerbmasterOrigins,1,VERIFIED,,0,[],0,[],0,False,"[""core-background-occult-herbmaster"", ""core-class-occult-herbmaster""]",Entry fragments are readable. Any metadata listed as a candidate is not automatically a missing rule; source completeness remains in the linked book audit.
core.occultHerbmasterDecoctions,core,Occult Herbmaster Decoctions,57,57,d8,8,oracle:core.occultHerbmasterDecoctions,"[""core.occultHerbmasterDecoctions""]",False,True,True,True,single table,True,True,True,False,False,1,oracle:core.occultHerbmasterDecoctions,1,VERIFIED,,0,[],0,[],0,False,"[""core-class-effect-occult-herbmaster-1"", ""core-class-effect-occult-herbmaster-2"", ""core-class-effect-occult-herbmaster-3"", ""core-class-effect-occult-herbmaster-4"", ""core-class-effect-occult-herbmaster-5"", ""core-class-effect-occult-herbmaster-6"", ""core-class-effect-occult-herbmaster-7"", ""core-class-effect-occult-herbmaster-8"", ""core-class-occult-herbmaster"", ""core-equipment-poison-black""]",Entry fragments are readable. Any metadata listed as a candidate is not automatically a missing rule; source completeness remains in the linked book audit.
core.fangedDeserterItem,core,Fanged Deserter — You Also Begin With,47,47,d6,6,oracle:core.fangedDeserterItem,"[""core.fangedDeserterItem""]",False,True,True,True,single table,True,True,True,False,False,1,oracle:core.fangedDeserterItem,1,VERIFIED,,0,[],0,[],0,False,"[""core-class-effect-fanged-deserter-1"", ""core-class-effect-fanged-deserter-2"", ""core-class-effect-fanged-deserter-3"", ""core-class-effect-fanged-deserter-4"", ""core-class-effect-fanged-deserter-5"", ""core-class-effect-fanged-deserter-6"", ""core-class-fanged-deserter""]",Entry fragments are readable. Any metadata listed as a candidate is not automatically a missing rule; source completeness remains in the linked book audit.
core.gutterbornScumSpecialty,core,Gutterborn Scum — Specialty,49,49,d6,6,oracle:core.gutterbornScumSpecialty,"[""core.gutterbornScumSpecialty""]",False,True,True,True,single table,True,True,True,False,False,1,oracle:core.gutterbornScumSpecialty,1,VERIFIED,,0,[],0,[],0,False,"[""core-class-effect-gutterborn-scum-1"", ""core-class-effect-gutterborn-scum-2"", ""core-class-effect-gutterborn-scum-3"", ""core-class-effect-gutterborn-scum-4"", ""core-class-effect-gutterborn-scum-5"", ""core-class-effect-gutterborn-scum-6"", ""core-class-gutterborn-scum""]",Entry fragments are readable. Any metadata listed as a candidate is not automatically a missing rule; source completeness remains in the linked book audit.
core.esotericHermitItem,core,Esoteric Hermit — You Also Begin With,51,51,d6,6,oracle:core.esotericHermitItem,"[""core.esotericHermitItem""]",False,True,True,True,single table,True,True,True,False,False,1,oracle:core.esotericHermitItem,1,VERIFIED,,0,[],0,[],0,False,"[""core-class-effect-esoteric-hermit-1"", ""core-class-effect-esoteric-hermit-2"", ""core-class-effect-esoteric-hermit-3"", ""core-class-effect-esoteric-hermit-4"", ""core-class-effect-esoteric-hermit-5"", ""core-class-effect-esoteric-hermit-6"", ""core-class-esoteric-hermit""]",Entry fragments are readable. Any metadata listed as a candidate is not automatically a missing rule; source completeness remains in the linked book audit.
core.wretchedRoyaltyItems,core,Wretched Royalty — You Begin With Two,53,53,d6,6,oracle:core.wretchedRoyaltyItems,"[""core.wretchedRoyaltyItems""]",False,True,True,True,single table,True,True,True,False,False,1,oracle:core.wretchedRoyaltyItems,1,VERIFIED,,0,[],0,[],0,False,"[""core-class-effect-wretched-royalty-1"", ""core-class-effect-wretched-royalty-2"", ""core-class-effect-wretched-royalty-3"", ""core-class-effect-wretched-royalty-4"", ""core-class-effect-wretched-royalty-5"", ""core-class-effect-wretched-royalty-6"", ""core-class-wretched-royalty""]",Entry fragments are readable. Any metadata listed as a candidate is not automatically a missing rule; source completeness remains in the linked book audit.
core.hereticalPriestItem,core,Heretical Priest — You Begin With One,55,55,d6,6,oracle:core.hereticalPriestItem,"[""core.hereticalPriestItem""]",False,True,True,True,single table,True,True,True,False,False,1,oracle:core.hereticalPriestItem,1,VERIFIED,,0,[],0,[],0,False,"[""core-class-effect-heretical-priest-1"", ""core-class-effect-heretical-priest-2"", ""core-class-effect-heretical-priest-3"", ""core-class-effect-heretical-priest-4"", ""core-class-effect-heretical-priest-5"", ""core-class-effect-heretical-priest-6"", ""core-class-heretical-priest""]",Entry fragments are readable. Any metadata listed as a candidate is not automatically a missing rule; source completeness remains in the linked book audit.
feretory.huntingMishaps,feretory,Hunting Mishaps,12,10,d10,10,oracle:feretory.huntingMishaps,"[""feretory.huntingMishaps""]",False,True,True,True,single table,True,True,True,False,False,1,oracle:feretory.huntingMishaps,1,VERIFIED,,0,[],0,[],0,False,"[""feretory:epk-hunting-rules"", ""feretory:table-huntingMishaps""]",Entry fragments are readable. Any metadata listed as a candidate is not automatically a missing rule; source completeness remains in the linked book audit.
feretory.bellyOfBeast,feretory,"In the Belly of the Beast, You Find...",12,10,d10,10,oracle:feretory.bellyOfBeast,"[""feretory.bellyOfBeast""]",False,True,True,True,single table,True,True,True,False,False,1,oracle:feretory.bellyOfBeast,1,VERIFIED,,0,[],0,[],0,False,"[""feretory:epk-hunting-rules"", ""feretory:table-bellyOfBeast""]",Entry fragments are readable. Any metadata listed as a candidate is not automatically a missing rule; source completeness remains in the linked book audit.
feretory.flowerEffects,feretory,The Flowers’ Effects,28,26,d6,6,oracle:feretory.flowerEffects,"[""feretory.flowerEffects""]",False,True,True,True,single table,True,True,True,False,False,1,oracle:feretory.flowerEffects,1,VERIFIED,,0,[],0,[],0,False,"[""feretory:table-flowerEffects""]",Entry fragments are readable. Any metadata listed as a candidate is not automatically a missing rule; source completeness remains in the linked book audit.
feretory.ruinTypes,feretory,Ruin Types,29,27,d10,10,oracle:feretory.ruinTypes,"[""feretory.ruinTypes""]",False,True,True,True,single table,True,True,True,False,False,1,oracle:feretory.ruinTypes,1,VERIFIED,,0,[],0,[],0,False,"[""feretory:table-ruinTypes""]",Entry fragments are readable. Any metadata listed as a candidate is not automatically a missing rule; source completeness remains in the linked book audit.
feretory.minorTreasures,feretory,Minor Treasures,29,27,d8,8,oracle:feretory.minorTreasures,"[""feretory.minorTreasures""]",False,True,True,True,single table,True,True,True,False,False,1,oracle:feretory.minorTreasures,1,VERIFIED,,0,[],0,[],0,False,"[""feretory:table-minorTreasures"", ""feretory:ziggurat-procedure""]",Entry fragments are readable. Any metadata listed as a candidate is not automatically a missing rule; source completeness remains in the linked book audit.
feretory.majorTreasures,feretory,Major Treasures,29,27,d6,6,oracle:feretory.majorTreasures,"[""feretory.majorTreasures""]",False,True,True,True,single table,True,True,True,False,False,1,oracle:feretory.majorTreasures,1,VERIFIED,,0,[],0,[],0,False,"[""feretory:table-majorTreasures"", ""feretory:ziggurat-procedure""]",Entry fragments are readable. Any metadata listed as a candidate is not automatically a missing rule; source completeness remains in the linked book audit.
feretory.searchingRuins,feretory,Searching the Ruins (15 Minutes),29,27,d10,10,oracle:feretory.searchingRuins,"[""feretory.searchingRuins""]",False,True,True,True,single table,True,True,True,False,False,1,oracle:feretory.searchingRuins,1,VERIFIED,,0,[],0,[],0,False,"[""feretory:table-searchingRuins"", ""feretory:ziggurat-procedure""]",Entry fragments are readable. Any metadata listed as a candidate is not automatically a missing rule; source completeness remains in the linked book audit.
feretory.ruinsRandomEvents,feretory,Random Events — Roll Once per Hex,29,27,d12,11,oracle:feretory.ruinsRandomEvents,"[""feretory.ruinsRandomEvents""]",False,True,True,True,single table,True,True,True,False,False,1,oracle:feretory.ruinsRandomEvents,1,VERIFIED,,0,[],0,[],0,False,"[""feretory:table-ruinsRandomEvents"", ""feretory:ziggurat-procedure""]",Entry fragments are readable. Any metadata listed as a candidate is not automatically a missing rule; source completeness remains in the linked book audit.
feretory.itemsTrinkets,feretory,Items and Trinkets,34,32,d100,100,oracle:feretory.itemsTrinkets,"[""feretory.itemsTrinkets""]",False,True,True,True,single table,True,True,True,False,False,1,oracle:feretory.itemsTrinkets,1,VERIFIED,,0,[],0,[],0,False,"[""feretory:table-itemsTrinkets""]",Entry fragments are readable. Any metadata listed as a candidate is not automatically a missing rule; source completeness remains in the linked book audit.
feretory.goblinGrinderHooks,feretory,Why Do the PCs Care About Any of This?,38,36,d4,4,oracle:feretory.goblinGrinderHooks,"[""feretory.goblinGrinderHooks""]",False,True,True,True,single table,True,True,True,False,False,1,oracle:feretory.goblinGrinderHooks,1,VERIFIED,,0,[],0,[],0,False,"[""feretory:calumny-pearl"", ""feretory:table-goblinGrinderHooks""]",Entry fragments are readable. Any metadata listed as a candidate is not automatically a missing rule; source completeness remains in the linked book audit.
feretory.lickLiquid,feretory,Lick the Liquid,44,42,d4,4,oracle:feretory.lickLiquid,"[""feretory.lickLiquid""]",False,True,True,True,single table,True,True,True,False,False,1,oracle:feretory.lickLiquid,1,VERIFIED,,0,[],0,[],0,False,"[""feretory:table-lickLiquid""]",Entry fragments are readable. Any metadata listed as a candidate is not automatically a missing rule; source completeness remains in the linked book audit.
feretory.alchemyTables,feretory,Alchemy Tables,47,45,d4,4,oracle:feretory.alchemyTables,"[""feretory.alchemyTables""]",False,True,True,True,single table,True,True,True,False,False,1,oracle:feretory.alchemyTables,1,VERIFIED,,0,[],0,[],0,False,"[""feretory:alchemy-trigger"", ""feretory:table-alchemyTables""]",Entry fragments are readable. Any metadata listed as a candidate is not automatically a missing rule; source completeness remains in the linked book audit.
feretory.tenebrousReliquary,feretory,The Tenebrous Reliquary — Items of Doom,"[50, 51, 52, 53, 54, 55]",48,d66,36,oracle:feretory.tenebrousReliquary,"[""feretory.tenebrousReliquary""]",False,True,True,True,single table,True,True,True,False,False,1,oracle:feretory.tenebrousReliquary,1,VERIFIED,,0,[],0,[],0,False,"[""feretory:relic-11"", ""feretory:relic-12"", ""feretory:relic-13"", ""feretory:relic-14"", ""feretory:relic-15"", ""feretory:relic-16"", ""feretory:relic-21"", ""feretory:relic-22"", ""feretory:relic-23"", ""feretory:relic-24"", ""feretory:relic-25"", ""feretory:relic-26"", ""feretory:relic-31"", ""feretory:relic-32"", ""feretory:relic-33"", ""feretory:relic-34"", ""feretory:relic-35"", ""feretory:relic-36"", ""feretory:relic-41"", ""feretory:relic-42"", ""feretory:relic-43"", ""feretory:relic-44"", ""feretory:relic-45"", ""feretory:relic-46"", ""feretory:relic-51"", ""feretory:relic-52"", ""feretory:relic-53"", ""feretory:relic-54"", ""feretory:relic-55"", ""feretory:relic-56"", ""feretory:relic-61"", ""feretory:relic-62"", ""feretory:relic-63"", ""feretory:relic-64"", ""feretory:relic-65"", ""feretory:relic-66""]",Entry fragments are readable. Any metadata listed as a candidate is not automatically a missing rule; source completeness remains in the linked book audit.
feretory.selectMenu,feretory,Would You Prefer the Select Menu? (4s),56,54,d6,6,oracle:feretory.selectMenu,"[""feretory.selectMenu""]",False,True,True,True,single table,True,True,True,False,False,1,oracle:feretory.selectMenu,1,VERIFIED,,0,[],0,[],0,False,"[""feretory:table-selectMenu""]",Entry fragments are readable. Any metadata listed as a candidate is not automatically a missing rule; source completeness remains in the linked book audit.
feretory.cheapMenu,feretory,"Ah, I See, You Lack Funds. (2s)",56,54,d6,6,oracle:feretory.cheapMenu,"[""feretory.cheapMenu""]",False,True,True,True,single table,True,True,True,False,False,1,oracle:feretory.cheapMenu,1,VERIFIED,,0,[],0,[],0,False,"[""feretory:table-cheapMenu""]",Entry fragments are readable. Any metadata listed as a candidate is not automatically a missing rule; source completeness remains in the linked book audit.
feretory.innkeeperTwitch,feretory,Why Is the Innkeeper Twitching?,56,54,d10,10,oracle:feretory.innkeeperTwitch,"[""feretory.innkeeperTwitch""]",False,True,True,True,single table,True,True,True,False,False,1,oracle:feretory.innkeeperTwitch,1,VERIFIED,,0,[],0,[],0,False,"[""feretory:table-innkeeperTwitch""]",Entry fragments are readable. Any metadata listed as a candidate is not automatically a missing rule; source completeness remains in the linked book audit.
feretory.patronTraits,feretory,Patron Traits,56,54,d20,20,oracle:feretory.patronTraits,"[""feretory.patronTraits""]",False,True,True,True,single table,True,True,True,False,False,1,oracle:feretory.patronTraits,1,VERIFIED,,0,[],0,[],0,False,"[""feretory:table-patronTraits""]",Entry fragments are readable. Any metadata listed as a candidate is not automatically a missing rule; source completeness remains in the linked book audit.
feretory.moreLostSouls,feretory,Even More Lost Souls,57,55,d4 × d8,32,oracle:feretory.moreLostSouls,"[""feretory.moreLostSouls""]",False,True,True,True,single table,True,True,True,False,False,1,oracle:feretory.moreLostSouls,1,VERIFIED,,0,[],0,[],0,False,"[""feretory:table-moreLostSouls""]",Entry fragments are readable. Any metadata listed as a candidate is not automatically a missing rule; source completeness remains in the linked book audit.
feretory.blackSaltWindIntensity,feretory,The Black Salt Wind — Wind Strength,68,,d4,4,oracle:feretory.blackSaltWindIntensity,"[""feretory.blackSaltWindIntensity""]",False,True,True,True,single table,True,True,True,False,False,1,oracle:feretory.blackSaltWindIntensity,1,VERIFIED,,0,[],0,[],0,False,"[""feretory:black-salt-chain"", ""feretory:table-blackSaltWindIntensity""]",Entry fragments are readable. Any metadata listed as a candidate is not automatically a missing rule; source completeness remains in the linked book audit.
feretory.saltSuffering,feretory,The Salt-Suffering — Consequences of a Failed Test,68,,d12,12,oracle:feretory.saltSuffering,"[""feretory.saltSuffering""]",False,True,True,True,single table,True,True,True,False,False,1,oracle:feretory.saltSuffering,1,VERIFIED,,0,[],0,[],0,False,"[""feretory:black-salt-chain"", ""feretory:table-saltSuffering""]",Entry fragments are readable. Any metadata listed as a candidate is not automatically a missing rule; source completeness remains in the linked book audit.
feretory.skinwalkerFirstDied,feretory,Cursed Skinwalker — First Died,58,56,d6,6,oracle:feretory.skinwalkerFirstDied,"[""feretory.skinwalkerFirstDied""]",False,True,True,True,single table,True,True,True,False,False,1,oracle:feretory.skinwalkerFirstDied,1,VERIFIED,,0,[],0,[],0,False,"[""feretory:table-skinwalkerFirstDied""]",Entry fragments are readable. Any metadata listed as a candidate is not automatically a missing rule; source completeness remains in the linked book audit.
feretory.skinwalkerShapes,feretory,Cursed Skinwalker — Creature Shapes,58,56,d6,6,oracle:feretory.skinwalkerShapes,"[""feretory.skinwalkerShapes""]",False,True,True,True,single table,True,True,True,False,False,1,oracle:feretory.skinwalkerShapes,1,VERIFIED,,0,[],0,[],0,False,"[""feretory:class-cursed-skinwalker"", ""feretory:table-skinwalkerShapes""]",Entry fragments are readable. Any metadata listed as a candidate is not automatically a missing rule; source completeness remains in the linked book audit.
feretory.paleOneOrigins,feretory,Pale One — Unspoken Origins,60,58,d6,6,oracle:feretory.paleOneOrigins,"[""feretory.paleOneOrigins""]",False,True,True,True,single table,True,True,True,False,False,1,oracle:feretory.paleOneOrigins,1,VERIFIED,,0,[],0,[],0,False,"[""feretory:table-paleOneOrigins""]",Entry fragments are readable. Any metadata listed as a candidate is not automatically a missing rule; source completeness remains in the linked book audit.
feretory.paleOneBlessings,feretory,Pale One Blessings,60,58,d6,6,oracle:feretory.paleOneBlessings,"[""feretory.paleOneBlessings""]",False,True,True,True,single table,True,True,True,False,False,1,oracle:feretory.paleOneBlessings,1,VERIFIED,,0,[],0,[],0,False,"[""feretory:class-pale-one"", ""feretory:table-paleOneBlessings""]",Entry fragments are readable. Any metadata listed as a candidate is not automatically a missing rule; source completeness remains in the linked book audit.
feretory.deadGodGifts,feretory,Dead God’s Prophet — Two Gifts,62,60,d8,8,oracle:feretory.deadGodGifts,"[""feretory.deadGodGifts""]",False,True,True,True,single table,True,True,True,False,False,1,oracle:feretory.deadGodGifts,1,VERIFIED,,0,[],0,[],0,False,"[""feretory:class-dead-gods-prophet"", ""feretory:table-deadGodGifts""]",Entry fragments are readable. Any metadata listed as a candidate is not automatically a missing rule; source completeness remains in the linked book audit.
feretory.philosopherDejection,feretory,Forlorn Philosopher — The Roots of Your Dejection?,64,62,d8,8,oracle:feretory.philosopherDejection,"[""feretory.philosopherDejection""]",False,True,True,True,single table,True,True,True,False,False,1,oracle:feretory.philosopherDejection,1,VERIFIED,,0,[],0,[],0,False,"[""feretory:table-philosopherDejection""]",Entry fragments are readable. Any metadata listed as a candidate is not automatically a missing rule; source completeness remains in the linked book audit.
feretory.paleNameA,feretory,Pale One — You Call Yourself — First Column,60,58,d20,20,oracle:feretory.paleNameA,"[""feretory.paleNameA""]",False,True,True,True,single table,True,True,True,False,False,1,oracle:feretory.paleNameA,1,VERIFIED,,0,[],0,[],0,False,"[""feretory:pale-one-name-three-independent-d20-columns""]",Entry fragments are readable. Any metadata listed as a candidate is not automatically a missing rule; source completeness remains in the linked book audit.
feretory.paleNameB,feretory,Pale One — You Call Yourself — Second Column,60,58,d20,20,oracle:feretory.paleNameB,"[""feretory.paleNameB""]",False,True,True,True,single table,True,True,True,False,False,1,oracle:feretory.paleNameB,1,VERIFIED,,0,[],0,[],0,False,"[""feretory:pale-one-name-three-independent-d20-columns""]",Entry fragments are readable. Any metadata listed as a candidate is not automatically a missing rule; source completeness remains in the linked book audit.
feretory.paleNameC,feretory,Pale One — You Call Yourself — Third Column,60,58,d20,20,oracle:feretory.paleNameC,"[""feretory.paleNameC""]",False,True,True,True,single table,True,True,True,False,False,1,oracle:feretory.paleNameC,1,VERIFIED,,0,[],0,[],0,False,"[""feretory:pale-one-name-three-independent-d20-columns""]",Entry fragments are readable. Any metadata listed as a candidate is not automatically a missing rule; source completeness remains in the linked book audit.
feretory.deadGodNameA,feretory,Name Your God — First Column,62,60,d10,10,oracle:feretory.deadGodNameA,"[""feretory.deadGodNameA""]",False,True,True,True,single table,True,True,True,False,False,1,oracle:feretory.deadGodNameA,1,VERIFIED,,0,[],0,[],0,False,"[""feretory:dead-god-name-three-independent-d10-columns""]",Entry fragments are readable. Any metadata listed as a candidate is not automatically a missing rule; source completeness remains in the linked book audit.
feretory.deadGodNameB,feretory,Name Your God — Second Column,62,60,d10,10,oracle:feretory.deadGodNameB,"[""feretory.deadGodNameB""]",False,True,True,True,single table,True,True,True,False,False,1,oracle:feretory.deadGodNameB,1,VERIFIED,,0,[],0,[],0,False,"[""feretory:dead-god-name-three-independent-d10-columns""]",Entry fragments are readable. Any metadata listed as a candidate is not automatically a missing rule; source completeness remains in the linked book audit.
feretory.deadGodNameC,feretory,Name Your God — Third Column,62,60,d10,10,oracle:feretory.deadGodNameC,"[""feretory.deadGodNameC""]",False,True,True,True,single table,True,True,True,False,False,1,oracle:feretory.deadGodNameC,1,VERIFIED,,0,[],0,[],0,False,"[""feretory:dead-god-name-three-independent-d10-columns""]",Entry fragments are readable. Any metadata listed as a candidate is not automatically a missing rule; source completeness remains in the linked book audit.
feretory.philosopherRoots,feretory,The Dejection of Your Roots,65,,d6,6,oracle:feretory.philosopherRoots,"[""feretory.philosopherRoots""]",False,True,True,True,single table,True,True,True,False,False,1,oracle:feretory.philosopherRoots,1,VERIFIED,,0,[],0,[],0,False,"[""feretory:table-philosopherRoots""]",Entry fragments are readable. Any metadata listed as a candidate is not automatically a missing rule; source completeness remains in the linked book audit.
feretory.philosopherItem,feretory,Forlorn Philosopher — You Begin With One,64,62,6 indexed entries; die not stated,6,oracle:feretory.philosopherItem,"[""feretory.philosopherItem""]",False,True,False,False,single table,True,True,True,False,False,1,oracle:feretory.philosopherItem,1,VERIFIED,Source shows six items but no die beside this item list. Reference-only until a permitted explicit app selection convention is chosen; do not claim source d6.,0,[],0,[],0,False,"[""feretory:class-forlorn-philosopher"", ""feretory:table-philosopherItem""]",Entry fragments are readable. Any metadata listed as a candidate is not automatically a missing rule; source completeness remains in the linked book audit. Automatic roll is deliberately blocked; see nonRollableReason. This alone is not a defective table.
feretory.ochreTablets,feretory,The Tablets of Ochre Obscurity,66,,10 indexed entries; die not stated,10,oracle:feretory.ochreTablets,"[""feretory.ochreTablets""]",False,True,False,False,single table,True,True,True,False,False,1,oracle:feretory.ochreTablets,1,VERIFIED,"Inside back cover shows ten indexed tablets without a printed die. Forlorn Philosopher references rolling a tablet, but d10 here is inferred. Preserve as reference until selection convention is explicit.",0,[],0,[],0,False,"[""feretory:ochre-1"", ""feretory:ochre-10"", ""feretory:ochre-2"", ""feretory:ochre-3"", ""feretory:ochre-4"", ""feretory:ochre-5"", ""feretory:ochre-6"", ""feretory:ochre-7"", ""feretory:ochre-8"", ""feretory:ochre-9"", ""feretory:ochre-usage""]",Entry fragments are readable. Any metadata listed as a candidate is not automatically a missing rule; source completeness remains in the linked book audit. Automatic roll is deliberately blocked; see nonRollableReason. This alone is not a defective table.
core-full.rotblack.encountersA,core-full,Rotblack Sludge — Random Encounters — Table A,79,III,d4,4,oracle:core-full.rotblack.encountersA,"[""core-full.rotblack.encountersA""]",False,True,True,True,single table,True,True,True,False,False,1,oracle:core-full.rotblack.encountersA,1,VERIFIED,,0,[],0,[],0,False,"[""core-core-full-rotblack-encountersa"", ""core-rotblack-creature-nesting-death""]",Entry fragments are readable. Any metadata listed as a candidate is not automatically a missing rule; source completeness remains in the linked book audit.
core-full.rotblack.encountersB,core-full,Rotblack Sludge — Random Encounters — Table B,79,III,d4,4,oracle:core-full.rotblack.encountersB,"[""core-full.rotblack.encountersB""]",False,True,True,True,single table,True,True,True,False,False,1,oracle:core-full.rotblack.encountersB,1,VERIFIED,,0,[],0,[],0,False,"[""core-core-full-rotblack-encountersb"", ""core-rotblack-creature-sagsobuth"", ""core-rotblack-item-beechwood-tube-foul-protean-scroll"", ""core-rotblack-item-violet-poison""]",Entry fragments are readable. Any metadata listed as a candidate is not automatically a missing rule; source completeness remains in the linked book audit.
core-full.rotblack.books,core-full,Rotblack Sludge — Study the Books More Closely,82,,d4,4,oracle:core-full.rotblack.books,"[""core-full.rotblack.books""]",False,True,True,True,single table,True,True,True,False,False,1,oracle:core-full.rotblack.books,1,VERIFIED,,0,[],0,[],0,False,"[""core-core-full-rotblack-books"", ""core-rotblack-creature-tired-crystal-demon""]",Entry fragments are readable. Any metadata listed as a candidate is not automatically a missing rule; source completeness remains in the linked book audit.
core-full.rotblack.ransack,core-full,Rotblack Sludge — Ransack the Room,83,,d6,6,oracle:core-full.rotblack.ransack,"[""core-full.rotblack.ransack""]",False,True,True,True,single table,True,True,True,False,False,1,oracle:core-full.rotblack.ransack,1,VERIFIED,,0,[],0,[],0,False,"[""core-core-full-rotblack-ransack"", ""core-rotblack-item-small-crossbow-and-bolts""]",Entry fragments are readable. Any metadata listed as a candidate is not automatically a missing rule; source completeness remains in the linked book audit.
core-full.rotblack.fletcherPowers,core-full,Fletcher — Powers,91,,d4,3,oracle:core-full.rotblack.fletcherPowers,"[""core-full.rotblack.fletcherPowers""]",False,True,True,True,single table,True,True,True,False,False,1,oracle:core-full.rotblack.fletcherPowers,1,VERIFIED,,0,[],0,[],0,False,"[""core-core-full-rotblack-fletcherpowers"", ""core-rotblack-creature-fletcher"", ""core-rotblack-power-ich-bin-luft""]",Entry fragments are readable. Any metadata listed as a candidate is not automatically a missing rule; source completeness remains in the linked book audit.
reclvse.class.defiler.specialty,reclvse,Defiler — School of Defilement,20,20,d6,6,oracle:reclvse.class.defiler.specialty,"[""reclvse.class.defiler.specialty""]",False,True,True,True,single table,True,True,True,False,False,1,oracle:reclvse.class.defiler.specialty,1,VERIFIED,,0,[],0,[],0,False,"[""reclvse-class-defiler"", ""reclvse-reclvse-class-defiler-specialty""]",Entry fragments are readable. Any metadata listed as a candidate is not automatically a missing rule; source completeness remains in the linked book audit.
reclvse.class.defiler.starting,reclvse,Defiler — Starting Ritual,20,20,d6,6,oracle:reclvse.class.defiler.starting,"[""reclvse.class.defiler.starting""]",False,True,True,True,single table,True,True,True,False,False,1,oracle:reclvse.class.defiler.starting,1,VERIFIED,,0,[],0,[],0,False,"[""reclvse-class-defiler"", ""reclvse-reclvse-class-defiler-starting""]",Entry fragments are readable. Any metadata listed as a candidate is not automatically a missing rule; source completeness remains in the linked book audit.
reclvse.class.defiler.powers,reclvse,Defiler — Archetype Skills,20,20,d6,6,oracle:reclvse.class.defiler.powers,"[""reclvse.class.defiler.powers""]",False,True,True,True,single table,True,True,True,False,False,1,oracle:reclvse.class.defiler.powers,1,VERIFIED,,0,[],0,[],0,False,"[""reclvse-class-defiler"", ""reclvse-reclvse-class-defiler-powers""]",Entry fragments are readable. Any metadata listed as a candidate is not automatically a missing rule; source completeness remains in the linked book audit.
reclvse.class.venom.specialty,reclvse,Venom — Method of Murder,22,22,d6,6,oracle:reclvse.class.venom.specialty,"[""reclvse.class.venom.specialty""]",False,True,True,True,single table,True,True,True,False,False,1,oracle:reclvse.class.venom.specialty,1,VERIFIED,,0,[],0,[],0,False,"[""reclvse-class-venom"", ""reclvse-reclvse-class-venom-specialty""]",Entry fragments are readable. Any metadata listed as a candidate is not automatically a missing rule; source completeness remains in the linked book audit.
reclvse.class.venom.starting,reclvse,Venom — Starting Kill,22,22,d6,6,oracle:reclvse.class.venom.starting,"[""reclvse.class.venom.starting""]",False,True,True,True,single table,True,True,True,False,False,1,oracle:reclvse.class.venom.starting,1,VERIFIED,,0,[],0,[],0,False,"[""reclvse-class-venom"", ""reclvse-reclvse-class-venom-starting""]",Entry fragments are readable. Any metadata listed as a candidate is not automatically a missing rule; source completeness remains in the linked book audit.
reclvse.class.venom.powers,reclvse,Venom — Archetype Skills,22,22,d6,6,oracle:reclvse.class.venom.powers,"[""reclvse.class.venom.powers""]",False,True,True,True,single table,True,True,True,False,False,1,oracle:reclvse.class.venom.powers,1,VERIFIED,,0,[],0,[],0,False,"[""reclvse-class-venom"", ""reclvse-reclvse-class-venom-powers""]",Entry fragments are readable. Any metadata listed as a candidate is not automatically a missing rule; source completeness remains in the linked book audit.
reclvse.class.brute.specialty,reclvse,Brute — Path of Pain,24,24,d6,6,oracle:reclvse.class.brute.specialty,"[""reclvse.class.brute.specialty""]",False,True,True,True,single table,True,True,True,False,False,1,oracle:reclvse.class.brute.specialty,1,VERIFIED,,0,[],0,[],0,False,"[""reclvse-class-brute"", ""reclvse-reclvse-class-brute-specialty""]",Entry fragments are readable. Any metadata listed as a candidate is not automatically a missing rule; source completeness remains in the linked book audit.
reclvse.class.brute.starting,reclvse,Brute — Starting Rite,24,24,d6,6,oracle:reclvse.class.brute.starting,"[""reclvse.class.brute.starting""]",False,True,True,True,single table,True,True,True,False,False,1,oracle:reclvse.class.brute.starting,1,VERIFIED,,0,[],0,[],0,False,"[""reclvse-class-brute"", ""reclvse-reclvse-class-brute-starting""]",Entry fragments are readable. Any metadata listed as a candidate is not automatically a missing rule; source completeness remains in the linked book audit.
reclvse.class.brute.powers,reclvse,Brute — Archetype Skills,24,24,d6,6,oracle:reclvse.class.brute.powers,"[""reclvse.class.brute.powers""]",False,True,False,False,single table,True,True,True,False,False,1,oracle:reclvse.class.brute.powers,1,VERIFIED,One of three separate printed class charts. Selects this class option only; character creation statistics and other chart rolls are separate. The printed chart title is Archetype Skills; the retained inventory ID suffix powers is only a stable identifier. The source says “Choose one or roll” and gives six entries; d6 follows the 1–6 index. No explicit D6 token is printed on this particular chart. 자동 굴림은 제공하지 않고 원문 선택지로 보존합니다.,0,[],0,[],0,False,"[""reclvse-class-brute"", ""reclvse-reclvse-class-brute-powers""]",Entry fragments are readable. Any metadata listed as a candidate is not automatically a missing rule; source completeness remains in the linked book audit. Automatic roll is deliberately blocked; see nonRollableReason. This alone is not a defective table.
reclvse.class.vessel.specialty,reclvse,Vessel — Source of Leakage,26,26,d6,6,oracle:reclvse.class.vessel.specialty,"[""reclvse.class.vessel.specialty""]",False,True,True,True,single table,True,True,True,False,False,1,oracle:reclvse.class.vessel.specialty,1,VERIFIED,,0,[],0,[],0,False,"[""reclvse-class-vessel"", ""reclvse-reclvse-class-vessel-specialty""]",Entry fragments are readable. Any metadata listed as a candidate is not automatically a missing rule; source completeness remains in the linked book audit.
reclvse.class.vessel.starting,reclvse,Vessel — Starting Ritual,26,26,d6,6,oracle:reclvse.class.vessel.starting,"[""reclvse.class.vessel.starting""]",False,True,True,True,single table,True,True,True,False,False,1,oracle:reclvse.class.vessel.starting,1,VERIFIED,,0,[],0,[],0,False,"[""reclvse-class-vessel"", ""reclvse-reclvse-class-vessel-starting""]",Entry fragments are readable. Any metadata listed as a candidate is not automatically a missing rule; source completeness remains in the linked book audit.
reclvse.class.vessel.powers,reclvse,Vessel — Archetype Skills,26,26,d6,6,oracle:reclvse.class.vessel.powers,"[""reclvse.class.vessel.powers""]",False,True,True,True,single table,True,True,True,False,False,1,oracle:reclvse.class.vessel.powers,1,VERIFIED,,0,[],0,[],0,False,"[""reclvse-class-vessel"", ""reclvse-reclvse-class-vessel-powers""]",Entry fragments are readable. Any metadata listed as a candidate is not automatically a missing rule; source completeness remains in the linked book audit.
reclvse.class.beast.specialty,reclvse,Beast — Aspect of the Land,28,28,d6,6,oracle:reclvse.class.beast.specialty,"[""reclvse.class.beast.specialty""]",False,True,True,True,single table,True,True,True,False,False,1,oracle:reclvse.class.beast.specialty,1,VERIFIED,,0,[],0,[],0,False,"[""reclvse-class-beast"", ""reclvse-reclvse-class-beast-specialty""]",Entry fragments are readable. Any metadata listed as a candidate is not automatically a missing rule; source completeness remains in the linked book audit.
reclvse.class.beast.starting,reclvse,Beast — Starting Lore,28,28,d6,6,oracle:reclvse.class.beast.starting,"[""reclvse.class.beast.starting""]",False,True,True,True,single table,True,True,True,False,False,1,oracle:reclvse.class.beast.starting,1,VERIFIED,,0,[],0,[],0,False,"[""reclvse-class-beast"", ""reclvse-reclvse-class-beast-starting""]",Entry fragments are readable. Any metadata listed as a candidate is not automatically a missing rule; source completeness remains in the linked book audit.
reclvse.class.beast.powers,reclvse,Beast — Archetype Skills,28,28,d6,6,oracle:reclvse.class.beast.powers,"[""reclvse.class.beast.powers""]",False,True,False,False,single table,True,True,True,False,False,1,oracle:reclvse.class.beast.powers,1,VERIFIED,One of three separate printed class charts. Selects this class option only; character creation statistics and other chart rolls are separate. The printed chart title is Archetype Skills; the retained inventory ID suffix powers is only a stable identifier. The source says “Choose one or roll” and gives six entries; d6 follows the 1–6 index. No explicit D6 token is printed on this particular chart. 자동 굴림은 제공하지 않고 원문 선택지로 보존합니다.,0,[],0,[],0,False,"[""reclvse-class-beast"", ""reclvse-reclvse-class-beast-powers""]",Entry fragments are readable. Any metadata listed as a candidate is not automatically a missing rule; source completeness remains in the linked book audit. Automatic roll is deliberately blocked; see nonRollableReason. This alone is not a defective table.
reclvse.class.fanatic.specialty,reclvse,Fanatic — Prayer of the Day,30,30,d6,6,oracle:reclvse.class.fanatic.specialty,"[""reclvse.class.fanatic.specialty""]",False,True,True,True,single table,True,True,True,False,False,1,oracle:reclvse.class.fanatic.specialty,1,VERIFIED,,0,[],0,[],0,False,"[""reclvse-class-fanatic"", ""reclvse-reclvse-class-fanatic-specialty""]",Entry fragments are readable. Any metadata listed as a candidate is not automatically a missing rule; source completeness remains in the linked book audit.
reclvse.class.fanatic.starting,reclvse,Fanatic — Starting Doctrine,30,30,d6,6,oracle:reclvse.class.fanatic.starting,"[""reclvse.class.fanatic.starting""]",False,True,True,True,single table,True,True,True,False,False,1,oracle:reclvse.class.fanatic.starting,1,VERIFIED,,0,[],0,[],0,False,"[""reclvse-class-fanatic"", ""reclvse-reclvse-class-fanatic-starting""]",Entry fragments are readable. Any metadata listed as a candidate is not automatically a missing rule; source completeness remains in the linked book audit.
reclvse.class.fanatic.powers,reclvse,Fanatic — Archetype Skills,30,30,d6,6,oracle:reclvse.class.fanatic.powers,"[""reclvse.class.fanatic.powers""]",False,True,True,True,single table,True,True,True,False,False,1,oracle:reclvse.class.fanatic.powers,1,VERIFIED,,0,[],0,[],0,False,"[""reclvse-class-fanatic"", ""reclvse-reclvse-class-fanatic-powers""]",Entry fragments are readable. Any metadata listed as a candidate is not automatically a missing rule; source completeness remains in the linked book audit.
heretic.vicar.bloodEagle,heretic,Blood Eagle — Attack / Capture,14,12,d6,2,oracle:heretic.vicar.bloodEagle,"[""heretic.vicar.bloodEagle""]",False,True,True,True,single table,True,True,True,False,False,1,oracle:heretic.vicar.bloodEagle,1,VERIFIED,,0,[],0,[],0,False,"[""heretic:table-vicar-bloodEagle""]",Entry fragments are readable. Any metadata listed as a candidate is not automatically a missing rule; source completeness remains in the linked book audit.
heretic.songbird.instruments,heretic,Sacrilegious Songbird — Accursed Instruments,12,10,선택 주사위 미기재,6,oracle:heretic.songbird.instruments,"[""heretic.songbird.instruments""]",False,True,False,False,single table,True,True,True,False,False,1,oracle:heretic.songbird.instruments,1,VERIFIED,Source says you were gifted one (1) of the following; no selection die is stated. Six numbered choices are not enough to claim a printed d6 rule.,0,[],0,[],0,False,"[""heretic:class-sacrilegious-songbird"", ""heretic:table-songbird-instruments""]",Entry fragments are readable. Any metadata listed as a candidate is not automatically a missing rule; source completeness remains in the linked book audit. Automatic roll is deliberately blocked; see nonRollableReason. This alone is not a defective table.
heretic.vicar.blessings,heretic,Shedding Vicar — Blessings,14,12,선택 주사위 미기재,6,oracle:heretic.vicar.blessings,"[""heretic.vicar.blessings""]",False,True,False,False,single table,True,True,True,False,False,1,oracle:heretic.vicar.blessings,1,VERIFIED,"Source says begin with one of the following blessings, without a selection die. Six numbered choices are legible but not an explicitly random table.",0,[],0,[],0,False,"[""heretic:class-shedding-vicar"", ""heretic:table-vicar-blessings""]",Entry fragments are readable. Any metadata listed as a candidate is not automatically a missing rule; source completeness remains in the linked book audit. Automatic roll is deliberately blocked; see nonRollableReason. This alone is not a defective table.
heretic.songbird.spinalHusk,heretic,Spinal Husk — Drum Effect,12,10,2d6,3,oracle:heretic.songbird.spinalHusk,"[""heretic.songbird.spinalHusk""]",False,True,False,False,single table,True,True,True,False,False,1,oracle:heretic.songbird.spinalHusk,1,VERIFIED,"The original has overlapping thresholds 6+,11,12 and no printed outcome for2–5. It does not say whether11/12 replace or add to6+. Cannot convert to mutually exclusive full dice coverage without making a rules interpretation.",0,[],1,"[""printedRange""]",0,False,"[""heretic:table-songbird-spinalHusk""]",Entry fragments are readable. Any metadata listed as a candidate is not automatically a missing rule; source completeness remains in the linked book audit. Automatic roll is deliberately blocked; see nonRollableReason. This alone is not a defective table.
aitc.city-crawl-failure,aitc,City Crawl — Failure,7,5,d4,3,oracle:aitc.city-crawl-failure,"[""aitc.city-crawl-failure""]",False,True,True,True,single table,True,True,True,False,False,1,oracle:aitc.city-crawl-failure,1,VERIFIED,,0,[],0,[],0,True,"[""aitc-aitc-city-crawl-failure""]",Entry fragments are readable. Any metadata listed as a candidate is not automatically a missing rule; source completeness remains in the linked book audit.
aitc.directions-reaction,aitc,Get Directions — Weak Hit Reaction,7,5,2d6,4,oracle:aitc.directions-reaction,"[""aitc.directions-reaction""]",False,True,True,True,single table,True,True,True,False,False,1,oracle:aitc.directions-reaction,1,VERIFIED,,0,[],0,[],0,True,"[""aitc-aitc-directions-reaction""]",Bonus and destination dice are in entry.text; no missing effect merely because metadata keys do not render.
aitc.pray-strong,aitc,Pray — Strong Hit,7,5,d4,4,oracle:aitc.pray-strong,"[""aitc.pray-strong""]",False,True,True,True,single table,True,True,True,False,False,1,oracle:aitc.pray-strong,1,VERIFIED,,0,[],0,[],0,True,"[""aitc-aitc-pray-strong""]",Entry fragments are readable. Any metadata listed as a candidate is not automatically a missing rule; source completeness remains in the linked book audit.
aitc.pray-failure,aitc,Pray — Failure,7,5,d6,3,oracle:aitc.pray-failure,"[""aitc.pray-failure""]",False,True,True,True,single table,True,True,True,False,False,1,oracle:aitc.pray-failure,1,VERIFIED,,0,[],0,[],0,False,"[""aitc-aitc-pray-failure""]",Entry fragments are readable. Any metadata listed as a candidate is not automatically a missing rule; source completeness remains in the linked book audit.
aitc.stash-weak,aitc,Stash Item — Weak Hit,8,6,d6,3,oracle:aitc.stash-weak,"[""aitc.stash-weak""]",False,True,True,True,single table,True,True,True,False,False,1,oracle:aitc.stash-weak,1,VERIFIED,,0,[],0,[],0,True,"[""aitc-aitc-stash-weak""]",Entry fragments are readable. Any metadata listed as a candidate is not automatically a missing rule; source completeness remains in the linked book audit.
aitc.animals,aitc,Animals,8,6,d8,8,oracle:aitc.animals,"[""aitc.animals""]",False,True,True,True,single table,True,True,True,False,False,1,oracle:aitc.animals,1,VERIFIED,,0,[],0,[],0,True,"[""aitc-aitc-animals"", ""aitc-lookup-spider-owl""]",Entry fragments are readable. Any metadata listed as a candidate is not automatically a missing rule; source completeness remains in the linked book audit.
aitc.civic-buildings,aitc,Civic Buildings,8,6,d6,6,oracle:aitc.civic-buildings,"[""aitc.civic-buildings""]",False,True,True,True,single table,True,True,True,False,False,1,oracle:aitc.civic-buildings,1,VERIFIED,,0,[],0,[],0,False,"[""aitc-aitc-civic-buildings""]","Most conditional metadata repeats full row text (guards, rolls, tests and consequences). Not counted as four missing effects. Artifact branch inspection is a separate related procedure."
aitc.city-gate-reaction,aitc,City Gate — Guards Reaction,8,6,d6,3,oracle:aitc.city-gate-reaction,"[""aitc.city-gate-reaction""]",False,True,True,True,single table,True,True,True,False,False,1,oracle:aitc.city-gate-reaction,1,VERIFIED,,0,[],0,[],0,True,"[""aitc-aitc-city-gate-reaction""]",Entry fragments are readable. Any metadata listed as a candidate is not automatically a missing rule; source completeness remains in the linked book audit.
aitc.festival-adjective,aitc,Festivals — Adjective,9,7,d10,10,oracle:aitc.festival-adjective,"[""aitc.festival-adjective""]",False,True,True,True,single table,True,True,True,False,False,1,oracle:aitc.festival-adjective,1,VERIFIED,,0,[],0,[],0,False,"[""aitc-aitc-festival-adjective""]",Entry fragments are readable. Any metadata listed as a candidate is not automatically a missing rule; source completeness remains in the linked book audit.
aitc.festival-subject,aitc,Festivals — Subject,9,7,d10,10,oracle:aitc.festival-subject,"[""aitc.festival-subject""]",False,True,True,True,single table,True,True,True,False,False,1,oracle:aitc.festival-subject,1,VERIFIED,,0,[],0,[],0,False,"[""aitc-aitc-festival-subject""]",Entry fragments are readable. Any metadata listed as a candidate is not automatically a missing rule; source completeness remains in the linked book audit.
aitc.gatherings,aitc,Gatherings,9,7,d6,6,oracle:aitc.gatherings,"[""aitc.gatherings""]",False,True,True,True,single table,True,True,True,False,False,1,oracle:aitc.gatherings,1,VERIFIED,,0,[],0,[],0,False,"[""aitc-aitc-gatherings""]",Conditional metadata repeats win/festival/riot consequences already in full row text; not counted as missing effects.
aitc.funeral-mourners,aitc,Gatherings — Funeral Mourners,9,7,d2,2,oracle:aitc.funeral-mourners,"[""aitc.funeral-mourners""]",False,True,True,True,single table,True,True,True,False,False,1,oracle:aitc.funeral-mourners,1,VERIFIED,,0,[],0,[],0,False,"[""aitc-aitc-funeral-mourners""]",Entry fragments are readable. Any metadata listed as a candidate is not automatically a missing rule; source completeness remains in the linked book audit.
aitc.contest,aitc,Gatherings — Contest,9,7,d4,4,oracle:aitc.contest,"[""aitc.contest""]",False,True,True,True,single table,True,True,True,False,False,1,oracle:aitc.contest,1,VERIFIED,,0,[],0,[],0,True,"[""aitc-aitc-contest""]",Entry fragments are readable. Any metadata listed as a candidate is not automatically a missing rule; source completeness remains in the linked book audit.
aitc.spectacle,aitc,Gatherings — Spectacle,9,7,d4,4,oracle:aitc.spectacle,"[""aitc.spectacle""]",False,True,True,True,single table,True,True,True,False,False,1,oracle:aitc.spectacle,1,VERIFIED,,0,[],0,[],0,True,"[""aitc-aitc-spectacle""]",Entry fragments are readable. Any metadata listed as a candidate is not automatically a missing rule; source completeness remains in the linked book audit.
aitc.riot-complication,aitc,Gatherings — Riot Complication,9,7,d2,2,oracle:aitc.riot-complication,"[""aitc.riot-complication""]",False,True,True,True,single table,True,True,True,False,False,1,oracle:aitc.riot-complication,1,VERIFIED,,0,[],0,[],0,True,"[""aitc-aitc-riot-complication""]",Entry fragments are readable. Any metadata listed as a candidate is not automatically a missing rule; source completeness remains in the linked book audit.
aitc.hazards,aitc,Hazards,10,8,d6,6,oracle:aitc.hazards,"[""aitc.hazards""]",False,True,True,True,single table,True,True,True,False,False,1,oracle:aitc.hazards,1,VERIFIED,,0,[],0,[],0,False,"[""aitc-aitc-hazards""]",Carriage looting repeats/Searching condition is already in full row text; not counted as a missing effect.
aitc.holy-places-small,aitc,Holy Places — Villages and Smaller,10,8,d4,4,oracle:aitc.holy-places-small,"[""aitc.holy-places-small""]",False,True,True,True,single table,True,True,True,False,False,1,oracle:aitc.holy-places-small,1,VERIFIED,,4,"[""conditional""]",0,[],0,True,"[""aitc-aitc-holy-places-small""]",Row-only TABLE lacks the staffed-place conditional reminder; ROLL appends conditional. Full common guidance is table.description and is not displayed inside TABLE.
aitc.holy-places-large,aitc,Holy Places — Cities and Larger,10,8,d6,6,oracle:aitc.holy-places-large,"[""aitc.holy-places-large""]",False,True,True,True,single table,True,True,True,False,False,1,oracle:aitc.holy-places-large,1,VERIFIED,,6,"[""conditional""]",0,[],0,True,"[""aitc-aitc-holy-places-large""]",Row-only TABLE lacks the staffed-place conditional reminder; ROLL appends conditional. Cathedral vault dice remain visible in entry.text.
aitc.interior-hovel,aitc,Interior Locations — Hovel,10,8,d4,4,oracle:aitc.interior-hovel,"[""aitc.interior-hovel""]",False,True,True,True,single table,True,True,True,False,False,1,oracle:aitc.interior-hovel,1,VERIFIED,,0,[],0,[],0,True,"[""aitc-aitc-interior-hovel""]",Entry fragments are readable. Any metadata listed as a candidate is not automatically a missing rule; source completeness remains in the linked book audit.
aitc.interior-townhouse,aitc,Interior Locations — Townhouse,10,8,d8,8,oracle:aitc.interior-townhouse,"[""aitc.interior-townhouse""]",False,True,True,True,single table,True,True,True,False,False,1,oracle:aitc.interior-townhouse,1,VERIFIED,,0,[],0,[],0,True,"[""aitc-aitc-interior-townhouse""]",Entry fragments are readable. Any metadata listed as a candidate is not automatically a missing rule; source completeness remains in the linked book audit.
aitc.interior-mansion,aitc,Interior Locations — Mansion,10,8,d12,12,oracle:aitc.interior-mansion,"[""aitc.interior-mansion""]",False,True,True,True,single table,True,True,True,False,False,1,oracle:aitc.interior-mansion,1,VERIFIED,,0,[],0,[],0,True,"[""aitc-aitc-interior-mansion""]",Entry fragments are readable. Any metadata listed as a candidate is not automatically a missing rule; source completeness remains in the linked book audit.
aitc.merchant-disposition,aitc,Merchant Dispositions,10,8,2d6+Presence,6,oracle:aitc.merchant-disposition,"[""aitc.merchant-disposition""]",False,True,False,False,single table,True,True,True,False,False,1,oracle:aitc.merchant-disposition,1,VERIFIED,"Reference table requiring a character modifier. 12 is the lower boundary of the open-ended 12+ band, not a capped result. No fabricated weighting or modifier is applied.",0,[],0,[],0,True,"[""aitc-aitc-merchant-disposition""]",Entry fragments are readable. Any metadata listed as a candidate is not automatically a missing rule; source completeness remains in the linked book audit. Automatic roll is deliberately blocked; see nonRollableReason. This alone is not a defective table.
aitc.notable-artefact-type,aitc,Notable Artefacts — Type,11,9,d4,4,oracle:aitc.notable-artefact-type,"[""aitc.notable-artefact-type""]",False,True,True,True,single table,True,True,True,False,False,1,oracle:aitc.notable-artefact-type,1,VERIFIED,,2,"[""effectRule""]",0,[],0,True,"[""aitc-aitc-notable-artefact-type"", ""aitc-artefact-generation""]","Picture/sculpture operational effectRule is absent from TABLE. ROLL uses the source-specific artifact branch and oracleReadingText, which include these rules."
aitc.notable-artefact-concerning,aitc,Notable Artefacts — Book/Manuscript Concerning,11,9,d12,12,oracle:aitc.notable-artefact-concerning,"[""aitc.notable-artefact-concerning""]",False,True,True,True,single table,True,True,True,False,False,1,oracle:aitc.notable-artefact-concerning,1,VERIFIED,,0,[],0,[],0,True,"[""aitc-aitc-notable-artefact-concerning"", ""aitc-artefact-generation""]",Entry fragments are readable. Any metadata listed as a candidate is not automatically a missing rule; source completeness remains in the linked book audit.
aitc.notable-artefact-composition,aitc,Notable Artefacts — Depicting Composition,11,9,d12,12,oracle:aitc.notable-artefact-composition,"[""aitc.notable-artefact-composition""]",False,True,True,True,single table,True,True,True,False,False,1,oracle:aitc.notable-artefact-composition,1,VERIFIED,,0,[],0,[],0,True,"[""aitc-aitc-notable-artefact-composition""]",Entry fragments are readable. Any metadata listed as a candidate is not automatically a missing rule; source completeness remains in the linked book audit.
aitc.notable-artefact-adjective,aitc,Notable Artefacts — Depicting Descriptor,11,9,d12,12,oracle:aitc.notable-artefact-adjective,"[""aitc.notable-artefact-adjective""]",False,True,True,True,single table,True,True,True,False,False,1,oracle:aitc.notable-artefact-adjective,1,VERIFIED,,0,[],0,[],0,True,"[""aitc-aitc-notable-artefact-adjective""]",Entry fragments are readable. Any metadata listed as a candidate is not automatically a missing rule; source completeness remains in the linked book audit.
aitc.notable-artefact-subject,aitc,Notable Artefacts — Depicting Subject / Effect,11,9,d12,12,oracle:aitc.notable-artefact-subject,"[""aitc.notable-artefact-subject""]",False,True,True,True,single table,True,True,True,False,False,1,oracle:aitc.notable-artefact-subject,1,VERIFIED,,0,[],0,[],0,True,"[""aitc-aitc-notable-artefact-subject"", ""aitc-artefact-generation""]",Entry fragments are readable. Any metadata listed as a candidate is not automatically a missing rule; source completeness remains in the linked book audit.
aitc.sculpture-size,aitc,Notable Artefacts — Sculpture Size,11,9,d2,2,oracle:aitc.sculpture-size,"[""aitc.sculpture-size""]",False,True,True,True,single table,True,True,True,False,False,1,oracle:aitc.sculpture-size,1,VERIFIED,,0,[],0,[],0,True,"[""aitc-aitc-sculpture-size"", ""aitc-artefact-generation""]",Entry fragments are readable. Any metadata listed as a candidate is not automatically a missing rule; source completeness remains in the linked book audit.
aitc.settlement-descriptor,aitc,Settlement Descriptor,11,9,d20,20,oracle:aitc.settlement-descriptor,"[""aitc.settlement-descriptor""]",False,True,True,True,single table,True,True,True,False,False,1,oracle:aitc.settlement-descriptor,1,VERIFIED,,0,[],0,[],0,False,"[""aitc-aitc-settlement-descriptor"", ""aitc-settlement-generation""]",Entry fragments are readable. Any metadata listed as a candidate is not automatically a missing rule; source completeness remains in the linked book audit.
aitc.settlement-name-prefix,aitc,Settlement Name — Prefix,12,10,d66,36,oracle:aitc.settlement-name-prefix,"[""aitc.settlement-name-prefix""]",False,True,True,True,single table,True,True,True,False,False,1,oracle:aitc.settlement-name-prefix,1,VERIFIED,,0,[],0,[],0,False,"[""aitc-aitc-settlement-name-prefix"", ""aitc-settlement-generation""]",Entry fragments are readable. Any metadata listed as a candidate is not automatically a missing rule; source completeness remains in the linked book audit.
aitc.settlement-name-suffix,aitc,Settlement Name — Suffix,12,10,d66,36,oracle:aitc.settlement-name-suffix,"[""aitc.settlement-name-suffix""]",False,True,True,True,single table,True,True,True,False,False,1,oracle:aitc.settlement-name-suffix,1,VERIFIED,,0,[],0,[],0,False,"[""aitc-aitc-settlement-name-suffix"", ""aitc-settlement-generation""]",Entry fragments are readable. Any metadata listed as a candidate is not automatically a missing rule; source completeness remains in the linked book audit.
aitc.settlement-size,aitc,Settlement Size,12,10,d20,6,oracle:aitc.settlement-size,"[""aitc.settlement-size""]",False,True,True,True,single table,True,True,True,False,False,1,oracle:aitc.settlement-size,1,VERIFIED,,0,[],0,[],0,True,"[""aitc-aitc-settlement-size"", ""aitc-settlement-generation""]",Entry fragments are readable. Any metadata listed as a candidate is not automatically a missing rule; source completeness remains in the linked book audit.
aitc.special-structures-small,aitc,Special Structures — Villages and Smaller,12,10,d4,2,oracle:aitc.special-structures-small,"[""aitc.special-structures-small""]",False,True,True,True,single table,True,True,True,False,False,1,oracle:aitc.special-structures-small,1,VERIFIED,,1,"[""condition""]",0,[],0,True,"[""aitc-aitc-special-structures-small""]",Holy Place branch context is omitted from TABLE; ROLL includes condition. Market repeat d4 is already in entry.text.
aitc.special-structures-large,aitc,Special Structures — Towns and Larger,12,10,d6,3,oracle:aitc.special-structures-large,"[""aitc.special-structures-large""]",False,True,True,True,single table,True,True,True,False,False,1,oracle:aitc.special-structures-large,1,VERIFIED,,1,"[""condition""]",0,[],0,True,"[""aitc-aitc-special-structures-large""]",Holy Place branch context is omitted from TABLE; ROLL includes condition. Market repeat d4 is already in entry.text.
aitc.taverns,aitc,Taverns,13,11,d4,4,oracle:aitc.taverns,"[""aitc.taverns""]",False,True,True,True,single table,True,True,True,False,False,1,oracle:aitc.taverns,1,VERIFIED,,0,[],0,[],0,True,"[""aitc-aitc-taverns""]",Entry fragments are readable. Any metadata listed as a candidate is not automatically a missing rule; source completeness remains in the linked book audit.
aitc.unexpected-events,aitc,Unexpected Events,13,11,d6,6,oracle:aitc.unexpected-events,"[""aitc.unexpected-events""]",False,True,True,True,single table,True,True,True,False,False,1,oracle:aitc.unexpected-events,1,VERIFIED,,0,[],0,[],0,False,"[""aitc-aitc-unexpected-events""]","Lucky-dip count, price and Searching modifier are already in row text; not counted as a missing effect."
aitc.falling-object,aitc,Unexpected Events — Falling Object,13,11,d4,4,oracle:aitc.falling-object,"[""aitc.falling-object""]",False,True,True,True,single table,True,True,True,False,False,1,oracle:aitc.falling-object,1,VERIFIED,,0,[],0,[],0,True,"[""aitc-aitc-falling-object""]",Entry fragments are readable. Any metadata listed as a candidate is not automatically a missing rule; source completeness remains in the linked book audit.
aitc.hunting-party,aitc,Unexpected Events — Hunting Party,13,11,d2,2,oracle:aitc.hunting-party,"[""aitc.hunting-party""]",False,True,True,True,single table,True,True,True,False,False,1,oracle:aitc.hunting-party,1,VERIFIED,,0,[],0,[],0,True,"[""aitc-aitc-hunting-party""]",Entry fragments are readable. Any metadata listed as a candidate is not automatically a missing rule; source completeness remains in the linked book audit.
aitc.businesses,aitc,Businesses,14,12,d20,20,oracle:aitc.businesses,"[""aitc.businesses""]",False,True,True,True,single table,True,True,True,False,False,1,oracle:aitc.businesses,1,VERIFIED,,0,[],0,[],0,True,"[""aitc-aitc-businesses"", ""aitc-item-accursed-rhubarb"", ""aitc-item-algae-flakes"", ""aitc-item-aqua-vitae"", ""aitc-item-berserker-s-honey"", ""aitc-item-bone-saw"", ""aitc-item-defixione"", ""aitc-item-dried-mushrooms"", ""aitc-item-embalming-fluid"", ""aitc-item-horse-powder"", ""aitc-item-pick-me-up"", ""aitc-item-poppet"", ""aitc-item-uric-vigour"", ""heretic:blackpowder-rule""]",Entry fragments are readable. Any metadata listed as a candidate is not automatically a missing rule; source completeness remains in the linked book audit.
aitc.npc-encounters,aitc,NPC Encounters,"[15, 16]",13–14,d66,31,oracle:aitc.npc-encounters,"[""aitc.npc-encounters""]",False,True,True,True,single table,True,True,True,False,False,1,oracle:aitc.npc-encounters,1,VERIFIED,,0,[],0,[],0,True,"[""aitc-aitc-npc-encounters"", ""aitc-default-npc-stats"", ""aitc-lookup-assassin"", ""aitc-lookup-fugitive"", ""aitc-lookup-guards"", ""aitc-lookup-hard-case"", ""aitc-lookup-soldier""]",The hireling reaction and daily Morale condition are already in row text. Named child tables remain a separate related-link flow.
aitc.npc-musician,aitc,NPC Encounter 13 — Musician,15,13,d4,4,oracle:aitc.npc-musician,"[""aitc.npc-musician""]",False,True,True,True,single table,True,True,True,False,False,1,oracle:aitc.npc-musician,1,VERIFIED,,0,[],0,[],0,False,"[""aitc-aitc-npc-musician""]",Entry fragments are readable. Any metadata listed as a candidate is not automatically a missing rule; source completeness remains in the linked book audit.
aitc.npc-cursed-toy,aitc,NPC Encounter 14 — Cursed Toy,15,13,d4,4,oracle:aitc.npc-cursed-toy,"[""aitc.npc-cursed-toy""]",False,True,True,True,single table,True,True,True,False,False,1,oracle:aitc.npc-cursed-toy,1,VERIFIED,,0,[],0,[],0,True,"[""aitc-aitc-npc-cursed-toy"", ""aitc-item-cursed-toys""]",Entry fragments are readable. Any metadata listed as a candidate is not automatically a missing rule; source completeness remains in the linked book audit.
aitc.npc-prophet,aitc,NPC Encounter 15 — Prophet,15,13,d6,3,oracle:aitc.npc-prophet,"[""aitc.npc-prophet""]",False,True,True,True,single table,True,True,True,False,False,1,oracle:aitc.npc-prophet,1,VERIFIED,,0,[],0,[],0,True,"[""aitc-aitc-npc-prophet""]",Entry fragments are readable. Any metadata listed as a candidate is not automatically a missing rule; source completeness remains in the linked book audit.
aitc.npc-soldier,aitc,NPC Encounter 23 — Soldier Reaction Modifier,15,13,d4,4,oracle:aitc.npc-soldier,"[""aitc.npc-soldier""]",False,True,True,True,single table,True,True,True,False,False,1,oracle:aitc.npc-soldier,1,VERIFIED,,0,[],0,[],0,True,"[""aitc-aitc-npc-soldier""]",Entry fragments are readable. Any metadata listed as a candidate is not automatically a missing rule; source completeness remains in the linked book audit.
aitc.npc-beggar,aitc,NPC Encounter 24 — Beggar,15,13,d4,3,oracle:aitc.npc-beggar,"[""aitc.npc-beggar""]",False,True,True,True,single table,True,True,True,False,False,1,oracle:aitc.npc-beggar,1,VERIFIED,,0,[],0,[],0,True,"[""aitc-aitc-npc-beggar""]",Entry fragments are readable. Any metadata listed as a candidate is not automatically a missing rule; source completeness remains in the linked book audit.
aitc.npc-wound,aitc,NPC Encounter 26 — Wounded Person,15,13,d4,4,oracle:aitc.npc-wound,"[""aitc.npc-wound""]",False,True,True,True,single table,True,True,True,False,False,1,oracle:aitc.npc-wound,1,VERIFIED,,0,[],0,[],0,True,"[""aitc-aitc-npc-wound""]",Entry fragments are readable. Any metadata listed as a candidate is not automatically a missing rule; source completeness remains in the linked book audit.
aitc.npc-servant,aitc,NPC Encounter 45 — Servant,16,14,d2,2,oracle:aitc.npc-servant,"[""aitc.npc-servant""]",False,True,True,True,single table,True,True,True,False,False,1,oracle:aitc.npc-servant,1,VERIFIED,,0,[],0,[],0,True,"[""aitc-aitc-npc-servant""]",Entry fragments are readable. Any metadata listed as a candidate is not automatically a missing rule; source completeness remains in the linked book audit.
aitc.npc-mugger,aitc,NPC Encounter 46 — Mugger,16,14,d2,2,oracle:aitc.npc-mugger,"[""aitc.npc-mugger""]",False,True,True,True,single table,True,True,True,False,False,1,oracle:aitc.npc-mugger,1,VERIFIED,,0,[],0,[],0,False,"[""aitc-aitc-npc-mugger""]",Entry fragments are readable. Any metadata listed as a candidate is not automatically a missing rule; source completeness remains in the linked book audit.
aitc.npc-pilgrim,aitc,NPC Encounter 51 — Pilgrim,16,14,d2,2,oracle:aitc.npc-pilgrim,"[""aitc.npc-pilgrim""]",False,True,True,True,single table,True,True,True,False,False,1,oracle:aitc.npc-pilgrim,1,VERIFIED,,0,[],0,[],0,False,"[""aitc-aitc-npc-pilgrim""]",Entry fragments are readable. Any metadata listed as a candidate is not automatically a missing rule; source completeness remains in the linked book audit.
aitc.npc-imp,aitc,NPC Encounter 53 — Demonologist’s Imp,16,14,d4,4,oracle:aitc.npc-imp,"[""aitc.npc-imp""]",False,True,True,True,single table,True,True,True,False,False,1,oracle:aitc.npc-imp,1,VERIFIED,,0,[],0,[],0,True,"[""aitc-aitc-npc-imp""]",Entry fragments are readable. Any metadata listed as a candidate is not automatically a missing rule; source completeness remains in the linked book audit.
aitc.npc-fence-weapon,aitc,NPC Encounter 55 — Fence Weapon,16,14,d4,3,oracle:aitc.npc-fence-weapon,"[""aitc.npc-fence-weapon""]",False,True,True,True,single table,True,True,True,False,False,1,oracle:aitc.npc-fence-weapon,1,VERIFIED,,0,[],0,[],0,True,"[""aitc-aitc-npc-fence-weapon""]",Entry fragments are readable. Any metadata listed as a candidate is not automatically a missing rule; source completeness remains in the linked book audit.
aitc.npc-poet,aitc,NPC Encounter 56 — Poet,16,14,d4,4,oracle:aitc.npc-poet,"[""aitc.npc-poet""]",False,True,True,True,single table,True,True,True,False,False,1,oracle:aitc.npc-poet,1,VERIFIED,,0,[],0,[],0,True,"[""aitc-aitc-npc-poet""]",Entry fragments are readable. Any metadata listed as a candidate is not automatically a missing rule; source completeness remains in the linked book audit.
aitc.npc-armour,aitc,NPC Encounters — Default Armour,16,14,d2,2,oracle:aitc.npc-armour,"[""aitc.npc-armour""]",False,True,True,True,single table,True,True,True,False,False,1,oracle:aitc.npc-armour,1,VERIFIED,,0,[],0,[],0,True,"[""aitc-aitc-npc-armour"", ""aitc-default-npc-stats""]",Entry fragments are readable. Any metadata listed as a candidate is not automatically a missing rule; source completeness remains in the linked book audit.
aitc.npc-damage,aitc,NPC Encounters — Default Damage,16,14,d4,3,oracle:aitc.npc-damage,"[""aitc.npc-damage""]",False,True,True,True,single table,True,True,True,False,False,1,oracle:aitc.npc-damage,1,VERIFIED,,0,[],0,[],0,True,"[""aitc-aitc-npc-damage"", ""aitc-default-npc-stats""]",Entry fragments are readable. Any metadata listed as a candidate is not automatically a missing rule; source completeness remains in the linked book audit.
aitc.street-adjective,aitc,Street Adjective,17,15,d20,20,oracle:aitc.street-adjective,"[""aitc.street-adjective""]",False,True,True,True,single table,True,True,True,False,False,1,oracle:aitc.street-adjective,1,VERIFIED,,0,[],0,[],0,False,"[""aitc-aitc-street-adjective"", ""aitc-street-generation""]",Entry fragments are readable. Any metadata listed as a candidate is not automatically a missing rule; source completeness remains in the linked book audit.
aitc.street-type,aitc,Street Type,17,15,d12,12,oracle:aitc.street-type,"[""aitc.street-type""]",False,True,True,True,single table,True,True,True,False,False,1,oracle:aitc.street-type,1,VERIFIED,,0,[],0,[],0,False,"[""aitc-aitc-street-type"", ""aitc-street-generation""]",Entry fragments are readable. Any metadata listed as a candidate is not automatically a missing rule; source completeness remains in the linked book audit.
aitc.street-exits,aitc,Street Exits,17,15,d4,4,oracle:aitc.street-exits,"[""aitc.street-exits""]",False,True,True,True,single table,True,True,True,False,False,1,oracle:aitc.street-exits,1,VERIFIED,,0,[],0,[],0,False,"[""aitc-aitc-street-exits"", ""aitc-street-generation""]",Entry fragments are readable. Any metadata listed as a candidate is not automatically a missing rule; source completeness remains in the linked book audit.
aitc.street-contents,aitc,Street Contents,17,15,d12,11,oracle:aitc.street-contents,"[""aitc.street-contents""]",False,True,True,True,single table,True,True,True,False,False,1,oracle:aitc.street-contents,1,VERIFIED,,1,"[""conditional""]",0,[],0,True,"[""aitc-aitc-street-contents"", ""aitc-street-generation""]","Settlement-size choice for Special Structure is only conditional metadata. TABLE omits it; ROLL includes it. The source d2 content count is a procedure, not the table die."
aitc.backtracking,aitc,Backtracking,17,15,d8,3,oracle:aitc.backtracking,"[""aitc.backtracking""]",False,True,True,True,single table,True,True,True,False,False,1,oracle:aitc.backtracking,1,VERIFIED,,0,[],0,[],0,True,"[""aitc-aitc-backtracking""]",Entry fragments are readable. Any metadata listed as a candidate is not automatically a missing rule; source completeness remains in the linked book audit.
feretory.hunting.tveland,feretory,Eat Prey Kill · Tveland,[14],12,d6,6,oracle:feretory.hunting.tveland,"[""feretory.hunting.tveland""]",False,True,True,True,single table,True,True,True,False,False,1,oracle:feretory.hunting.tveland,1,VERIFIED,,0,[],0,[],0,False,"[""feretory:epk-regional-access""]",Entry fragments are readable. Any metadata listed as a candidate is not automatically a missing rule; source completeness remains in the linked book audit.
feretory.hunting.sarkash,feretory,Eat Prey Kill · Sarkash,[15],13,d6,6,oracle:feretory.hunting.sarkash,"[""feretory.hunting.sarkash""]",False,True,True,True,single table,True,True,True,False,False,1,oracle:feretory.hunting.sarkash,1,VERIFIED,,0,[],0,[],0,False,"[""feretory:epk-regional-access""]",Entry fragments are readable. Any metadata listed as a candidate is not automatically a missing rule; source completeness remains in the linked book audit.
feretory.hunting.gravenTosk,feretory,Eat Prey Kill · Graven-Tosk,[16],14,d6,6,oracle:feretory.hunting.gravenTosk,"[""feretory.hunting.gravenTosk""]",False,True,True,True,single table,True,True,True,False,False,1,oracle:feretory.hunting.gravenTosk,1,VERIFIED,,0,[],0,[],0,False,"[""feretory:epk-regional-access""]",Entry fragments are readable. Any metadata listed as a candidate is not automatically a missing rule; source completeness remains in the linked book audit.
feretory.hunting.grift,feretory,Eat Prey Kill · Grift,[17],15,d6,6,oracle:feretory.hunting.grift,"[""feretory.hunting.grift""]",False,True,True,True,single table,True,True,True,False,False,1,oracle:feretory.hunting.grift,1,VERIFIED,,0,[],0,[],0,False,"[""feretory:epk-regional-access""]",Entry fragments are readable. Any metadata listed as a candidate is not automatically a missing rule; source completeness remains in the linked book audit.
feretory.hunting.kergus,feretory,Eat Prey Kill · Kergüs,[18],16,d6,6,oracle:feretory.hunting.kergus,"[""feretory.hunting.kergus""]",False,True,True,True,single table,True,True,True,False,False,1,oracle:feretory.hunting.kergus,1,VERIFIED,,0,[],0,[],0,False,"[""feretory:epk-regional-access""]",Entry fragments are readable. Any metadata listed as a candidate is not automatically a missing rule; source completeness remains in the linked book audit.
feretory.hunting.wastland,feretory,Eat Prey Kill · Wästland,[19],17,d6,6,oracle:feretory.hunting.wastland,"[""feretory.hunting.wastland""]",False,True,True,True,single table,True,True,True,False,False,1,oracle:feretory.hunting.wastland,1,VERIFIED,,0,[],0,[],0,False,"[""feretory:epk-regional-access""]",Entry fragments are readable. Any metadata listed as a candidate is not automatically a missing rule; source completeness remains in the linked book audit.
feretory.hunting.lakeOnda,feretory,Eat Prey Kill · Lake Onda,[20],18,d6,6,oracle:feretory.hunting.lakeOnda,"[""feretory.hunting.lakeOnda""]",False,True,True,True,single table,True,True,True,False,False,1,oracle:feretory.hunting.lakeOnda,1,VERIFIED,,0,[],0,[],0,False,"[""feretory:epk-regional-access""]",Entry fragments are readable. Any metadata listed as a candidate is not automatically a missing rule; source completeness remains in the linked book audit.
feretory.hunting.valley,feretory,Eat Prey Kill · Valley of the Unfortunate Undead,[21],19,d6,6,oracle:feretory.hunting.valley,"[""feretory.hunting.valley""]",False,True,True,True,single table,True,True,True,False,False,1,oracle:feretory.hunting.valley,1,VERIFIED,,0,[],0,[],0,False,"[""feretory:epk-regional-access""]",Entry fragments are readable. Any metadata listed as a candidate is not automatically a missing rule; source completeness remains in the linked book audit.
feretory.hunting.bergen,feretory,Eat Prey Kill · Bergen Chrypt,"[22, 23]",20–21,d6,6,oracle:feretory.hunting.bergen,"[""feretory.hunting.bergen""]",False,True,True,True,single table,True,True,True,False,False,1,oracle:feretory.hunting.bergen,1,VERIFIED,,0,[],0,[],0,False,"[""feretory:epk-regional-access""]",Entry fragments are readable. Any metadata listed as a candidate is not automatically a missing rule; source completeness remains in the linked book audit.
feretory.campsite.campDream,feretory,All dream of,9,7,d6,6,oracle:feretory.campsite.campDream,"[""feretory.campsite.campDream""]",False,True,True,True,single table,True,True,True,False,False,1,oracle:feretory.campsite.campDream,1,VERIFIED,,0,[],0,[],0,False,[],Entry fragments are readable. Any metadata listed as a candidate is not automatically a missing rule; source completeness remains in the linked book audit.
